customer_tweet_id,company_tweet_id,customer_text,company_text,created_at,is_dm_deflect,substantive
2081952,2081951,is manage my booking down? Need to check in for flight,"Sorry for the late reply, Bev. We're not aware of any issues online. If you can't check in, our staff at the airport will be able to help.",Tue Oct 10 15:06:22 +0000 2017,False,True
1572509,1572507,"Last Friday BA0172 Boarding chaos Breakfast , just a malt loaf bar? 1 case never made the flight Won't use BA again,poor!",about the boarding of the flight and catering to our Customer Experience team. Have you now received your delayed bag? ^Kev 2/2,Sat Nov 04 00:53:18 +0000 2017,False,True
2171993,2171991,Well thanks 👌🏼👌🏼 that’s all I wanted when the seats are pretty much gone 😒🙄,"We're sorry you've been unable to select your seat, Charlotte. How long is it before your flight? ^Teresa",Fri Nov 03 21:21:03 +0000 2017,False,True
618712,618710,I’m flying to USA with your airline &amp; transits at London. Agent tells me there’s extra airport fees to go in/out Heathrow during layover. I thought airport fees r inclusive in fare? I don’t need visa to enter the UK,We recommend that you speak to your agent as they may have added their own terms and conditions to the ticket. We can't view them on our system. ^Julie,Wed Nov 22 11:08:44 +0000 2017,False,True
1533455,1533454,tell me how this works? You're coning us into thinking you have an actual sale. Explain the pictures to me. How do u go from R588 to R773 when I added nothing extra? 😒,"Hi, on the page you select your flights, we do advise the total price will be on the next page. We've reported this to our IT team in case there's a fault, however. ^Cecilia",Sat Nov 25 11:32:40 +0000 2017,False,True
676745,676746,Well why was it still being offered today? If you go into a shop and something has been incorrectly labelled that price is honoured. Not only do you want to charge me 3 times more... you still have the same offer today!,you to contact a BA representative to look into this and advise that the offer is no longer available and the online system can take time to update in accordance with availability. Your comments have already been fed back to our Customer Experience 2/3,Thu Nov 16 15:08:31 +0000 2017,False,True
567858,567857,Next stop Phoenix via LHR first time on in a couple of years lets see if their service and planes have improved #ba,"Hi Jim. We're looking forward to having you on board. It's been a while, but hopefully we can show you just how good our service can be. have a wonderful journey. ^Neil",Sat Dec 02 21:13:57 +0000 2017,False,True
350839,350838,What's your policy re cash purchases of air tickets. Is it a no no these days?,"Hi Deirdre, most of our ticket desks don't take cash any longer. If you wanted to pay this way, you'd need to do so through a travel agent.",Sun Oct 08 00:11:12 +0000 2017,False,True
1546494,1546493,Another great flight from JFK on the 178. Sophie was great and kept my wine topped up!!! Food tasty as well!!,"Thanks for the great feedback, we'll be sure to pass on your comments. ^Teresa",Fri Nov 03 20:12:25 +0000 2017,False,True
1966826,1966827,my family were overwhelmed with your staff &amp; hospitality Manch to Billund. Outstanding service for such a short flight! 😙,"you ever need any assistance or reassurance again, please don't hesitate to get back in touch with us. 2/2 ^Sophie",Tue Oct 31 08:39:17 +0000 2017,False,True
654602,654601,Another horrific service experience,further training will be provided where required. Please accept our apologies for letting you down on this occasion. 2/2 ^L,Thu Oct 05 07:25:58 +0000 2017,False,True
1827116,1827115,"Hey BA. Can you please deal with my query (Incident: 170914-001563), its been over a month since your initial response!","Hi Michael, please accept our apologies for the delay. You should have received an email this morning from our Customer Relations team. ^L",Sun Oct 15 15:15:30 +0000 2017,False,True
535906,535905,I’m 16 years old and my brother is 15. Can we travel from Greece to the UK alone? Is the British Border Control going to allow us enter the UK without our parents being present?,"Hi, Alex. 12 - 18 year olds can travel independently. So you will both be fine. ^Pip",Sat Dec 02 07:48:40 +0000 2017,False,True
745229,745233,"Tried again and again since last tweet to pay for💺,unavailable. Told not to worry as ✈️ not full. Checked in online, stuck against bulkhead","with our staff at the airport. I'm sure they'll assist, if they can. Many thanks. ^Lisa 2/2",Fri Oct 13 06:36:21 +0000 2017,False,True
2437227,2437226,Many congratulations to passengers and staff for making the world a better place from all of us #BAFlyingStart,"Hi Graham. Thanks for your message. I think Flying Start is an amazing cause, especially where everyone benefits. ^N",Tue Nov 14 19:55:40 +0000 2017,False,True
822329,822327,"Many thanks to for the upgrade; much appreciated! First long-haul since May, for obvious reasons.","We're glad to have been able to help out, Dave. Let us know how you all got on. ^SR",Thu Oct 12 21:16:02 +0000 2017,False,True
2063368,2063367,what is your on time % 30 mins late so far and no sign of boarding BA2762,We're sorry your flight was delayed. We hope you didn't arrive too late. We're afraid we're unable to give you this statistic.^DaniH,Fri Oct 06 15:04:16 +0000 2017,False,True
1173332,1173331,“It’s the best job in the world!” and meeting children as they leave for US with,"Hi Ryan, thanks for sharing! We hope you'll be joining us on board soon! ^L",Sun Oct 15 12:20:18 +0000 2017,False,True
1736882,1736881,"seat 20G BA55 More like Piccadilly Circus. 120 PAX, access to 1 section toilet, 58 PAX crawling over my lap for 11hrs to it","I'm sorry to hear that, Ross. I've passed this to our Management team as feedback. ^Marie",Tue Nov 07 07:10:05 +0000 2017,False,True
27528,27530,I’m sorry but this happens too often &amp; I don’t believe BA have any loyalty. You’re just a number to fill seats and status means nothing.,contact number? We can then create a Customer Relations case for you. Thanks. ^Jane 2/2,Wed Nov 01 10:28:17 +0000 2017,False,True
1130024,1216495,"20/10 - BA4078 and the return flight BA0485 - 22/10. Not happy with this, overpriced for service and missed a family birthday due to delay.","We're sorry to hear you missed a birthday because you were delayed, Ash. We've passed on all your comments to improve our service. ^A",Tue Oct 24 23:08:13 +0000 2017,False,True
873002,873004,Hi Anthony it seems I was trying to do it too early! It's the flight to Toronto on Sunday at 5pm so I'll try tomorrow! Thank you! :),"No problem, Becky! Let us know if you need anything in future and we hope you have a great flight ^Al.",Fri Oct 13 15:54:12 +0000 2017,False,True
2213861,2213860,do you opperate Iberia express checks in at Gatwick?,"We don't I'm afraid, you'd need to contact Iberia directly. Many thanks. ^Lisa",Sun Nov 19 02:07:18 +0000 2017,False,True
836560,836561,? Customer service Sucks 15 Days and counting maybe contra charge is the way forward,"We understand this must be extremely frustrating. We've escalated this for you, and shall be in touch soon. Many thanks for your ongoing 1/2",Fri Oct 13 06:45:22 +0000 2017,False,True
1450737,1450738,"BA4461 DUB/LCY 17Oct is this likely to be Canx as all inbounds to DUB today are Canx , need to make alternatives if canx",We're sorry for the delay in responding Robert. This flight is still scheduled to go. Any changes to this will be communicated to you. 1/2,Mon Oct 16 12:42:34 +0000 2017,False,True
1728802,1729771,"If there are bedbugs on the flight, will the customer service line drop the call because it's too busy?","Hi Eric, you can contact us via Twitter and we can see if we can help. We're here 24/7! ^Marie",Tue Nov 07 10:59:15 +0000 2017,False,True
122523,122522,"Hey BA, this is my friend and I'm so disappointed the issue has been resolved this way.","Hi Angella, we'll be reaching out to your friend about this. I'm afraid we can't discuss her case with anyone else. ^Kimbers",Thu Nov 23 22:26:25 +0000 2017,False,True
1987630,1987631,Can't believe that BA is not part of TSA...or so was advised by your staff at FLL Nov 25th... interested to know if so or just employees laysiness,"Hi Giuseppe, we're sorry for any inconvenience you experienced due to the miscommunication. Are your referring to the fast track scheme that allows some travelers to get through immigration quicker?",Sun Nov 26 09:43:46 +0000 2017,False,True
2741589,2741591,"ha ha. That be a tailspin, I take it? 😊","Hi there. Do you not mean a tail fin? You could try and wing it, but keep you feet firmly on the ground. ^N",Mon Nov 20 18:25:13 +0000 2017,False,True
2552135,2552137,Credit where it’s due - thank you BA for quick and effective response. Sorted. Impressed.,"We're glad we could help, Tony. If you've any further questions, just let us know. ^Cody",Fri Nov 17 00:15:07 +0000 2017,False,True
900923,900925,So can I take that as BA will not be flying from Bristol to Malaga next May .... because it is not currently showing ???,It's a weekly flight that starts Saturday 19 May 2018. Hope that helps. ^SR,Tue Oct 10 11:12:54 +0000 2017,False,True
2968078,2968077,Thank you &amp; for an amazing experience today!,Hi Natasha. It looks like you had fun in the simulator today. I'd like to try it one day. Thanks for sharing it with us. ^Neil,Wed Nov 29 20:51:45 +0000 2017,False,True
1840047,1840049,send it via email i suppose? to which address? we're now in day 3 and the least that i'd expect is a phone call or a text message.,"Hi, Chandru. Our Customer Relations team currently have a backlog, this is due to recent disruption. If you could send us the requested 1/2",Wed Oct 18 19:45:23 +0000 2017,False,True
841949,841948,Senior Stewardess on flight BE805 on Friday evening was awesome. Give her a payrise!!,"Thanks for your positive feedback, Mary. You can thank the crew member directly here: ^Linda",Mon Oct 09 08:20:17 +0000 2017,False,True
591201,591200,British airways suggested I reach out about the Airpods I left on a recent flight from Gatwick to Rome. I sent the info via e-mail. Is there a phone number I can call?,Hi Mallory. Have you tried the airport on Tel: 0039 041 260 9222? ^Natalie,Sun Dec 03 16:13:57 +0000 2017,False,True
2000536,2000535,is there an executive BA lounge at T5 heathrow that a economy traveller use.,"Hi Clayton, there isn't a BA branded lounge for World Traveller passengers. You can buy access to the Aspire lounge, however! ^Kimbers",Thu Nov 02 23:05:55 +0000 2017,False,True
636515,636514,Nope it just seems odd that there is no direct link to the mobile boarding pass / just pdf? I have to download the ba app just got to get the boarding pass?,"Hi Gerd, we’re sorry for the inconvenience this has caused. We’ll make sure to feed your comments back internally. ^Kieran",Wed Nov 22 19:00:24 +0000 2017,False,True
1884840,1884839,"Hi, I'm an AA Platinum (Oneworld Sapphire) booked on BA Premium Economy. Am being charged for seat selection. Can you help?","Hi Brandon, oneworld Sapphire members or equivalent can book seats for free. Make sure your frequent flyer number is in the booking. ^Raj",Sun Oct 22 18:00:55 +0000 2017,False,True
5037,5035,"not overly delighted at the long delay from Edinburgh today, nor the lack of information as to why or that I’m not home yet",Can you let us know your flight number? We'd like to feed this back? 2/2 ^DaniH,Tue Oct 31 17:50:25 +0000 2017,False,True
1574572,1574573,Any recommendations on how to re-book flight if someone has missed their flight to London $ Washington?,"Hi Peter, did they turn up to the airport or did they not arrive? If your flights aren't taken in sequence then any remaining 1/2",Fri Nov 03 15:06:26 +0000 2017,False,True
1151301,1151304,i am the one who paid for the booking but you can call my husband on Tuesday on 07957738577. i was sent to emails advising a refund of £35,"other questions, please let us know. We're sorry for any inconvenience caused! ^Amy 2/2",Mon Oct 30 20:07:57 +0000 2017,False,True
383033,383032,Hi guys. Where to pick up food or drink for the delayed Glasgow-Heathrow 3.25?,"Hi Jack, I'm sorry we couldn't reply earlier. I hope our airport staff gave you refreshment vouchers? If not, you can submit any 1/2",Fri Nov 03 15:50:59 +0000 2017,False,True
828462,828460,Looking forward to flying home from Washington Dulles airport tonight with it’s been a long couple of days filming.,"Hi Ade, we're looking forward to welcoming you on board. Enjoy your flight with us.^Jo",Sun Oct 08 23:06:33 +0000 2017,False,True
821352,821351,never again. Will be rebooking with anyone else when the refund arrives. Someone who doesn't offer Greece via Moscow!,"Hi Oliver, sorry to hear this. Can we help you with anything?^Jo",Thu Oct 12 20:39:22 +0000 2017,False,True
1326734,1326736,It is still this same old story - the lounges open at 5am at LHR. At LGW they don't and there is no explanation.,"We appreciate your comments, Mrs O. We'll pass them on to our Customer Experience team. ^Linda",Mon Oct 16 12:29:16 +0000 2017,False,True
2245499,2245498,Awesome! From the East End to Oxford...,"We hope to see Asher wearing stripes one day, Maxine. Send him our well wishes! ^Lolly",Fri Nov 10 20:16:31 +0000 2017,False,True
2590247,2590246,"Used to get a menu in business class short haul with to select your food, now just asked, often with a more limited choice",We're sorry you're unhappy with our catering selection. We'll pass your feedback on to the Catering team. ^Kit,Mon Oct 30 19:24:46 +0000 2017,False,True
1813197,1813198,"I can't log in,the website keep saying ""Sorry, there seems to be a technical problem"". i need to book d flight or price up!","We're sorry you're having problems on our website, Ovie. Try deleting your browser caches. Hopefully, this'll rectify the issue. 1/2",Sun Oct 15 07:38:40 +0000 2017,False,True
1190383,1190384,You don’t understand as after numerous tweets you are still not getting it! DON’T INCLUDE NUTS IN RECIPES!! I realise trace can’t be helped.,"Hi Donna, we do understand what you're saying. The meals we offer are decided based on popular demand, it's not possible to only serve 1/2",Thu Oct 26 12:33:14 +0000 2017,False,True
1156531,1156532,"no, nothing at all. I spoke to a lady called Antonia.","Prices are subject to availability and can change at short notice, Nat. For this reason, we wouldn't send a quote via email. ^T",Wed Oct 25 06:11:10 +0000 2017,False,True
825261,825247,outraged at BA treatment no refunds and money making flight changes to existing flights despite hurricane and FCO guidance,Hi there. We're really concerned to hear this. Can you tell us a bit more about what has gone wrong for you? ^N,Thu Oct 12 22:45:50 +0000 2017,False,True
2698755,2698756,I called customer service today and an automated message said the lines are open Monday through to Friday and then the line went dead. I wanted to speak to someone as online check-in option ‘don’t have either’ once ticked a notification popped up not letting me progress,"That'll be the Customer Relations line you've reached. If you select the option for existing bookings, it's open until 8pm each day. Unfortunately, he'll need to manually check in. ^Kimbers",Sun Nov 19 19:55:28 +0000 2017,False,True
1727810,1727809,booked flight under maiden name realised passport is married name. Being charged £165 to change name on ticket!,"their charges, you'll need to take it up with them. 2/2 ^Linda",Mon Nov 06 21:53:42 +0000 2017,False,True
2531833,2531832,"""Thanks"" for leaving our baggage in Lisbon, after I've asked repeatedly if we could send straight to Brazil1/",to our Customer Experience team for consideration. Further training will be provided where required. 2/2 ^L,Mon Oct 30 01:10:44 +0000 2017,False,True
1947659,1947658,"Brexit’s more efficient than you! Shocking customer service, inefficiency, can someone from BA HELP! #notholdingmybreath","We're sorry to hear this, Ally. Can you let us know some more info and we'll see if we can help you? Thanks. ^JulieR",Sun Oct 29 12:06:58 +0000 2017,False,True
2117535,2117537,"The only number that appears is a fax in Chile. And this number found 123 0 020 2933 derives us to the number 1 8000 2987, and this number is not working.","This is the telephone number for enquires that we have on our website, Peter: Tel: 800 532 998 (local calls) Monday - Friday 09:00-18:00.",Wed Nov 08 14:29:24 +0000 2017,False,True
28003,28002,flying from AUH-LHR-NCL can I buy duty free liquids in AUH and take them to Ncl or best to buy in LRH? Thanks,you with the correct bags to take these on your connecting flight. ^Jane 2/2,Wed Nov 01 05:11:07 +0000 2017,False,True
1059142,1059143,Who do i contact to get an international flight datechanged?,"Hi Mike, you should be able to make changes on under Manage My Booking using your booking reference, or you can 1/2",Mon Oct 23 05:06:40 +0000 2017,False,True
2488286,2488288,The flight from Heathrow Terminal 3 that was suppose to leave at 1:20pm to Ghana.,"We're sorry your flight was delayed today, Sheraz. We hope the airport and cabin crew were able to give assistance and that you're well on your way now. ^Julie",Wed Nov 15 16:47:44 +0000 2017,False,True
689773,689772,flying to Qatar with British airways/Qatar airways. Are laptops allowed on as a carry on?,"Hi Vicky. Sorry for the late reply. You are fine, as Doha is not one of the cities on the banned restriction list. ^N",Thu Oct 05 20:10:41 +0000 2017,False,True
1494894,1494896,"I hadn't tried that, but it doesn't work. Could cookies be to blame?",You need to change the country and you will be able to access the UK version of our website. (2/2) ^N,Fri Nov 03 16:27:54 +0000 2017,False,True
2148821,2148820,So the flight im on has no usb chargers. Lucky i have a battery pack fully charged. Think i deffo prefer,"I'm sorry you're unhappy with the facilities on-board, Chelsea. We'll feed back what you've said to the team. ^Kimbers",Wed Nov 08 23:44:43 +0000 2017,False,True
1316593,1316591,"Credit where credits due, when you do get on the phone they're kinda great, if only it was 24/7! Rebooked for tomorrow.","Hi John, that's great to hear. Thank you for this feedback! ^Alex C",Mon Oct 16 05:22:26 +0000 2017,False,True
1454118,1454117,"You must be the only company in the world still requesting for faxes to be sent to you, how to make life difficult...",Hi. You should have been given several options to get in touch with us. We still use faxes as some of our more 1/2,Thu Nov 02 11:29:00 +0000 2017,False,True
1238441,1238443,Do you have any example menus of what the diabetic and gluten free meals are please,The sample they’ve provided is Chicken Fillet in a shiitake mushroom sauce and as a starter a green salad. We hope this helps. 2/3,Thu Oct 26 05:46:59 +0000 2017,False,True
2886683,2886681,"Two days in a row! Yesterday, my flight was delayed and today my flight has been delayed. What’s the point of buying more expensive flights to be somewhere at a specific time?","Could you let us know who operated your flight yesterday, Mark? Was it us, or Comair? ^Cecilia",Tue Nov 28 10:56:26 +0000 2017,False,True
860762,860760,"Forget #ryanaircancellations, 2 wks ago delayed me by a day and a half and still haven't replied to my emails. #airlinehell",You'll get a response soon. Thanks for your continued patience. 2/2 ^Liz,Fri Oct 13 09:42:29 +0000 2017,False,True
2688994,2688993,is your app being buggy or has my flight actually taken off a day before the intended departure? You've given me a right fright! #departed?,"Hi Henriette, it looks like it is an error online. We can only apologise for any inconvenience this may have caused. ^Cody",Sun Nov 19 14:03:33 +0000 2017,False,True
1978913,1978911,"Absolutely OUTSTANDING service from Sumita T5 at Heathrow. Like, An Angel! So impressed. Also T3 staff v helpful!",It's lovely to hear you say such kind words Jay. Thanks for your loyalty and we'd be happy to pass this on to our staff. ^Oliver,Tue Oct 31 12:49:54 +0000 2017,False,True
1534510,1534512,Cool. + pilot said he was waiting for paperwork to be signed before we can take off.. What does that mean please?,aircraft system are correct. Therefore the pilot was more than likely waiting for the dispatcher to sign the paperwork. We're concerned 2/3,Fri Nov 03 15:32:06 +0000 2017,False,True
2610536,2610534,hi.. I’m off to TFS business next week.. is the allowance 2xchecked per passenger... i.e 64k each?,"Hi Steven, if you're travelling in Club Europe you can carry two pieces of checked baggage at 32kg each. Each bag can't weigh more than 32kg. ^Charlotte",Fri Nov 17 09:19:31 +0000 2017,False,True
2343029,2343032,Thanks we did. Just not the bags coming out last even though they had a bright orange sticker on them say ‘priority’,Hi Bryce. We're sorry your priority bags came off last. I know how frustrating it can be when you just want to get on with the rest of your journey. ^N,Mon Nov 13 18:49:46 +0000 2017,False,True
234438,234439,I take it BA will cover the extra costs incurred by the hire company?,"Sorry for the late reply, Shane. We'd ask our customers to submit their claim here: 1/2",Fri Oct 06 13:29:56 +0000 2017,False,True
1587153,1587154,Random question: Can you carry on a golf size umbrella from London to Edinburgh?,bag can be up to 190 x 75 x 65cm (75 x 29.5 x 25.5in). If you carry your golf umbrella or parasol,Mon Oct 16 20:05:07 +0000 2017,False,True
1611968,1629337,When is the British airways Nigerian London Christmas promo beginning as you advertised? Advice is accordingly,"Please can you let us know what promotion you're referring to, Nene? ^Jane",Sun Nov 05 12:36:21 +0000 2017,False,True
1618806,1618805,"hi, I'm waiting to hear back from your customer service team re a refund on my flight. When will I receive a response?","Hi Louise, was this for a BA flight booked directly with us or through a third party? Thanks. ^Raj",Sun Nov 05 10:52:06 +0000 2017,False,True
1929890,1929889,you gotta sort out your much heralded F check in and Concorde Lounge at JFK. Dear oh dear! “Very non-premium” I’m afraid!,"Hi Matthew, we're sorry to hear you're disappointed with the lounge in JFK. We'll pass your comments to the Airport Manager. ^Lynn",Sat Oct 28 00:30:29 +0000 2017,False,True
2441587,2441586,This should be an experience. I’m flying on what appears to be first ever aircraft...,"We're sorry you're unhappy with the quality of our In-Flight Entertainment. We're working to refurbish our system. You should see an improvement soon. We apologise for any disappointment caused, Ollie. ^DaniH",Tue Nov 14 22:48:35 +0000 2017,False,True
1854025,1854023,"I’ve been meaning to ask, what happened to the Glen in Terraces at SFO? Did it go the way of the cream tea?","Hi there, thanks for showing your concern,but we can't give information out about our colleagues for data protection reasons. ^Kelly",Thu Oct 19 01:22:03 +0000 2017,False,True
2599053,2599052,there seems to be a problem with the app when I try to see how much it would cost to upgrade my flight.,"Hi Sally, we had issues online that have been reported. Try again, if you're getting the same error get back to us. ^Helen",Thu Nov 16 23:47:31 +0000 2017,False,True
230304,230302,It's been longer than 28 days...,of your query. One of the team will be in touch as soon as possible. 3/3 ^L,Thu Oct 05 05:51:04 +0000 2017,False,True
320174,754273,What i am trying to ask is why are all the other flights blocked out for that day,"If you're looking for Economy seats, there is just one flight available. The others have Business seats available, Robin. ^Julie",Sat Oct 07 11:59:01 +0000 2017,False,True
1314213,1314211,. Heading home from Orlando on BA2036. Hope the engines are not held together with the same tape as my screen for 9 hours!,"We're sorry for any inconvenience caused, Danny. Our crew would've notified our Maintenance team, once you arrived home. ^Linda",Thu Oct 26 21:08:31 +0000 2017,False,True
243699,243701,That’s not MY problem!,"Hi Melville. Unfortunately, if there’re air traffic restrictions we cannot go against that as they’re imposed by the airports. 1/2",Thu Oct 05 20:50:09 +0000 2017,False,True
805481,805482,"Need 2 bk longhaul seat fr tomo. Can't checkin online Cut off 3 times, on hold for 2hrs on phone! Happy birthday 2 me help!","We're sorry to hear that, Laura. What error messages are you getting? Our IT team are aware of passport issue when checking in online. 1/2",Sun Oct 08 10:38:29 +0000 2017,False,True
854994,854993,Except that you’re wrong. I was prompted to pay last night. Out of principal I refused as it’s just petty and pathetic.,"you'd generally be assigned a seat when checking in online and if you wish to change the seat, there is a charge to do so. ^Kev 2/2",Fri Oct 20 08:40:46 +0000 2017,False,True
1442104,1442103,Thank you for cancelling my flight from Abd to Ldn. Booked onto new one to be told it’s already an hour late. Not impressed,Please accept our apologies for the delay to your replacement flight. We hope you weren't waiting much longer. 2/2 ^David,Thu Nov 02 08:48:22 +0000 2017,False,True
74262,74263,Not an obvious one but I can send you the link that the button takes to via DM if you like,That would be great and then we can pass the information onto our Web Support team. Thanks for that Antonello!^Corry,Thu Nov 30 13:01:44 +0000 2017,False,True
787263,787262,1. I booked a flight from Muscat to London with British Airways. The day of the flight was 25/09/2017.,I’m sorry you’ve not had a response yet. Our Customer Relations team will be in contact at the earliest opportunity. ^Davina,Thu Oct 12 08:27:34 +0000 2017,False,True
2785980,2785978,Having to pay to reserve my business class seat is immoral. Air Canada didn't charge me extra. why do you? It's extortion,"Hi Roz, free seating before check-in is a benefit for our higher Executive Club members, it's not dependent on cabin. We're sorry to disappoint you. Your comments have been fed back to our Customer Experience team. ^Chris",Tue Nov 21 16:28:42 +0000 2017,False,True
1423878,1423879,"Great flight from LHR to JFK today (BA115) with Thank you to Phil who looked after us, he was very friendly and attentive!","We're delighted you had a great experience with us, on your flight to New York, Claire. 1/2",Thu Nov 02 00:18:07 +0000 2017,False,True
897784,897785,I left my purple paisley scarf on a flight from London to Newark a couple weeks ago. Is there any chance it can be found?,"Hi Dave, all lost property that's left on board is handed to the airport. You can contact the Lost Property department at Newark 1/2",Sat Oct 21 02:58:22 +0000 2017,False,True
1195299,1195298,why am I currently unable to claim missing points from a partner airline online???,"...number? Once we have this information, we'll be happy to look into it for you. 2/2 ^Lolly",Tue Oct 24 19:21:03 +0000 2017,False,True
232293,232294,"why did you cancel London-NCE today??? As i have said before,don't make plans when you fly BA","Hi Carl. BA0354 has been cancelled due to adverse weather conditions in London. When we have bad weather, we have to reduce our 1/2",Thu Oct 05 10:24:21 +0000 2017,False,True
2757283,2757282,Does any one reply back to the customer service emails logged?,Hi Dharmesh. When did you submit your email to customer services? They work in date order and will respond to you in due course. ^N,Mon Nov 20 20:20:45 +0000 2017,False,True
1723535,1723534,Wow. staff reading a passenger’s medical letter aloud for all to hear at LCY. Really unprofessional. BA 4462 to DUB.,This is disappointing to hear. Did this happen at the check-in desk? ^Cec,Tue Nov 07 08:59:58 +0000 2017,False,True
279567,279569,"Yes, they have confirmed they have made the payment to a wrong account, but despite this BA error wont pay me in the meantime - ref 16649647",Customer Relations will be in contact at the earliest opportunity. Thanks for your continued patience. 2/2 ^DaniH,Fri Oct 06 09:23:52 +0000 2017,False,True
710200,710204,"You consistently disappoint. I have never actually had one single booking go smoothly. Ever. Seriously, how difficult is it?","We can imagine your frustration, Alice. Especially when you want to get your trip booked. If you don't manage to book this online this 1/2",Tue Oct 10 21:04:19 +0000 2017,False,True
2752615,2752614,Don’t book a flight with . If we’re not an hour delayed already. We’ve now parked back up at the airport. #getmeoneasyjet,"Apologies for the delay to your journey home today, Charlie. Unfortunately the aircraft developed an unexpected technical fault, which required the Captain to investigate further. We realise it's hugely inconvenient for our customers, but safety has to come first. ^Natalie",Sun Nov 26 18:40:18 +0000 2017,False,True
404206,404207,"Hi I sent a comment almost a week ago via your complaints form online and I still haven't heard any feedback, please advise","We're sorry for the delay Emma. Customer Relations work on a date order from when they receive the complaint, they will be in contact as 1/2",Mon Oct 09 19:00:14 +0000 2017,False,True
365759,365761,any chance you can have a word with your Italian colleagues to share some info on delayed flight BA559 please.,"Rome Airport is expecting to provide you with an update at 18:30. Please listen out for this, as they’ll be best placed to assist. 2/2^DaniH",Sun Oct 08 15:45:49 +0000 2017,False,True
612409,612407,"I’m confused. economy flight to Dublin; you get a complimentary drink and a snack. BA Economy to Bucharest, 3x as long in the air, and you have to pay. Did I miss something?",Hi there. Were you travelling to Dublin from London City airport? Currently drinks and snacks are complimentary on flights from London City. Snacks and beverages are availabe to buy from the M&amp;S on board menu on short-haul flights from London Heathrow and London Gatwick. ^Claire,Wed Nov 22 09:57:23 +0000 2017,False,True
1934014,1934013,Does BA now stand for 'Budget airlines' you've gone so downhill in the last few years. Time to try star alliance I think,"This isn't good to hear, Alex. Could you give us a bit more info on what's happened please? We can then feed this back for you. ^Lisa",Sat Oct 28 16:02:55 +0000 2017,False,True
1756755,1756754,Early start for Tueaday heathrow_airport T5 waiting on a arrival from #bahrain…,I think a Starbucks and some light planespotting is in order! ^Kimbers,Tue Nov 07 19:04:26 +0000 2017,False,True
2462078,2462076,Flight with Thank you 🙏 #DUS #LHR,Beautiful view from your window. Hope you enjoyed your flight from Dusseldorf. ^Lindy,Wed Nov 15 07:24:59 +0000 2017,False,True
301991,301990,"Hi , you've lost my baggage 6 weeks ago and I have no news despite my claims... Can I still hope a reply?","team currently have a backlog, this is due to recent disruption. Many thanks for your ongoing patience. ^Lisa 2/2",Fri Oct 06 15:10:45 +0000 2017,False,True
1607978,1607974,stuck in Tampa after our flight has been cancelled. They are saying it’s not their responsibility to get us home,"This is concerning to hear, Gina. Have you been rebooked? Please let us know if we can help. ^Jane",Sat Nov 04 22:20:44 +0000 2017,False,True
1628742,1628740,please help me i did online check in but i have a suitcase i didnt realize i had to check something else about it,"reference, email address, postal address, and the details of your query. One of the team will be in touch soon to help. 2/2 ^L",Mon Oct 16 22:07:26 +0000 2017,False,True
1886353,1886352,"how is this fair, in the middle of booking a flight the price increases substantially? bait and switch!?",you from going to the end of the booking process to find out. We made this change as a direct result of feedback from our customers.2/2^LW,Mon Oct 23 01:14:14 +0000 2017,False,True
2569324,2569323,Well done . First time I have ever watched an entire safety video. #RobBrydon 🛫,"Hi Joe. Thanks for the great feedback, we're pleased you enjoyed it! ^Beth",Mon Oct 30 12:52:02 +0000 2017,False,True
1649347,1649346,one of the worst flights ever experianced such poor service on board,Hi Vouje. Would you like to let us know what happened to make you feel this way? ^Natalie,Sun Nov 05 15:18:45 +0000 2017,False,True
1175769,1175768,Hi! What is the hand baggage allowance for the most basic flights from BA City flights between Glasgow and London?,You can find information on our baggage allowances here: I hope it helps! ^Lolly,Tue Oct 24 15:57:51 +0000 2017,False,True
791005,791009,"Oh yet again another quick response, still waiting for the customer relations team to call tho! This really is appalling!","As my colleague has previously advised, your case is with CEDR and there's nothing further we can add. ^Linds",Mon Oct 16 15:51:44 +0000 2017,False,True
969498,969499,"still nothing, not even an acknowledgement of receipt.","We understand the wait must be frustrating, Chloe. Our Customer Relations team currently have a bit of a backlog, this is due to recent 1/2",Sat Oct 14 07:51:40 +0000 2017,False,True
371545,371544,We have for 2 hours with no explanation from staff. What is your compensation strategy?,"We can investigate your claim for compensation once you've travelled, Tom. Once again, we're sorry for the inconvenience caused. ^Rach",Sun Oct 08 17:25:02 +0000 2017,False,True
2550790,2550788,your customer service rep just tried ripping me off and has now changed my booking ref. So now losing exec club points.,"This is concerning to hear, Natasha. Why did they change your booking ref? ^Cec",Mon Oct 30 11:16:10 +0000 2017,False,True
1412361,1412360,. no newspapers on outward flight &amp; none in ATL lounge on return trip? Hopefully not another cutback? Premium carrier.,"Hi Andy, sorry to hear this. We'll pass your feedback to our Customer Experience team and our Airport Manager.^Jo",Sat Oct 28 19:25:54 +0000 2017,False,True
1046307,1046306,"Ugh! , your new website is THE WORST!!! Expensive BACKWARD move! Make me nervous re BA tech &amp; safety. #WhatWereYouThinking?",your comments have been fed back to the relevant teams. 2/2 ^David,Sun Oct 22 21:44:33 +0000 2017,False,True
2701960,2701959,just paid for a held flight and the website timed out. Can you confirm that it's booked?,"Hi Laura, could you confirm the flight number or time, date of travel, route, your email and contact number? We'll see if we can find it. ^Kimbers",Sun Nov 19 19:15:04 +0000 2017,False,True
2190048,2190047,I am dreading my flight. Now I have to check in at Aer Lingus - I had no idea that I was booked with a partner. I am worried I won't have a seat or my luggage will be lost.The seats on the Lon-San Jose plane are very narrow.,comfortable on your long haul flight. Please accept our apologies. ^Julie 2/2,Thu Nov 09 17:24:06 +0000 2017,False,True
289225,289227,It was booked through work. The last I saw of allowances was around the 20kg mark. Didn’t help matters with the way the staff spoke as well.,"Hi Gary, we apologise for any confusion but if you were travelling on a Basic fare then you would be charged for checked luggage ^Al",Fri Oct 06 15:44:29 +0000 2017,False,True
232961,232963,"Thanks for this, staff very unhelpful and didn’t understand my question. Am no closer to finding an answer. Just want to transfer a deposit",This means we can't give you any advice about this. Sorry to disappoint you further. 2/2 ^DaniH,Tue Oct 24 14:13:27 +0000 2017,False,True
2708327,2708329,Android 7.1.2 Wiley Fox Swift,Thanks very much Russell. We've passed this over to our team in charge of the App. We're sorry about that! ^Ashleigh,Mon Nov 20 06:16:18 +0000 2017,False,True
1301111,1301113,I’ve tried all that. You have sent me wrong information over and over again. Nobody in your company has a clue and my trip is ruined.,"permanent address and contact number, we'll see if there are any updates on your bag's status. 2/2 ^David",Mon Oct 16 11:23:53 +0000 2017,False,True
476445,476444,"Why don’t people value openness, honesty and transparency anymore? I’m looking at you . If you were a restaurant, you’d serve me dinner on a cracked, dirty plate &amp; have me eat it with a fork with encrusted egg between the tines.","We're sorry your complaint hasn't been resolved in the expected way, Mike. We're glad we were able to speak to you, and your comments have been recorded. ^Cecilia",Fri Dec 01 10:42:19 +0000 2017,False,True
2733793,2733792,Great views of the Alps today courtesy of on the way back from Zagreb 😍🇭🇷,"Lovely picture, thanks for sharing Stewart, we hope to see you again soon. ^Danielle",Mon Nov 20 16:15:04 +0000 2017,False,True
2380710,2380708,hands down the worst service I have ever received trying to upgrade and make reasonable changes to a flight. Shame on you,Hi there. We're really disappointed to hear you've had so many problems. Have you managed to make the changes or do you need us to help you? We'd be happy to assist if you need us. ^N,Mon Nov 13 22:49:42 +0000 2017,False,True
386607,386606,When are your October 2018 flights on sale? Thanks,"Our flights are usually available to book 355 days in advance, Lauren. ^Julie",Mon Oct 09 11:46:10 +0000 2017,False,True
792907,792908,What I am asking is what happens to something that is not handed in? I know exactly where the iPad was left - it could still be there!,You'll find their contact details here: I'm sorry we can't be more helpful. ^Steph 2/2,Fri Oct 13 14:16:31 +0000 2017,False,True
1968457,1968456,when can i check in at the airport for a flight from Glasgow to London?,"Hi Gary, check-in opens 3 hours prior to your flight departing. We hope this helps. ^Natalie",Tue Nov 07 21:44:25 +0000 2017,False,True
1420888,1420886,Now delayed two hours at DUB for flight to LCY by . Bring on next week and flying with on this route.,"We're sorry for the delay in responding to you, John. Please accept our apologies for any inconvenience caused. ^David",Wed Nov 01 20:33:49 +0000 2017,False,True
2383049,2383050,Cabin crew was unaware of any operational reasons. No inop seats. Another pax seated in 12F. 12E remained empty.,"We're sorry our crew were unable to give you an explanation. We know how frustrating this must have been for you, especially when one of the seats was empty. Please accept our sincere apologies. ^DaniH",Tue Nov 14 14:39:52 +0000 2017,False,True
276585,276588,"When you do a search on the US site, you get an error saying the flight is more than 355 days in advance even when looking for next month","Hi, our IT team is working hard to fix all online glitches. You can speak with our Sales team if you require help making your booking. ^L",Fri Oct 06 16:03:33 +0000 2017,False,True
2708330,2708331,Looks like your genius coders disabled screenshot on payment page,"We’re sorry for the inconvenience Russell, we’ll pass on your comments as feedback. ^Kieran",Mon Nov 20 14:22:49 +0000 2017,False,True
1408549,1408550,They made me a GF club sandwich so all is well. I wonder if the burger would have been GF with a different bun too 🤷‍♀️,"staff for a GF burger, I'm sure they'll try their best.^Jo 2/2",Sat Oct 28 19:35:20 +0000 2017,False,True
1148181,1148182,Yeh. You’ve had this issue many times before. I’ll just do it at the airport.,We're genuinely sorry you're still having this issue. It may be worth uninstalling and ensuring you're using the latest version. ^Teresa,Tue Oct 24 15:09:55 +0000 2017,False,True
2507639,2507638,Trying to check in for my flight tomorrow with and it won’t let me. I’ve tried about 20 times and keep getting the same error message. 😫😫,"Hi there, sorry to hear you're having problems. Be sure to arrive at the airport with a little time to spare so we can check you in there. ^David",Sun Nov 26 16:38:12 +0000 2017,False,True
262684,262685,even after an overnight delay no compensation received. Disappointing. Better customer service with,compensation. We're glad you've got a hotel and been re-booked for tomorrow morning. (2/2) ^N,Thu Oct 05 20:11:43 +0000 2017,False,True
1553552,1553554,: Sent a letter of complaint on 27 Sept re: dreadful service on LGW-MCO-LGW. When do you intend to reply? #poorservice,"All complaints received are placed in a queue and responded to in date order. Once your complaint has reached the front of the queue, 1/2",Mon Oct 16 15:28:27 +0000 2017,False,True
972283,972281,Thank you for VIP service to ensure I made my int'l cxn at LHR. Pls thank BA0949 staff for me ♥️,"Glad we were able to make things as smooth as possible for you, Mandy! ^Anthony",Fri Oct 13 18:09:27 +0000 2017,False,True
1873615,1873614,can you assist with the airline receipt for a flight into Mexico? Apparently it's required for exit to Belize: tourist tax,"You can request a copy of your e-ticket receipt through Manage My Booking, Glaxton. This can be found under the Administration section. ^1/2",Thu Oct 19 22:49:10 +0000 2017,False,True
821349,821347,"Hi, I made a booking but accidentally booked it on single instead of return trip, could I now book the return trip and have",number for Data Protection. We would be happy to look at the ticket. ^Kit 2/2,Thu Oct 12 21:21:20 +0000 2017,False,True
280760,280765,"hello good day guys, if am traveling through London to NY , do I need any transit visa ?","Thanks for getting in touch, Sercan. I'm afraid we're unable to comment on visa/passport requirements. 1/2",Fri Oct 06 09:44:57 +0000 2017,False,True
858571,858569,how long does it take for Tier points to show on my account please?,"Hi, Carol. It can take up to 72 hours to show on the account but they will be for the date you travelled. ^Julie",Mon Oct 09 15:32:58 +0000 2017,False,True
1389235,1389234,6:05 flight BA1321 crew were superb today making an early start a very enjoyable one. #greatservice ✈️,"Thanks for your your positive feedback, Russell. We're pleased to hear you enjoyed your flight. ^Linda",Sat Oct 28 07:21:52 +0000 2017,False,True
1493858,1493856,"BA0974 lhr&gt;Hamburg , Heathrow app says delayed till 1413 yet an app says on time , which is it ?",Let us know if we can help you further with this. ^Lindy 2/2,Fri Nov 03 08:32:49 +0000 2017,False,True
232932,232935,Sorry to bother. I have still not had a response. Could I get an update of when I am likely to? Thanks,"Hi Sarah, please accept our apologies for the delay in our reply. It is taking longer than usual for us to get back to our",Thu Oct 05 07:32:59 +0000 2017,False,True
2600750,2600749,"trying to online check in, but getting a system error page with reference S000678328 - can you advise?",proceed to the airport as normal and check-in there. We can only apologise for any inconvenience this may cause. 2/2 ^Cody,Fri Nov 17 01:31:20 +0000 2017,False,True
2942311,2942313,Is this not classed as an error being reported. I've tried on two different browsers,You're quite right. We'll report the error to our faults team immediately. Please keep trying and contact us back with a screenshot if possible of the error page. We apologise for the inconvenience. ^Oliver,Wed Nov 29 14:07:41 +0000 2017,False,True
844636,844635,can you please confirm if flight BA0834 LHR to Dublin 21/10/17 has been cancelled?,"Hi Bridget, we can confirm this flight has been cancelled due to adverse weather conditions. 1/2 ^Sophie",Fri Oct 20 14:02:24 +0000 2017,False,True
99106,99105,why do u start boarding when the plane is not ready and leave you passengers in a non heated gate...,"Hi Julien, it would never be our intention. I'm very sorry you were delayed taking off. ^Kimbers",Thu Nov 30 15:28:20 +0000 2017,False,True
2664500,2664502,sometime in the future hopefully!,"That's great news, Carla. Feel free to get in touch if we assist you with anything. ^DaniH",Tue Oct 31 12:03:34 +0000 2017,False,True
2943596,2943595,Appalling queuing system at gate A10 ...,Hi Jo. I'm sorry to hear this and I'll certainly ensure your feedback is passed on to our colleagues at the airport too. I hope you enjoyed your flight. ^Kev,Wed Nov 29 11:52:16 +0000 2017,False,True
2378663,2378665,But it’s not open! Well not for me anyway! Can you at least tell me what the issue is or confirm nobody else can check in either (at least then I won’t get worst seat in the plane),"It looks like the flight is under airport control. Therefore, passengers will need to check in at the airport. ^Leanne",Tue Nov 14 08:03:23 +0000 2017,False,True
2324880,2324879,"Hi . As BA0182 from JFK to Heathrow is delayed by almost 3 hours, is the check in time delayed too, or should we get to JFK for the original time?","We're very sorry for the inconvenience the delay caused you, Elliott. Once in the air, we hope you had a great flight! ^Jane",Sun Nov 12 23:20:35 +0000 2017,False,True
1743014,1743011,will you please respond to our compensation claim. It is courtesy to do so &amp; it has been 5 weeks. Surely BA can do better.,When and how have you logged your claim? Did you receive a case number? ^Monica 2/2,Tue Nov 07 13:23:32 +0000 2017,False,True
271654,271655,Thnx. If I complete form am I just going to be told adv weather/ATC tho? Or operational? Can you attach evidence to form?,"We can't wrongfully deny a claim, Edward. The best thing is to do the form and wait for the outcome. ^SR",Fri Oct 06 11:16:41 +0000 2017,False,True
1780069,1780068,More than 2 months since I reported the unexpected flight class downgrade (ID:16855038)#poorBACustomerService #BADelay,"Hi Kieran, we're sorry for the delay in our reply. Please be assured our Customer Relations team will be in touch as soon as possible. ^L",Wed Oct 11 18:23:59 +0000 2017,False,True
616193,616195,this was a disgrace BA the earlier flight was half full and you wanted £200 to change. #BAripoff,Hi Richard. The rules of the ticket need to be applied when making a change. I’m sorry the cost was too high for you. ^Davina,Mon Oct 30 21:07:52 +0000 2017,False,True
1854391,1854392,Really disappointing. BA seem to be giving away less perks and penalising harder. I’m loosing my loyalty fast.,change fees would apply plus any difference in fare. We appreciate your disappointment and we’ll feedback your comments. 2/2 ^Kelly,Thu Oct 19 03:39:35 +0000 2017,False,True
2006334,2006333,"Well, it seems that are following the British theme of being backwards with possibly the worst in flight entertainment system I’ve ever seen - may as well be VHS. At least this means I have no excuses to not complete some paper reviews.","We're sorry to hear your in-flight entertainment was an older version, Benjamin. We are installing new systems on board our aircrafts. ^Cecilia",Sat Nov 25 13:03:16 +0000 2017,False,True
317947,317945,paid £137 for seats and when we checked in they were changed! Not good enough,2/2 however you can get a refund for these seats if they weren't suitable. ^Tom,Fri Oct 06 23:05:09 +0000 2017,False,True
532308,532307,Thanks to the fantastic crew of flight BA272 who looked after me after I collapsed &amp; apologies to the passengers for the diversion. #passenger1st,Thanks for the great feedback Mark. We're delighted to hear you've recovered. Please let us know if we can help you further. ^Teresa,Fri Dec 01 21:40:21 +0000 2017,False,True
883724,883723,I like BA’s way of doing the safety thing.. #BA #britishairways #safetyvideo,"So pleased you like it, Anil. We've had some great feedback, thanks. Hope we can welcome you on board again soon.^Jo",Fri Oct 20 18:35:31 +0000 2017,False,True
2764262,2764260,need help! standing at closed check in desk - am suppose to fly with you!! no hotline number for contact,"Hi Joanne, we hope you managed to get some help and that you have a great flight. ^Jane",Tue Nov 21 05:41:25 +0000 2017,False,True
2961605,2961606,"Why should you keep my money for a service you didn't provide? I paid to have a bag transported from A to B, and that was never done. If a barber doesn't cut my hair, they don't get the money for the haircut. If a restaurant doesn't bring me a meal, they don't get paid.",however I'm afraid we wouldn't be liable for the refund of your excess baggage charge. Many thanks. ^Lisa,Thu Nov 30 03:14:02 +0000 2017,False,True
618684,618682,"what’s the real reason you’ve cancelled flight BA 1313? No other flights around that time, including the Flybe flight to London City, have been affected by the adverse weather you have stated.","We're afraid we don't have an update yet, Tom. Please speak to the airport staff for more information. We're sorry for the inconvenience caused. ^Linda",Wed Nov 22 11:52:40 +0000 2017,False,True
147093,147094,I have yes. I have tried on both normal Internet and google chrome,"We're sorry for the issues your having, Talina. The only thing we could advise would be to try online later, or to contact our Sales team. ^Paul",Fri Nov 24 16:42:24 +0000 2017,False,True
189468,189467,Utterly fed up of the way Customer Relations at treats its most loyal customers #shameonyou,"This is disappointing to hear, Natalie. Can you tell us more about what’s happened?^Corry",Wed Oct 04 14:22:18 +0000 2017,False,True
773071,773070,Credit to - flight to Sicily went tech but within 42 min we’re onboard a replacement. #britishairways,"Thanks for the great feedback, Jonathan. We hope you enjoyed your flight with us to Sicily. ^Steph",Sat Oct 07 15:51:26 +0000 2017,False,True
1558287,1558286,"No working sinks on a plane full of people. Thanks, British Airways 👍🏾",We're concerned to hear this. Can you please provide us with your flight number and we can make sure this is passed on. Thanks. ^Natalie,Sat Nov 04 02:01:12 +0000 2017,False,True
1352559,1352558,what’s going on with BA913? No one in FRA has any info to tell us?,You can check for updates here: We apologies for any inconvenience caused. 2/2 ^DaniH,Fri Oct 27 17:55:44 +0000 2017,False,True
1476637,1476640,Right then - how does someone notify you of a seating preference without being forced to pay?,"can't specify a seat preference in advance. For more info about our seating policy, please got to: ^BS 3/3",Fri Nov 03 15:17:45 +0000 2017,False,True
578599,578600,seriously the worst. Traveling from London to Nice with approved airline carry on which fit nicely into the bag check at the airport and they still wanted me to check my bag. I’m an emeral status holder too. On board lots of bags much larger than mine. Not happy,"We can appreciate this must be disappointing, Samantha. Unfortunately, if there aren't enough volunteers, our colleagues at the airport will need to ask people at random. Please accept our apologies for any inconvenience caused. We hope that despite this experience, 1/2",Sun Dec 03 10:00:15 +0000 2017,False,True
1048285,1048287,"thanks, have already flown and it was fine!","That's good news. Again, we apologise for the delay in responding. ^Oliver",Mon Oct 23 13:18:07 +0000 2017,False,True
2700404,2700402,"pls tell Hannah in the call centre that this was the scene i mentioned on our call. Also, she was super helpful. Do it. Do it.",I feel like it's important that whoever it was sees this! Was it the Newcastle contact centre? I'll email around and find her. I need to rewatch this film now. ^Kimbers,Sun Nov 19 20:16:24 +0000 2017,False,True
2250636,2250635,"hey there, my name on the boarding pass includes for the first 2 letters of “miss” so my name looks different from the passport. Is this ok?","Hi there, Giorgia. As long as the first and last name match the passport you'll be ok. ^Anthony",Fri Nov 10 14:59:07 +0000 2017,False,True
366258,366257,Really enjoyed my first flight on today! Would highly recommend! Cheers!,"That's great, Riley. Hope we don't wait too long to welcome you on board again?^Jo",Sun Oct 08 18:36:25 +0000 2017,False,True
1796226,1796225,still waiting for a response to my case reference: 16949805. Slightly concerned as I fly in just over a week. Thanks,Hi Dayne. We're sorry you still haven't received a response. Our Customer Relations will be in touch soon. Thanks for your patience. ^Liz,Thu Oct 12 14:21:13 +0000 2017,False,True
1893367,1893366,At Paphos Airport booked on airways to LGW. Turns out club cannot use lounge.Low cost national airline??,"Hi Thelekat, we're sorry you weren't able to use any lounge facilities at Paphos airport. Hope you still enjoyed your flight in Club Europe.",Mon Oct 23 17:22:01 +0000 2017,False,True
1781902,1781903,"The partner in case is Latam airlines, will they be able to put a stopover in the booking?",10.Hi Andre. If you have made your booking through a travel agency you'll need to contact them directly to ask them. We couldn't advise 1/2,Tue Oct 17 23:13:46 +0000 2017,False,True
1306198,1306200,"My flight booked on the same reference was delayed from Cuzco, several of us tried 2 contact BA 2 highlight this. BA were not around 2 help!",2/2 address and telephone number so that we can look at this for you? ^Linds,Mon Oct 16 13:02:07 +0000 2017,False,True
2765516,2765515,Another 4:30am early morning - at waiting for my trip to see my fave Scottish client 🤗💳💷🙌🏻 #internalcomms #internalevents #employeeengagement,"Hi Asha, great to have you on board again. Thanks for choosing to fly with us. Enjoy your day. ^ Barbara",Tue Nov 21 06:43:42 +0000 2017,False,True
243704,243705,Did you just say “Print out”!? I’m in the back of an in traffic!,"Apologies, Melville, I wasn't aware of this. The guys at the airport will arrange a boarding pass for you. ^SR",Thu Oct 05 15:11:06 +0000 2017,False,True
29051,29053,3 months is ridiculous. Never use BA again,"Sorry you feel that way, Gerry. But please rest assured that Customer Relations will contact you. ^Monica",Tue Nov 07 14:30:38 +0000 2017,False,True
1217836,1217838,Link to baggage claim form? I want to book flight for 70 ppl!!!!! Surely there is an email address you can give me??????,"Sorry about this. We've previously provided you the correct link, so we're unsure what went wrong. 1/2",Wed Oct 25 17:29:10 +0000 2017,False,True
2723201,2723199,boarding system biased against luggage in hold-new system even worse!Your double speak fools no one!,"The boarding process will be explained at check in, where we can advise our customers and explain what to look out for at the gate. We have a large volume of staff who speak many different languages.^Corry",Mon Nov 20 10:41:27 +0000 2017,False,True
1982207,1982206,you have canceled the fly Marseille London for bad weather 4hours before. While Air France maintains its flights. Can you explain ?,Sorry about the cancellation. Weather cancellations can often be due to a reduced flow rate or weather from the previous flight. ^Kimbers,Thu Nov 02 16:16:36 +0000 2017,False,True
1858901,1858900,Why have gotta do me and my husband dirty like this and sit us apart? 👬 @…,"I'm sorry to heat that, Jai. Is the flight full? Did you do on line check in 24 hours before the flight? ^Marie",Wed Oct 18 10:22:59 +0000 2017,False,True
1377847,1377850,It’s more the fact ground staff informed us we had a different plane and seats due to the original aircraft had tech issues. #flightdelay,"We appreciate your frustration, Lee, please be assured your comments have been fed back to the staff members 1/2",Sat Oct 28 09:37:23 +0000 2017,False,True
1392654,1392653,",lost my luggage on BA6414 flight from CapeTown to Joburg. No feedback from your airline or Air Botswana. An inconviniece","Hi Connie, we're sorry your bag has been delayed. Please contact Air Botswana for any updates on this. ^Lynn",Sat Oct 28 09:02:48 +0000 2017,False,True
1728170,1728172,brilliant flight on BA2158this am. Where’s our luggage. Lots of us waiting at carousel,"We're pleased you had a great flight, however it's disappointing to hear you're waiting for your luggage. Please accept our apologies 1/2",Tue Nov 07 09:22:02 +0000 2017,False,True
928658,928661,how do I update my name on my executive club acct as I recently got married? Note passport still in maiden name. Thx,"Hi Kristen, your name on your account needs to match the name on your passport. 1/2",Sat Oct 21 08:55:51 +0000 2017,False,True
653259,653261,Thanks! Nov 10 :),"Hello again, Tina. It's currently operating as one of the refurbished 747. I hope that helps. ^SR",Thu Oct 05 14:29:18 +0000 2017,False,True
301212,301213,"We have our log book now, so will be traveling her air miles 😍 Back to London from Geneva with you tomorrow!","Hi Lucy, we look forward to welcoming you all on board with us on your flight from Geneva tomorrow. Have a great trip! ^L",Sun Oct 08 14:24:30 +0000 2017,False,True
2409950,2409949,Landed from #Heathrow &amp; #SanFrancisco with completley care free journey.,We're glad to hear you've had a great flight John. Enjoy the rest of your trip. ^Kit,Tue Nov 14 13:53:23 +0000 2017,False,True
363483,363482,is there an extra charge for checking 1 luggage in flights from Glasgow to London?? #britishairways,"address, and postal address. One of the team will be in touch with an update as soon as possible. 2/2 ^L",Sun Oct 08 16:52:36 +0000 2017,False,True
2109155,2109158,So will there be Boeing 777-8s or 777-9s going to NYC or Orlando?,Hi Jacob. We're looking to retire our 747's over the next few years. We've also just taken delivery of our 25th 787 Dreamliner! We 1/2,Wed Nov 08 13:16:50 +0000 2017,False,True
1175044,1175043,We did and another guest certainly made it very clear.,"Thanks for bringing this to our attention, Jimmy. We'll certainly make sure this doesn't go unnoticed. ^DaniH",Tue Oct 24 16:05:17 +0000 2017,False,True
1413350,1413353,"They're not too long. Again, what's the real reason?","Hi, John. Our baggage policy advises the guitar would be too long and we must accommodate baggage in the overhead also. ^Pip",Thu Nov 02 14:34:02 +0000 2017,False,True
281777,281776,"So, we had a rescheduled flight yesterday (LHR-&gt;AMS became LCY-&gt;RTM). Instead of relaxing with a cup of coffee after a ...","We're sorry for the inconvenience caused. You can make a claim through the website here, ^SR",Fri Oct 06 08:59:20 +0000 2017,False,True
2936892,2936891,Dear —Please check your computer system. I‘ve repeatedly tried to book an important flight (attempted on 2 devices) &amp; system crashes each time before the booking can be completed.,"We're not aware of any issues with our webiste, Aaron. Have you tried using another device? If you still continue to have problems, you can call our Sales team on 0844 493 0787 option 2. Calls cost 7p per minute plus your phone company's access charge. ^Leanne",Wed Nov 29 02:00:55 +0000 2017,False,True
241246,241248,"It’s connecting in Madrid, and I’m a UK passport holder. So do My bags automatically get sent to the next flight?","Hi Jasmine &amp; Kirsty, if they are booked on one ticket they will be checked through to your final destination. ^Lynn",Sat Oct 28 09:28:14 +0000 2017,False,True
2048245,2048242,Malta a/port now due to weather. Going to lounge (club) but no staff to take bags Stuck in costa 4 hours . Rubbish Club exp,"Hi Tracy, We're sorry to hear about your current experience. We can only apologise for any inconvenience that has been caused. ^Cody",Thu Oct 05 14:09:00 +0000 2017,False,True
1714931,1714930,We had a great flight filled with #BirthdayBubbles &amp; when Captain Mark told us about the great views over London we moved seats to see✈️🇬🇧🍾🌃,"We're pleased to have made you smile, Emma. Have a great week! ^SR",Mon Nov 06 20:54:51 +0000 2017,False,True
257983,257982,Magical Christmas Market Breaks From £129 With - WebWire (PR) :,"Hi, thanks for sharing! We look forward to welcoming our passengers on board their winter adventures! ^L",Thu Oct 05 18:55:17 +0000 2017,False,True
600594,600592,2 weeks in a row BA1337 parks at international stand and disembarks from the rear of the aircraft. Please tell me why i should bother with your club europe if i am last off the plane 😡,We're sorry to hear this Andrew. The flight can only disembark in an area where the airport authority clears us for. ^Kit,Sun Dec 03 20:58:02 +0000 2017,False,True
2677187,2677189,"Thanks, even though I wasn’t part of the orchestra still left with a spring in my step.","That's a great feeling to have, Jeremy! Especially when the weekend is almost over. ^Linda",Sun Nov 19 12:54:03 +0000 2017,False,True
600608,600606,is this gift shop only for employees or can anyone purchase an item of the gift shop because I'm interested in purchasing a couple of the biro pens,Hi Joshua. Please send an email here __email__ for more information. ^Neil,Sun Dec 03 17:33:51 +0000 2017,False,True
1993615,1993618,How do I go about claiming compensation and money back for the delay?,"Hi Richard, you can submit your claim with our Customer Relations team by clicking on the following link: 1/2",Fri Nov 03 15:29:08 +0000 2017,False,True
1505106,1505105,what’s going on with your app... won’t let me add a booking? Won’t refresh.. now I can’t even log in 🙄🙄🙄,We're sorry to hear this Kris. Have you tried deleting your browser cache to see if this resolves the problem? ^Kit,Mon Oct 16 14:43:36 +0000 2017,False,True
65273,65271,how can you cancel a flight and book us on a next available flight on another day? Are you going to pay for accommodation!,"It may be the only flight available to book you on, George. Were you given any other rebooking options? If you incur any expenses due to the cancellation, please keep your receipts. You can submit a claim using this link ^Davina",Thu Nov 30 07:19:23 +0000 2017,False,True
1278372,1278375,"Out west you fly to and in early July there is the Calgary Stampede, about 90 min east is Drumheller, where the only fully dinosaur museum in Canada is. 90 min to the west of YYC is Banff where beautiful Canadian rockies are.","Hi Brogan, thanks for that piece of information. We always like to hear our customer's thoughts. Hopefully 1/2",Fri Nov 10 03:18:23 +0000 2017,False,True
1734684,1734685,", listened for once to the safety and security video, was funny. Wondering if frequent flyers do see it the same?","Hi, the safety video is fantastic, isn't it! It makes you sit up and watch it. Best one I've seen in a while and believe me, (1/2)",Tue Nov 07 13:03:39 +0000 2017,False,True
2233827,2233828,I don't even know where to get the train from or if I'm checking in in the airport or just going in the train??,Hi Anne-Marie. You can get a London Heathrow Express from Terminal 3 to Terminal 5. 1/2,Fri Nov 10 13:43:27 +0000 2017,False,True
1900706,1900705,Can you send my e-ticket for booking ref JTOQCF to my email address. Have not received it even after 2 days.,"Hi Kaiser, if you've booked through a third party agent you'd need to contact them for your confirmation. ^Alex C",Wed Oct 18 09:19:29 +0000 2017,False,True
18274,18272,I normally travel with my guitar on board but BA in OSL forced me to check my guitar...in its soft case. Be gentle!,"I'm sure we'll take care of it. A hard case would be good for next time though, maybe? ^SR",Wed Nov 01 04:54:53 +0000 2017,False,True
293516,293517,Gold card member: separated from young son &amp; moved back down the cabin NOT ON. Written complaint to follow.,"This isn't good to hear, Sam. We'd always sit a child under the age of 12 with at least one adult in the booking. Could you let us know 1/2",Fri Oct 06 15:08:12 +0000 2017,False,True
1084215,1084214,"Hi, how many avios do I need to upgrade an Eco flight to premium eco (LHR-LAX)?","We’ll need the booking ref, your full name, email and phone no. thanks (2/2) ^Al.",Mon Oct 23 11:41:13 +0000 2017,False,True
1871976,1871974,does all your flights to the US have WiFi on board?,"Not all flights, Hanna. Although this is something we're in the process of rolling out. What flight are you travelling on? ^Lisa",Thu Oct 19 16:17:19 +0000 2017,False,True
1331816,1331818,"Incident 170818-001442 line was long so agent helped me last, couldn't find my record locator and my families flight was boarding by then!","Hi Natasha, could we take your booking reference, passport number, expiry and contact number from you so we can have a look into this? ^K",Fri Sep 15 15:53:24 +0000 2017,False,True
1876234,1876233,can you advise if I can get a refund for extra luggage allowance I purchased but didn't end up using?,Hi Ale. Yes your excess luggage charge would be refundable as long as you refund it before you check in for the flight. ^Beth,Tue Oct 17 22:48:20 +0000 2017,False,True
29052,29054,Now been told Customer Services replying soon re refund ! Not bad after 3 months ?????,"We appreciate it's frustrating to wait so long, Gerry. Unfortunately due to high volumes off the back of the disruption we've faced this 1/2",Wed Nov 01 06:40:13 +0000 2017,False,True
705328,705330,"Yes got buggy on luggage belt, not ideal carrying an asleep toddler from B gates in T5. This is basic stuff, you need to get it right for families. Sour ending to a lovey holiday","We appreciate you taking the time to feed back your experience, Natalie. We'll make sure this is passed on to London Heathrow. ^Natalie",Sat Nov 25 22:11:45 +0000 2017,False,True
1369239,1369242,"Range? You mean classes. Lhr-iah, msy-lhr fixed dates most expensive booking direct with BA.","Hi Nichola, we have different fares within each cabin and tickets tend to be more expensive closer to the departure date, as the lower 1/3",Fri Oct 27 13:36:34 +0000 2017,False,True
277486,277487,Really disappointed in you . Waking me up when we still have forty mins left in…,crew and normally done for safety reasons on board. We hope you weren't too inconvenienced. ^Kit 2/2,Mon Oct 30 18:35:30 +0000 2017,False,True
2351671,2351670,I sense this might be a very long flight to Istanbul 😕,"This doesn't sound good, Ian. Is there anything we can help you with? ^Ems",Mon Nov 13 15:57:55 +0000 2017,False,True
2268302,2268300,"hi - I'm flying on ba54 tonight, can you send me the first menu on DM please?","Hi Adam, unfortunately we wouldn't be able to confirm the exact menu but you can see a sample menu on our website: ^Sophie",Sat Nov 11 08:29:27 +0000 2017,False,True
1876422,1876421,"Wanted to make an avios booking but system had wrong birthday. Sent in the correct details, can you expedite so I can book?","Please can you provide your full name, email, exec club number and also what your correct date of birth is. We'll take a look, Julian. ^Ash",Sat Oct 21 19:07:44 +0000 2017,False,True
2896447,2896449,Let’s just ignore the fact I’ve asked my items to be categorised as fragile but it’s nice to be approached in an apologetic manner 👍🏼,"We certainly recommend that your fragile items are wrapped in an appropriate manner or checked in through IAG Cargo with added insurance. Otherwise, we'd recommend carrying them on board. ^Julie",Tue Nov 28 17:43:41 +0000 2017,False,True
274371,274370,Hi : Please help to find out a missing hand bag that was left on flight BA276 on Sept-21 in front of the seat 38 E/F!!,"0844 8243115, the company name is Bagport and calls are charged at 7p per minute. I'm afraid we can't assist in locating the bag. (2/2) ^N",Fri Sep 29 23:10:35 +0000 2017,False,True
390126,822361,Booked online eventually. Prefer not to use your call centre for info. Even considered driving to the airport to book at one point.,Hi there. I’m happy you’ve managed to sort everything out online. Please let us know if you need assistance with anything else. ^Monica,Tue Oct 10 07:29:42 +0000 2017,False,True
1450356,1450355,Why do persist with priority boarding when it’s a bus to the aircraft...the result is you’re last off bus &amp; last onboard.,"Priority boarding usually runs, as it should, apologies if we let you down on this occasion. ^Pip",Thu Nov 02 14:29:26 +0000 2017,False,True
359369,359370,"I've just made a booking, told it can't be completed but money gone from bank account? Can you explain","Hi. I'm sorry you've had some issues booking online. Funds don't debit immediately, but your bank provide authorisation for the amount. 1/2",Sun Oct 08 13:52:29 +0000 2017,False,True
1940568,1940569,"I am trying to find an email address for the Exec Club so I can email them, could you advise me if this please? Thanks 😁",what you need help with and we may be able to assist you. 2/2 ^JulieR,Sun Oct 29 13:08:23 +0000 2017,False,True
2937618,2937621,You haven't requested my booking reference or any details so I assume my comments will just be 'filed'. I am extremely disappointed. I think it is extremely rude of your crew. They could see I couldn't move plus didn't even attempt to check the seat was actually 'broken.,"Safety is always our priority and the crew will have reported the broken seat to be fixed upon landing. We only have one flight from Abu Dhabi so we can use the information you’ve provided in your tweets to register your feedback. We’re sorry you didn’t enjoy your flight, Jess.",Thu Nov 30 06:29:28 +0000 2017,False,True
2109140,2109139,Its the 21st century. Why are there no power sockets at seating areas in your lounges in your flagship terminal (LHR T5). Its disgraceful.,"Hi Tim, I'm sorry to hear this. Did you report this to the staff in the lounge ? ^Tom",Wed Nov 08 09:53:43 +0000 2017,False,True
189634,189633,"Yep I was able to sit in the crews break area for a bit, unfortunately there were no other spare seats.","We're pleased our crew were able to help a little, Kris. We appreciate how frustrating it was for you. ^Jane",Sun Oct 01 17:23:58 +0000 2017,False,True
2648139,2648138,can you answer a simple question please? I have transactions in my executive club and my wife and kids have a household account with me but they don’t have and movements for nearly 3 years. There 36 months is up on 9th dec. will they be valid still because of me,"Hi Stu, these are still classed as separate accounts so if there's no movement they will be closed. ^David",Sun Nov 26 17:26:34 +0000 2017,False,True
2137828,2137827,Just to balance my Gold EC membership I thought I should join the version and compare #GetGo,"Hi Peter, thanks your loyalty and support. We're here 24/7 if we can assist you. ^Bm",Thu Oct 19 08:04:24 +0000 2017,False,True
2877196,2877194,will not be travelling with you again!!! The first I've experienced racism; for being Scottish!! No wonder there is becoming such a huge divide in the U.K with staff and companies like that!! F#*k B.A!! #Boycott #britishairways #Scotland #racist,We're concerned to hear this. Can you tell us more about what happened? We'd like to pass this on as feedback for you. ^Steph,Tue Nov 28 00:53:36 +0000 2017,False,True
2584051,2584053,"Hi Cody, that’s the worry...I’ve not tried to access the account until trying to checkin via the app and immediately got the error!","We’re concerned to hear this, Simon. Would you mind sending us your full name, booking ref and email address please? We’re happy to look at your booking to make sure everything’s okay. Regarding check-in, you’ll have to proceed to the airport as normal. We’re sorry for any 1/2",Fri Nov 17 08:31:06 +0000 2017,False,True
1289983,1289981,✈️🇬🇧 Good reason to fly ? They serve onboard! 🍷🙌🏻,"We're pleased to hear you like the choice of wine on board, Tom. Did you have a good flight with us? ^JR",Thu Oct 26 14:53:41 +0000 2017,False,True
2570888,2570886,Who else on this going nowhere flight can believe it took an hour to turn the Aircon on?,"Hi Maz, the air-conditioning is linked to the aircraft engines. The engines can not be switched on until the aircraft is ready to leave for many reasons, including saving fuel and protecting the environment. ^jm",Thu Nov 16 17:34:57 +0000 2017,False,True
1480975,1480974,"Crew fantastic, but not seated together on a special trip was not the start for elderly couple","Hi Matt, we're sorry for the issues with your seat reservations but it's great to hear our crew were on top form! ^L",Tue Oct 17 06:56:22 +0000 2017,False,True
1451920,1451919,just a quick thank you to the staff at Edinburgh who so far have made my mum &amp; step dads unexpected trip to Boston easier,the flight better please ask your mum and step dad just to ask. ^Julie 2/2,Thu Nov 02 10:18:47 +0000 2017,False,True
1426120,1426119,Absolutely brilliant cabin crew on BA793 today. Thank you for hiring them.,Thanks for those kind words Antonio. We'll pass these on to the crew for you. ^Kit,Mon Oct 16 18:03:28 +0000 2017,False,True
230358,230360,"do you think nearly 2 weeks , and still nobody has contacted me is acceptable? I certainly don’t.","We understand why you're feeling frustrated, Lloyd. Our operation is very busy during peak periods. 1/2",Fri Oct 06 09:43:45 +0000 2017,False,True
472984,472987,"1/2 Why did the curtain stay in the same place for six weeks, move forward for one day then move back to where it was before? Doesn’t sound like a very robust system - but a very good one at annoying customers. Don’t offer if you can’t deliver - I’d rather know i was at the back","We understand your frustration, Gary. On the type of aircraft, we do have flexibility. We never guarantee any prepaid seats, as they can be changed at any time, including on board. ^Cecilia",Fri Dec 01 10:00:35 +0000 2017,False,True
1970637,1970636,"So, the 21st birthday presents that her 'English family' so carefully choose &amp; wrapped might turn up. Sometime this week.","Hi Julia, we'll get your son's bag to him asap. If he's away from home he can purchase any essentials needed and we'll reimburse him. ^Helen",Tue Oct 31 19:10:55 +0000 2017,False,True
1385893,1385892,why problems with your site re trying to upgrade it thinks I am flying different cities,"We're experiencing a global system outage, Marcus. Thanks for your patience. ^Ash",Sat May 27 06:28:46 +0000 2017,False,True
420494,420496,Tried from mobile &amp; desktop.Even cleared cache but of no use.My wife is traveling and she got a seat finally but why was flight overbooked ?,"Hi Bhaskar, I'm sorry to hear this. Overbooking of flights is quite regular with all airlines. ^Tom",Tue Oct 10 09:53:16 +0000 2017,False,True
1101115,1101113,"why do suitcases with priority tag never get treated as priority? shld be loaded last &amp; unloaded 1st, not difficult really","Hi there, we don't offer priority bags as part of our service. We'll pass your comments to the airport managers. ^Linda",Sat Oct 14 20:11:12 +0000 2017,False,True
2471508,2471507,"hi there! Need help with executive club account, just realised have some avios points missing from March when I opened my account... Website says eticket number doesn't exist 👎👎","Hi Lorena, can you please provide your Executive Club number, date of birth, the address on your account and flight details and we can take a look into this for you. ^Tom",Wed Nov 15 11:06:36 +0000 2017,False,True
2387292,2387293,"On my last flight, BA's policy allowed a family with children to sit together without additional payment. Unfortunately, your policy does not allow this for the current flight but that wasn't clear upon booking. BA should do better.","We're sorry you were unaware of our seating policy when it comes to travelling with children 12 and over, Amar. We'll pass your concerns on to our Customer Experience team. ^Natalie",Wed Nov 15 03:41:25 +0000 2017,False,True
226227,226230,But how long is acceptable to have to wait? It’s a customer complaint!,"We understand why you're feeling frustrated, Jo. Unfortunately, we're unable to give you a timescale. 1/2",Thu Oct 05 06:39:21 +0000 2017,False,True
989411,989412,"Hello. Quick question. For KUL-TXL flights, are all meals halal? Or do I have to request for it?",You can do this from Manage my Booking on Hope it helps. ^Monica 2/2,Sat Oct 14 05:57:58 +0000 2017,False,True
1045707,1045712,shame on you! Telling a person they have missed their connecting flight an hour before its due to leave... useless staff!,"Sorry your son wasn't able to get his flight to Cape Town, Craig. 1/3",Sun Oct 22 20:00:42 +0000 2017,False,True
437529,437527,"hello, I’m at YUL for flight later, no BA staff available. Anyway to check bags before 5pm so I can go thro to lounge? Ta",to make. We'll be in touch as soon as possible. Apologies for the delay in our reply. 2/2 ^L,Tue Oct 10 15:16:43 +0000 2017,False,True
1625191,1625192,"what does the red hat on the ground crew denote? Seniority, length of service?",Hi James. the red hat was created in 1964 for British Airways dispatchers. This is to identify from a distance 1/2,Sun Nov 05 16:20:40 +0000 2017,False,True
1307892,1307891,you oversold seats and now I have to wait till tomorrow to get my flight again. This is competely unnaceptable,"possible, but it's disappointing to hear we misjudged the numbers on this occasion. I hope our airport staff looked after you? 2/3",Thu Oct 26 18:39:51 +0000 2017,False,True
1667368,1667367,Well the weather is a great deal brighter in #Lisbon as comes in for #WebSummit,"Thanks for sharing the picture with us, Andrew. It's an amazing view. We hope you had a fantastic flight to Lisbon. ^Sarah",Mon Nov 06 09:37:40 +0000 2017,False,True
232959,232958,"I want to book one economy basic and one economy plus seat to take one suitcase for 2, howdo we guarantee sitting together?",Hi Rachel. Sorry for the late reply. You can't book different fare types on one booking. You'll have to book them separate. ^N,Mon Oct 02 18:17:58 +0000 2017,False,True
2739119,2739117,Today the worlds worst airline introduced another typical budget airline proceedure making u board depending on how much u paid 4 ur ticket. Where the world tries to eliminate discrimination #BA supports a form of it. My money not good enuff.,"We are introducing new boarding procedures to speed up the process and make it simpler for customers to understand. This method has been used by airlines around the world for a number of years, including by our partners American Airlines, Iberia and Qatar. ^Gill",Mon Nov 20 13:52:50 +0000 2017,False,True
1788343,1788345,how can you justify this price change when I search a flight on my app compared to my office booking it on desktop?,2/3 reload the app and delete any cookies. You may also have to change the browser. Sometimes it stores old history in there.,Thu Oct 12 15:15:26 +0000 2017,False,True
2914959,2914958,"just been told by your customer svcs, that it’s no longer possible to book seats if flight booked via 3rd pty. not good...","Hi Glen, sorry to hear this. You can book your seats through Manage My Booking on our website. Please click on the following link",Tue Nov 28 18:17:15 +0000 2017,False,True
932441,932442,flew worst airlines ever- lost luggage 10/15 still no luggage 10/20! No answers no luggage!,"Hi Karen, we can certainly look into this for you and we're sorry for the delay in our reply. Please accept our apologies",Sat Oct 21 03:03:13 +0000 2017,False,True
1667377,1667374,"I can't access today with Firefox or Chrome. I get ""You don't have permission to access ""/D/8308/300618/000/origin-www.britishairways.com/"" on this server.","We’re sorry for the inconvenience Michael, we recommend deleting your history and cookies and that should work. ^Kieran",Mon Nov 06 11:15:09 +0000 2017,False,True
2030930,2030929,flight ba2158 from St Lucia 6 hours sleep a great cup of tea and awesome crew. Big thanks to the driver 4 a smooth ride,"Thanks for getting in touch about your St Lucia flight, and for the round of applause! We hope to see you on board again soon. ^Cec",Tue Nov 07 08:55:30 +0000 2017,False,True
2770490,2770491,You’ve not actually told me what type of photographic ID is acceptable if the passenger does not have a passport nor driving license.,"Hi Christine, you just need to carry photographic identification. You can find more information by using the following link: ^David",Tue Nov 21 18:09:42 +0000 2017,False,True
295482,295484,Last leg in a taxi thanks Julie!,"Hi Brendan, it's our pleasure. We're here 24/7 and always happy to help if there's ever anything you need. ^L",Fri Oct 06 18:29:46 +0000 2017,False,True
1779431,1779429,I’m so offended. Why do you not sell veggie Percy Pigs and only normal ones on your flights😩☹️What about us veggies?!,"Hi Lauren, we're sorry to hear you down. We always do our best to cater for all dietary requirements. We've passed on your comment. ^L",Wed Oct 11 17:37:00 +0000 2017,False,True
455264,455266,"Natalie I was 5min late. Plane wasn't expected to leave for 55min, airport was empty, pretty sure security would be too, (would guess the plane was too)I'm confident I could have made it to the gate with ample time, with just a tiny bit of your help.","busy. I can understand your disappointment, but it's your responsibility to arrive at the airport in good time and complete check in before it closes. ^Beth S. 2/2",Thu Nov 30 23:24:48 +0000 2017,False,True
2560045,2560044,- assuming your website is playing up? Can't get to manage booking or exec club,"We're sorry you've experienced problems online, Rosalind. We're unaware of any issues. Have you tried deleting your browsing history or using another browser? ^DaniH",Thu Nov 16 15:31:50 +0000 2017,False,True
2811051,2811050,"our flight was delayed but all that will be forgiven when you have an excellent crew, which you did on the BA1376 this evening. Special call out to Bradley White! Your people make all the difference 👏","Hi Kelly, we're sorry you were delayed. It's great to hear the cabin crew, especially Bradley, looked after you. We'll pass on your lovely comments to him and the crew. ^Lynn",Tue Nov 21 22:18:45 +0000 2017,False,True
2867544,2867543,trying to checkin online for my tomorrow trip lin-lhr-yul both from mobile and browser service down pls help!,"We're sorry about that, Francesco. If it's not workign I'm afraid the only alternative is to check in when you arrive at the airport. ^Stephen",Mon Nov 27 21:11:13 +0000 2017,False,True
1561636,1561639,Hello! It hasn’t - apparently it will arrive tomorrow (we leave Monday!) Can we claim for underwear we are forced to buy etc?,"Hi Joesph, you can claim for any essential items you've needed to purchase whilst without your luggage. 1/2 ^Sophie",Sat Nov 04 09:57:43 +0000 2017,False,True
2233824,2233825,"shocked at , selling experiences to a Glacier then after payment advising transport not included? At a trip costing £200 per person? Telling me to hire a car to get to a Glacier???? Absolute joke and Customer Service!","Hi Cam. The terms and conditions are advised before taking payment. If you'd like us to look into this further, we'd recommend 1/2",Fri Nov 10 13:50:12 +0000 2017,False,True
346383,346381,"Dear , long haul flights with no internet, no power plugs, 90s entertainment system... time to update hardware , isn’t it?","service. If you let me know your flight number, I'll be happy to pass on your feedback. ^BS 2/2",Sat Oct 07 23:43:07 +0000 2017,False,True
1523413,1523412,"BA0272 outstanding crew members, #BethanyLucey #AugustaHerbert #ScottLucas. It’s as important to praise as it is to complain. Letter coming.","Thanks for the great feedback, Lisanne. I've passed it back to the crew and their direct managers. Enjoy the rest of your day! ^Marie",Mon Nov 06 23:06:12 +0000 2017,False,True
258017,685454,You have to go first or business if you want any service- there’s non in economy,must have been. We can assure you this has been fed back to our Cabin Services team to be reviewed internally. (2/2) ^N,Thu Oct 05 18:13:46 +0000 2017,False,True
1250768,1250767,Just booked flight from Jeddah to London. here can I book an extra bag of 23kg. There is no option on Manage my booking,"need your passport number, passport expiry and date of birth, for data protection. ^BS 2/2",Sun Oct 15 18:44:12 +0000 2017,False,True
828480,828478,"Thank you for the upgrade, not sure why, put they called my name, goes to desk for the news. Cheers 👍👍👍",Hi James. Sorry for the late reply. We hope you're enjoying the upgrade. It's always a nice surprise when it happens. ^N,Fri Oct 13 00:55:17 +0000 2017,False,True
2325018,2325017,can’t check friend in for 4pm flight. Is there a problem with website?,"Hi Alexander, we're not aware of any problems. They'll be able to check in at the airport. We look forward to welcoming them on board. ^Bm",Mon Nov 13 12:04:52 +0000 2017,False,True
140699,140698,"Hello, I'd just like to ask, are laptops allowed on your flights? Are there any specific regulations on how to pack these? removing the battery etc. Thanks","Hi Jason, this depends on the route you're travelling. You can find more information here: ^Charlotte",Fri Nov 24 09:32:11 +0000 2017,False,True
969732,969730,I'm in Heathrow Airport on BA55. We've now been queuing to try to talk to someone for over an hour.,"Sorry to hear that, Aisling. Did you get the assistance you needed. ^Anthony",Fri Oct 13 17:50:31 +0000 2017,False,True
2597850,2597849,I am flying edi Lcy in the morning and want to check in a bag but can only find the option to check it in on return flight,"Hi, Jane. If you've already checked in your only option would be to do this at the airport. Sorry for any disappointment. ^Lisa",Thu Nov 16 23:01:56 +0000 2017,False,True
2396957,2396956,"Hi, if I get a return trip from RUH-NCL via LHR can I skip the NCL leg on my return and fly direct from LHR-RUH? My company will not pay for multi city and dont want my LHR-RUH cancelled if I do not board at NCL","Your ticket has to be used in sequence, Gary. If you don't take one of your flights, any flights after that will automatically cancel. ^Leanne",Tue Nov 14 11:14:54 +0000 2017,False,True
530423,530424,"Hi Paul, I’m inside Galleries First . I can speak to guest services here , however I know it may be complicated with a code share booking (AA ticketed booking, earlier I even considered trying to speak to AA directly, however I know they’re in T3), hence the tweet","Hi Yaron. If the booking is ticketed with AA, then AA would need to change the booking. Hopefully they'll be able to help. ^Paul",Sat Dec 02 09:57:23 +0000 2017,False,True
2432420,2432418,Disgraceful that cancelled our return flight because we didn’t turn up for the first one due to a last minute travel change. Didn’t know they could do that. Shoddy behaviour from them.,We're sorry to hear you remain unhappy with the terms and conditions of your ticket Ray. But a no show will invalidate the rest of the booking. ^Kit,Tue Nov 14 19:10:20 +0000 2017,False,True
1357660,1357662,I have several times as you can see from my first post,"Hi Lak. Please accept my apologies for the inconvenience this is causing you. This isn't a widespread issue, which is why it is taking 1/2",Sat Nov 04 09:26:38 +0000 2017,False,True
1729804,1729805,Waking up at The Plaza in my PJs was *almost* as comfy as the flight over. Such …,"That looks super cosy, Carrie! We delighted you enjoyed the experience of our collaboration and we hope to see you again soon. 1/2",Tue Nov 07 11:10:54 +0000 2017,False,True
2250620,2250619,My latest #BAMagic for . Reuniting this couple was incredibly special. Amazing experience.,Hi James. It was a very special story and lovely to watch. ^N,Fri Nov 10 19:41:56 +0000 2017,False,True
2324999,2324998,trying to complete my reserved booking and getting an error message - is the service working?,"Not that we're aware of, Peter. What error message are you getting? ^Ems",Mon Nov 13 09:44:49 +0000 2017,False,True
256178,256183,"Once again, not taking any responsibility. I wonder who is responsible for the ""manifestly incorrect"" fare?","Hi Alan. We're sorry if this has caused you any frustration. We appreciate you're unhappy, but we can't change the response you (1/2)",Thu Oct 05 17:32:04 +0000 2017,False,True
2148887,2148889,"After calling BA all day her and in the UK, turns out you can't deliver luggage for another 48hrs!! I wasted all of today waiting so just been back to the airport to pick up my luggage myself. Not what I expected from the mighty BA","It's good to know that you've been reunited with your baggage, Kerry. I'm sorry the courier wasn't able to deliver quickly enough for you.",Thu Nov 09 00:53:23 +0000 2017,False,True
2496172,2496171,Either pilots fly better or they have quieter planes bcos they're much quieter landing! Long stay car park joys #Heathrow,"We're considerate flyers, Amy. Thanks for noticing and hope you've enjoyed your weekend. ^SR",Sun Oct 29 15:44:16 +0000 2017,False,True
1843376,1843377,"Hi, I'm trying to select a seat for a BA flight tomorrow; booked direct but it won't let me (2nd leg of journey) pls advise","number, email and what you're trying to book, to see if we can help? ^Marie (2/2)",Tue Oct 17 22:44:56 +0000 2017,False,True
616177,616176,"hello, can you recommend best check-in time for 1055 ba18 ICNtoLHR tomorrow? Thanks!","Hi Alun. Sorry for the late reply, we know you'll be on your flight now. We hope you've had an enjoyable trip! ^Beth",Sun Oct 29 23:36:44 +0000 2017,False,True
1968727,1968726,"The 2:25 from Dubai to LHR. An uncomfortable, crampt old plane. Impossible to sleep, ridiculously hot and squashed up to a random man !","Thanks for letting us know some more info, Beth. We're sorry the experience wasn't as expected, especially after your flight to Dubai. ^Cec",Tue Oct 31 10:16:57 +0000 2017,False,True
562044,562047,Hi Neil thanks for your reply. I know EK is not in Oneworld but on the BA website the third bullet point in the picture seems to suggest it’s possible to collect Avois (“flights marketed QF &amp; operated by another third party under a codeshare agreement”),"Hi Daniel. Sorry for that. If the flight is operating under a QF codeshare flight number, then you will get Avios, but not Tier Points. ^Neil",Sat Dec 02 23:12:40 +0000 2017,False,True
1972786,1972784,hi! I'm flying from Australia to London and hold Aus and British passports. What passport should I put down for BA's API?,"Hi there, unfortunately we wouldn't be able to advise you on which passport to put down. We would suggest checking with the British Embassy.",Wed Nov 01 06:15:14 +0000 2017,False,True
318007,318005,Im supposedly getting a refund?Nothing else can be done for tech errors. Wud u b happy with just that? I hav 2 arrange for 3 new flights,"We appreciate your frustration, Michelle. However, we can only reiterate what has already been advised 1/4",Tue Oct 03 04:46:16 +0000 2017,False,True
2928509,2928511,". I am led to believe otherwise by and you could choose to have your ground handling teams put the planes on stand, off board and then move the plane off stand if you so choose to have a bigger plane get priority.","Hi Kris. We're concerned by this, but we can only tell you what information we have. It's all down to scheduling and if there are any stands available at the time of arrival. ^Neil",Wed Nov 29 23:46:24 +0000 2017,False,True
2739136,2739137,BBC News - British Airways to board passengers in cheap seats last BA stands for bloody awful airline for sure,"Hi there, we are always looking for ways to improve and simplify the airport experience for our customers. Next month we are introducing new boarding procedures to speed up the process and make it simpler for customers to understand. 1/2",Mon Nov 20 13:44:33 +0000 2017,False,True
2938459,2938458,Please help us check in!,"I'm afraid this isn't something we can assist with, Natalie. If you're unable to check in online, you'll need to check in at the airport. ^Leanne",Wed Nov 29 06:22:39 +0000 2017,False,True
2847844,2847842,"Flying up from Heathrow yesterday only to hear BA steward answer question from foreign visitor. ""Yes ..Scotland, Wales and Ireland are regions of England."" I put him right.","This is concerning to hear, Alison. Can you let us know your flight number so we can pass this on? Thanks. ^JulieR",Mon Nov 27 17:41:15 +0000 2017,False,True
1597228,1597229,so I have to lose my legroom as my small bag has to make way for another suitcase in the overhead locker - joke!,It's common for us to ask that smaller bags be placed under the seat in front of you.This is to allow for larger bags to be placed in 1/2,Mon Oct 16 12:40:03 +0000 2017,False,True
235908,235907,It has been almost 2 weeks and I have not heard anything this is awful customer service?,"We appreciate your frustration, Adelle. However, please be assured a member of our Customer 1/2",Thu Oct 05 12:32:58 +0000 2017,False,True
1074290,1074293,"Indeed. The cash + avios Europe offer; when trying to book, the avios discount is working but not the additional 25%off. I tried desk+app.","Hi Ben, we're sorry to hear this. Please call our Sales team to assist. Here's their contact details: ^Lindy",Mon Oct 23 17:27:50 +0000 2017,False,True
350517,350516,"Hello, trying to make a date change online on a booking (TGBZV7) and getting an error message every time. can you help? tx","Hi there, can you please confirm your full name, email and contact number so we can take a look? ^Anthony",Sat Oct 07 11:53:38 +0000 2017,False,True
1745185,1745186,how do i change my flight from American Airlines to BA. booking was through,"You should be able to change your flight online by logging in to Manage My Booking, Peter. It will depend on your ticket rules if it's 1/3",Tue Nov 07 12:56:34 +0000 2017,False,True
2148796,2148795,"Hi，I want a confirmation letter of my booking, what should I do?","You can get this through Manage my Booking. Right at the bottom, there's an option to resend your receipt. ^Kimbers",Wed Nov 08 23:01:30 +0000 2017,False,True
537823,537821,It’s a bulkhead seat said . £58 please. Turns out they’re wrong. Same on the way back? Hope not!,58.We're sorry about the change to your seat on the outbound flight. Your seat on the return flight remains 40H. When you return we can get the outbound seat refunded due to the change. Sorry for any inconvenience caused. ^Pip,Sat Dec 02 10:29:34 +0000 2017,False,True
610724,610722,"I am flying from Seville to Gatwick tomorrow, my friend was meant to be flying today but can’t could I swap my flight to his reservation?","Hi, if you want to change your flight we would have to calculate the costs to change based on the type of ticket you have. It's not possible to swap your flights with your friend. ^Lynn",Wed Nov 22 09:59:58 +0000 2017,False,True
2766066,2766068,"It’s all good - rather than being sad at leaving Malta, I’m excited and counting down the days until Morocco #20days This is turning out to be a great 50th year, travelling a lot with yourselves and blogging about my explorations 🌍","It seems that way, Sally-Ann. You're having a great time of it! We hope you enjoy Marrakech. Feel free to share your blog with us. ^Chris",Tue Nov 21 12:36:13 +0000 2017,False,True
2228806,2228805,you are now charging to me change from a middle to an aisle seat when I check in. I am now done.,"We can understand your frustration, Duncan. We'll feed your comments back. ^Paul",Fri Nov 10 10:04:31 +0000 2017,False,True
195676,238960,"Linda - as indicated, your Social Media team needs to actually read the post &amp; content therein before trying to engage. (1/X)","about the lounge at SEA, and your other experience to our Customer Experience team. I'm sure they'll value your insight.^ 2/2",Wed Oct 04 17:49:02 +0000 2017,False,True
940369,940367,suitcase ruined u offer $50 comp which is an insult. U r no longer my airline of choice as a result so will cost u more!,"We're sorry you're unhappy with the amount offered, Lynne. This is determined by our baggage specialists. ^Lynn",Mon Jul 24 11:33:14 +0000 2017,False,True
2190003,2190002,"hey guys, how early can I drop off my bags at San Fran to London flight","Hi Nick, the Check In opens four hours before the flight. ^Kit",Thu Nov 09 18:25:36 +0000 2017,False,True
2354967,2354966,charging £1235 to change booking needed coz of #Irma when can't even get back to Miami. Holiday ruined.,"Have you spoken to our Change Booking team for your best options, Steve? Sorry your holiday has been ruined by the hurricane. ^Gill",Mon Sep 11 21:04:17 +0000 2017,False,True
1316587,1316586,is it possible to transfer a checked bag into someone else's name after online check in?,"For security and safety reasons, we're afraid it's not possible, Sam. ^Linda",Mon Oct 16 07:07:26 +0000 2017,False,True
1552645,1552646,Very disappointing no announcement about water restrictions in CT on 17:00 flight from Jhb on landing in CT😡,"Hi Gillian, we're sorry to hear there were no announcements on board your flight. We’ll 1/2",Fri Nov 03 17:43:22 +0000 2017,False,True
1976210,1976212,"1st flight w/ in a while, &amp; so far I’m not impressed. Flight cancellations can happen, but not this level of shambles. 😤 ✈️","We're sorry your flight was cancelled, Dominic, and for how it was handled. We are, however, glad to hear you were rebooked, and we hope 1/2",Wed Nov 01 15:04:20 +0000 2017,False,True
1991914,1991913,flying Lon -JFK rtn then lLCy- Edi rt n then Lon- Cpt rtn first/biz Mtg in Edi cancelif I don’t go Edi costs me £1k BA hates premium custom,"Hi Jonathan, if you want to cancel one of your flights, your ticket has to be fare quoted again. I'm sorry for any disappointment. ^Lindy",Fri Nov 03 05:34:29 +0000 2017,False,True
737394,737396,No as I was completely disappointed with the service in general on the flight. Not what I’ve been used too.,"We appreciate your feedback, Roger. This has been passed back to the relevant teams. Thanks for letting us know. ^Liz",Wed Oct 11 12:38:11 +0000 2017,False,True
109245,109244,How does only have one check-in counter open at ?!,"We're sincerely sorry to hear about your bad experience, Amith. We hope you enjoy the flight once on board. We'll pass your feed back on to our Customer Experience team. ^Paul",Thu Nov 23 13:58:11 +0000 2017,False,True
987943,987945,"Sort of, I mean, I did a bit of crying too but that’s ok right?","Ugly crying to films is one of my specialties, Aliye. More than acceptable. ^Kimbers",Sun Oct 22 14:09:10 +0000 2017,False,True
241354,241353,how is this an acceptable power outlet on a modern plane in 2017? Add in lack of wifi and you are pushing business away,out Wi-Fi across our aircraft in the coming months. I'm sorry I don't have a timescale fo when this will all be completed by. ^Kev 2/2,Mon Oct 09 15:00:38 +0000 2017,False,True
2050682,2050681,I see availability on American Air but not finding availability for Avios. Can you help please?,"Hi there, Justin. I'm afraid you can only book from what you can see online. It looks like AA haven't sold their availability yet. ^SR",Thu Oct 05 17:38:48 +0000 2017,False,True
1552939,1552941,He did after some to-ing and fro-ing but now isn't arriving until later on Sunday.,We apologise for the disruption to your fiancé Janine. We wish him a safe journey and let us know if you've any further issues. ^Oliver,Sat Nov 04 11:27:44 +0000 2017,False,True
1884403,1884402,Worldwide this is going to be a rarity soon. However operate the largest fleet of #b747 in the world #avgeek 😎✈️,"Isn't she a beauty, Mark. We love this photo! Thanks for sharing. ^Steph",Wed Oct 18 10:58:45 +0000 2017,False,True
1571184,1571186,"Hi I have a joint c-card with my gf but can't figure out where the points are going, pls help! Thx","Hi Frank, we would recommend speaking to our Executive Club in regards to your account and points. Please follow the link below for 1/2",Sat Nov 04 10:29:03 +0000 2017,False,True
425965,425967,BA1469 - The cabin crew in Club Europe were amazing. I didn’t get the name of the guy who was looking after us but he is a credit to BA,"Good evening, Matthew. This is great news. We're glad the crew made your Club Europe experience so enjoyable. We'll feed it back (1/2)",Tue Oct 10 16:22:13 +0000 2017,False,True
318338,318337,Flying home.....thanks ✈️ #greatview #flying #britishairways #HomeSweetHome,Hi Joanne. Thanks for sharing your photos. We hope you're having a comfortable journey home. ^N,Thu Oct 05 21:39:32 +0000 2017,False,True
1664567,1664566,i would like to say what a friendly crew was onboard our flight to orlando from gatwick today especially Mikey.,"Thanks for your kind comments, Lea. We hope you have an amazing time in Florida. ^Jane",Mon Nov 06 02:56:31 +0000 2017,False,True
2711721,2711720,Thanks for the upgrade - each time a trip includes Tokyo I fly back home in World Traveller Plus!,It was our pleasure! I hope we'll see you on board again soon. ^Beth S.,Sun Nov 19 23:52:18 +0000 2017,False,True
820271,820274,LHR to Bologna. 1 hour waiting onboard then told plane broken. Another hr to change plane. Not even a free drink offered now homeless as too,Hi there. We're sorry for the hold up and late arrival at your hotel We hope you managed to find somewhere to stay? ^N,Thu Oct 12 23:29:54 +0000 2017,False,True
254728,254729,"rubbish service, cannot check in on international flight and customer service won't help","We're sorry things haven't worked as planned this time. We'll pass this on to the Web team but on this occasion, 1/2",Thu Oct 05 15:51:28 +0000 2017,False,True
1184314,1184315,25:01 mins on hold w/ 1800 # of to speak to an agent for existing reservation. then hung up. #britishairways #badservice,"We're disappointed to hear that, Saad. Please accept our sincere apologies for the inconvenience caused. We'll pass your comments to our 1/2",Sun Oct 15 16:20:03 +0000 2017,False,True
2378030,2378028,"Hi, can I take a laptop bag and a slim suit bag as hand luggage on a long haul flight? Thanks",Hi Tom. You can take a suit bag as your main carry-on and a laptop or handbag as the other. ^N,Mon Nov 13 21:22:09 +0000 2017,False,True
1973735,1973734,"So maybe you can explain this, because staff as perplexed as us: a ‘go to gate’ instruction for flight leaving in 3.5 hours","Hi, we can see the BA295 departed at 12:19. We're sorry for any confusion, but the info on the boards is updated by the airport. ^HP",Wed Nov 01 08:35:11 +0000 2017,False,True
2838952,2838949,What on earth is going on with SA? This is the 3rd consecutive flight delayed ive booked just this last week! I'm now booking an SAA flight though lord knows they aren't a plan B for the future. Thought BA was better than this. Is there any reliable airline left?,"We're sorry to hear your flight's delayed, Gwen. We can fully appreciate how frustrating this must be, especially as your previous flights have also been delayed. Which flight are you due to travel on? ^David S",Mon Nov 27 11:36:51 +0000 2017,False,True
2790094,2790092,Talk about kicking you when you’re down.... late flight leaves before the early flight out of Zurich... appalling service yesterday and today,"We're sorry your flight was delayed, Laura. If a flight has been delayed we would need to wait for a take off slot from Air Traffic Control, and this may take a while depending on we get the go ahead. We apologise for any inconvenience the delay caused you. ^JulieR",Tue Nov 21 17:20:01 +0000 2017,False,True
2203008,2203007,Thanks to pilot of flight into #Belfast for a calmly executed ‘go around’. 🛫 To the pilot of the other plane still on the runway....,"Thanks for your kind comments about our pilot, Roy. We've passed them on to them. We understand your frustrating and hope your home now. ^JL",Thu Nov 09 20:31:56 +0000 2017,False,True
2174643,2174644,hi just left flight BA 0890 London to Sofia and I left my notebook on the plane. Went back to get it and it wasn't there anymore. Please help it has important information and the entirety of the past 6 months of my life. Soft cover beige:,"Hi Joana. For items left on board aircraft arriving in to Sofia, please see the following number to call. + 35929459227. They're 1/2",Thu Nov 09 11:38:59 +0000 2017,False,True
2760211,2760210,will you be having a Black Friday deal on for your all inclusive package holidays? 🙏🏻,Hi Liam. We're not aware of any sales for Black Friday. ^N,Mon Nov 20 22:42:14 +0000 2017,False,True
1402505,1402507,sent a complaint about having to move seats we paid for and didnt get a response!,"Hi Rissa, sorry you're still waiting to hear from our Customer Relations team. I'm sure they'll 1/2",Sat Oct 28 12:01:59 +0000 2017,False,True
1829713,1829712,and it’s 3 for 3 flights delayed on me in the last 10 days - brilliant...not... do you publish punctuality figures?,"Hi Matt, we're really sorry you've experienced three delays in a row. Punctuality figures are published based on airport, through CAA. ^Sam",Tue Oct 17 15:14:47 +0000 2017,False,True
2203005,2203004,what’s the charge to check in a car seat please? (My infant is not traveling with me),checked in then excess charges would apply. Click here for more information. ^Julie 2.2,Thu Nov 09 20:38:24 +0000 2017,False,True
992508,992511,"We did thanks, Kieran.","That’s good to hear James, if you need anything else, please let us know. ^Kieran",Sun Oct 22 15:34:31 +0000 2017,False,True
2757935,2757934,sad your Boston first class section does not serve Gold card holder as it does everywhere else! Gr8 lounge tho!,Hi there. We're a bit confused by your message. Is this about service in the First cabin on your flight from Boston? The new lounge is really good though. We're glad you like it. ^N,Mon Nov 20 20:32:58 +0000 2017,False,True
2197089,2197091,"So tonight I had a 2 hour flight that took 4 hours, a missed train connection, and a 1 hour cab ride that took 2 hours due to driver going wrong way thanks for the #epic welcome home","Wow! What a nightmare. Apologies for our part, George. hope you're all tucked up and sleeping by now. ^Hel",Fri Nov 10 00:41:33 +0000 2017,False,True
1462844,1462840,Jas () &amp; took #CustomerService to a new level by rebooking my flight (other destination) free of charge!,"That's our pleasure, Rebecca. It's not often we do that. We hope you had a great flight. ^Julie",Thu Nov 02 15:42:56 +0000 2017,False,True
2808004,2808003,hey! Please restart your operations to Islamabad. I miss BA coming to Pakistan. Thank you,"Hi Saad, I’ll pass your request on. Watch this space, you never know. ^Davina",Sat Nov 11 06:16:55 +0000 2017,False,True
8157,8159,Thank you Kimbers. Managed to just make it onto my flight in the end,"That's good to hear, Louisa. Hope you had a good flight. ^Lindy",Fri Nov 03 07:21:13 +0000 2017,False,True
1225600,1225599,Hi sorry but I make a mistake with the check in in the app I put 1 baggage but it's only hand baggage is there any problem?,"Don't worry, Cari! You won't be charged or have any problems if you don't check in a bag. ^BS",Sun Oct 15 17:49:12 +0000 2017,False,True
2556894,2556896,Thanks Tom- I cleared history etc on my edge internet browser and it began working again. Something is obviously being stored after a ticket is purchased I think... Thanks a lot,"Hi Marc, I'm glad it's managed to work for you. If there is anything further you need assistance with please don't hesitate to get in contact. ^Tom",Thu Nov 16 16:19:10 +0000 2017,False,True
912220,912222,So I can't carry it with me what so ever on my carry on?,"There is no exemption to this rule, so sorry for any disappointment. (2/2) ^N",Tue Oct 10 18:37:32 +0000 2017,False,True
411192,411193,how did you lose a giant red case containing half of a professional puppetry production en route to Romania? #Unacceptable,"Hi Roxie, we're sorry to hear your professional equipment has been delayed. You can keep updated",Mon Oct 09 20:40:20 +0000 2017,False,True
1611573,1611571,flying Edinburgh to Gatwick. Boarding procedure is a shambles. If you did this with a queue to you'd need 9 lanes....,"Hi William, I'm sorry about the delay. I hope it wasn't too much of an inconvenience. ^Tom",Sun Nov 05 06:30:05 +0000 2017,False,True
907958,907961,I don't expect to wait 3 days with nothing though! Especially when we were told we'd have them sooner. You should take more care with it.,while you're without your baggage. We hope you're reunited soon. You can find more information here: 2/2 ^Liz,Sat Oct 14 23:53:21 +0000 2017,False,True
988527,988526,Thank you for helping my travel home after the #WorldChampionships from #MexicoCity to #London feel so special! #GBathlete #TeamGB,"It’s our pleasure Lucy, we look forward to welcoming you on board again soon. ^Kieran",Sun Oct 22 00:34:16 +0000 2017,False,True
960995,960993,"Not even sure at this point if or have my bag but both are giving me different info, and none that helps","We're sorry to hear that, Alexandra it does sound frustrating. We were the last carrier on your journey? ^Anthony",Fri Oct 13 17:33:13 +0000 2017,False,True
811732,811733,That's what I meant when I said no answers. I did not ask for visa requirements. Said that as per rules I don't need one but have heard of ppl not allowed to board by airline staff. Just looking for basis for these claims.,"We'd always recommend double checking with your local embassy, Aditi. I'm sorry we can't give you the answer you're looking for. ^Beth",Fri Oct 13 09:30:02 +0000 2017,False,True
908882,908881,Arrived safely ekapa lodumo 💃💃💃 thanks to,"Glad to see you’ve arrives safely, we hope your Tweet shows your love of Abdullah Ibrahim! ^Al.",Fri Oct 13 11:45:29 +0000 2017,False,True
566149,566147,my hubby left his new silver Beats headphones on a flight to Buenos Aires.... please help 😫,Hi Melissa. Sorry for the late reply. Your husband will have to contact lost property in Buenos Aires on Tel: +5411 54800504/03. ^Neil,Sat Dec 02 20:08:06 +0000 2017,False,True
2250649,2250648,"I just flew w/ to LA. Staff were great, but let down by poor food- kids option was better &amp; rubbish movie selection 🤦🏼‍♀️",Customer Experience team. We're so pleased you're happy with the service you received from our crew. Thanks for letting us know. ^Lindy,Fri Nov 10 14:33:04 +0000 2017,False,True
1863020,1863019,i am a oneworld emerald member and am trying 2 select seats on my BA flight but cant do so without paying.whats the issue?,"Hi Christopher. I'm sorry to hear you've been unable to select seats on your flight. So we can take a look at this for you, please can 1/2",Fri Oct 20 10:13:06 +0000 2017,False,True
1784758,1784756,Why are prices so high? Can't afford to book hubby on same flight as me for honeymoon - as loyal customer feel quite sad,"We’re sorry about this Michelle, the prices of our tickets vary depending on the route and availability at the time of booking. ^Kieran",Wed Oct 11 11:33:24 +0000 2017,False,True
810064,810062,how is Nairobi airport developing? Have you got a business lounge sorted yet?,you soon. You can always check our lounge locations and facilities here 2/2 ^L,Thu Aug 10 17:43:07 +0000 2017,False,True
283713,283715,It’s supposed to get to quarany tonight so when will I get it? A lot of valuables in there.,"Hi Zoë, please be assured you'll have your belongings back with you as soon as possible. ^L",Fri Oct 06 14:44:19 +0000 2017,False,True
1246296,1246295,". flight lands 30m b4 schedule; from plane to out of takes only 15m including bag collection, #welldone!","Hiya, pleased to hear we got it right. Thanks for the feedback. ^ Lesley",Sun Oct 15 18:02:46 +0000 2017,False,True
479572,479574,Thanks for your apology but I still feel annoyed that our little ones won’t know whether they’re coming or going and will be very irritable 😔,"I can understand that, Libby. We'll do our best to make your journey as smooth as possible. I hope you and the little ones don't find it too stressful. ^Beth S.",Fri Dec 01 13:34:42 +0000 2017,False,True
1574584,1574586,"Kev, Flew BA 292 DC to London last night. Boarding staff kept the 5-6 elder passengers waiting (&gt;1hr) who were in front of the plane…","our attention and would like to assure you, your feedback has been passed to our Customer Experience team. ^Jane 2/2",Sat Nov 04 23:07:55 +0000 2017,False,True
1941064,1941063,under what circumstances do you force passengers to check in hand luggage? Very unhappy this has happened to me,"Hi Iain, we're sorry to hear this. If it's a busy/full flight we can ask passengers to check in their hand baggage, as there may not be 1/3",Sun Oct 29 13:10:48 +0000 2017,False,True
2164888,2164889,Sweden you’ve been lovely if a little chilly but I’m ready. to be returned to sender by 👍 #hometime,"You may need to keep your coat with you, Alex. It’s a little chilly here too! We’re pleased you’ve enjoyed Sweden and 1/2",Thu Nov 09 09:29:07 +0000 2017,False,True
1454108,1454109,I can't get through on the phone but trying to ensure it elderly grandad is ok on the cancelled London to Manc flight,"Hi, Stacey. We appreciate you're worried but we're not able to discuss another persons flight details with a 3rd party unless we have 1/2",Thu Nov 02 11:35:31 +0000 2017,False,True
573094,573093,"After The month of pain leading up to this trip, the upgrade gods clearly sympathised and gave my an upgrade. Cheers #clubworld",Hi Chris. We hope you're feeling alright. I hope it makes the journey that little bit easier for you and you can rest properly. ^Neil,Sun Dec 03 05:09:44 +0000 2017,False,True
121732,121733,You could have rotated the 504 on to the 503 and sent an empty one down to operate the 499 this morning and you will know by the way I put that that I know what I am talking about!,"Hi Dave. I don’t manage the information why your sensible suggestion, hasn’t been put in practice. But I’m sure it must be a very reasonable explanation for it. Apologies for any inconvenience caused. ^Monica",Fri Nov 24 08:24:45 +0000 2017,False,True
1499052,1499053,late again ur passive aggressive staff doesn’t help need more info than’I don’t know’ #ba0697 #britishairways #poorservice,"We're sorry to hear this, Alex. We've had bag fog in London this morning. However this doesn't excuse rude staff. We've passed your 1/2",Fri Nov 03 10:38:23 +0000 2017,False,True
2739113,2739114,This reminds me of how I used to avoid ordering the ‘house wine’ to avoid appearing cheap!,"Hi Mark, we are always looking for ways to improve and simplify the airport experience for our customers. Next month we are introducing new boarding procedures to speed up the process and make it simpler for customers to understand. 1/2",Mon Nov 20 13:40:52 +0000 2017,False,True
1551482,1551481,Terrible service at Heathrow this morning. Now stuck in Madrid trying to get to Havana without going via Med city. HELP?,"Hi Alison, we're sorry we were unable to get back to you sooner. Have you managed to get your flight rebooked? ^Natalie",Fri Nov 03 18:18:48 +0000 2017,False,True
2439446,2439448,"It is resolved, but missing our flight and having to stay the night on the basis of being 3m late is a reason never to fly BA again.","Hi Dylan, we realise this must have been very frustrating. We're sorry for any inconvenience caused. ^David",Tue Nov 14 22:16:58 +0000 2017,False,True
2103944,2103942,Does the passenger have to have the credit card which was used to pay for the booking with them when they fly?,"If you've booked this for someone else, then they don't need the card. Thanks. ^Raj 2/2",Wed Nov 08 10:19:35 +0000 2017,False,True
1209630,1209627,so to change a LHR-MCR flight is exactly £12 cheaper than booking an entirely new flight. That's pretty average.,"Tickets generally have a change fee, service fee and you can pay any difference in fare, Jonny. ^Gill",Wed Oct 25 09:29:18 +0000 2017,False,True
1218623,1218625,HOW CAN A CALL FROM CUSTOMER SERVICES ACTUALLY MAKE YOU FEEL WORSE??!!!never again will I book and spend my money here!!!,We're sorry if our agent did not explain that you'll need to complain to the airline who was operating the flight. In this case it 1/3,Wed Oct 25 12:38:22 +0000 2017,False,True
1827584,1827583,Thanks to for the 2 hour delay...still not taken off and I will miss my connecting flight. 😡,"Hi, please accept our apologies for the delay last night. Let us know if you have any feedback about the way it was handled. ^L",Mon Oct 16 21:55:44 +0000 2017,False,True
1144458,1144459,"can a small dog, sub 5kg be brought in cabin on a flight, Heathrow to Moscow. I am aware of the pet passport requirements","Hi there. Only registered and recognised assistance dogs are permitted in the cabin. If you are wanted to take your domestic pet, then 1/2",Tue Oct 24 06:47:01 +0000 2017,False,True
475022,475020,I flew for the 1st time on Wednesday from Durban 2 Jozi and I was impressed with the aircraft but not so much the airhostesses attitudes. They were not welcoming and even chided me for taking three sachets of sugar for my tea which left a bitter taste in my mouth,Sorry you feel this way. This does not sound like it's was up to our usual standards. What date did you travel? I would like to pass feedback on to the crew. ^Pip,Fri Dec 01 08:07:57 +0000 2017,False,True
109200,109199,Thanks for your speedy reply!!! When should I receive assistance weeks or days ???,"It's difficult to say, Glenn. However, my sources tell me they're working at around a three week turnaround at the moment. So it shouldn't be long! ^AlexL",Thu Nov 23 18:29:14 +0000 2017,False,True
2942354,2942353,Trying to get an itemized receipt for ticket number 125-8763093331,Hi Denton. You can request a receipt by clicking on the following link: Thanks. ^Kev,Wed Nov 29 09:46:18 +0000 2017,False,True
911,2237757,"Will be flying with you guys next year, if you insist on upgrading us we promise we won’t complain 😇😂","We look forward to welcoming you on board, James. Don't complain though! That's just mean. ^Lisa",Sat Oct 28 16:47:34 +0000 2017,False,True
1521404,1521402,disappointed with #BA communication and service missed connecting flight and unclear direction for help!!,"We're really sorry to hear this, Katie. Did you manage to get sorted in the end and have you been rebooked? ^JulieR",Fri Nov 03 12:21:49 +0000 2017,False,True
771304,771303,thank you to air steward BA 252 from Grand Cayman 2 Oct looked after my 85 yr old mum he was amazing.Wish she got his name.,"You're welcome, Sara. Thanks for your positive feedback. We'll pass your thanks on. ^Linda",Sat Oct 07 14:55:25 +0000 2017,False,True
1392169,1392171,"No, you allocated me an exit row seat at check-in, but I wouldn’t be able to open the door in an emergency so I shouldn’t sit there.","Hi Katharina, did you advise our crew that you wouldn't be able to help in the unlikely case of an emergency?^Jo",Sat Oct 28 13:04:17 +0000 2017,False,True
2148769,2148770,"Actually, I was adding an old flight that wasn’t processed the first time. The first leg of the trip was counted but the rest of it was not",along with the booking reference for the requested flight. We'll then pass your details to the Executive Club for you. (2/2) ^N,Thu Nov 09 02:14:15 +0000 2017,False,True
1399105,1399110,why does your site say laptop ban now applies to Maldives but govt travel advice does not mention?,"Hi there, for information on these restrictions please click on the following link Then at 1/2",Sat Oct 28 11:11:07 +0000 2017,False,True
1025881,1025884,Ba2679 from DBV to LGW tomorrow,"As it happens, Dubrovnik doesn't support online check-in so everyone will need to check in at the airport. Hope that helps. ^SR",Thu Oct 12 17:06:20 +0000 2017,False,True
1897554,1897553,"yet again on 25 row flight, safety demos done at row 1 &amp; 4. Do those in 2nd half of plane not need to see demos clearly?","We're sorry to hear you're not happy with our safety demonstration Debbie. The crew are situated for the best coverage of the flight, 1/2",Tue Oct 24 13:02:46 +0000 2017,False,True
2810678,2810677,I am unable to check-in online for my flight leaving in 7 hours. I've been trying since 9pm last night but it keeps telling me I haven't provided enough passport information but everything is completed when I try and fill the rest out. I am using your website.,"We're sorry you're having problems with this, Katia. If you still haven't been able to check in, you'll need to do this at the airport. ^Lynn",Tue Nov 21 22:05:53 +0000 2017,False,True
2788835,2788832,. your flight attendant offered my father a 'special' meal that he hadnt even requested and then told him to 'lump it or leave it' #wtf #custometservicefail #BA,"This is disappointing to hear, Radhika. Did the crew advise why he was offered the special meal when he didn't request it? ^JulieR",Tue Nov 21 17:11:16 +0000 2017,False,True
2981131,2981130,hi. How do payment for flight booking through BA appears on my bank / card statements?,"Hi there, they will show as British Airways and will have a reference on there starting with 125. ^Helen",Tue Oct 31 14:13:35 +0000 2017,False,True
790039,790038,Oh I saw the number but it was blocked sorry anytime is good,I've reviewed your case and have an update for you regarding your complaint. (2/2) ^N,Fri Oct 06 16:04:52 +0000 2017,False,True
2686338,2686337,"Then a dial in the cockpit went bing so we all had to get off. Now on a train to Frankfurt to try and get home today. really need to up their maintenance game, this is happening too often.","This sounds like quite an unusual event, John. We’re sorry for the inconvenience this has caused.^Corry",Sun Nov 19 12:08:12 +0000 2017,False,True
1045734,1045733,can assistance for those with walking difficulties be arranged for one sector of a trip ?,Interesting request! I don't see why not. You'd need to contact us to add it so we can associate it with the flight you need. ^Kimbers,Sun Oct 22 13:42:23 +0000 2017,False,True
369355,369353,trying to book: LHR-LIS LIS-MAD MAD-LHR BA &amp; Iberia websites don’t recognise LIS-MAD flights unless I book separately...,"and we'll check for you if you still want to book, Amanjeet. ^Julie 2/2",Sun Oct 08 19:43:57 +0000 2017,False,True
1829601,1829600,"flying from Jordan next week, laptop ok in hold baggage?",Hi Clare. You'll find full details of our baggage policy online here: We look forward to welcoming you on board. ^S,Tue Oct 17 09:19:56 +0000 2017,False,True
726822,726821,hi there. Trying to check in but system saying problem with the application. I've eticket but no have pc tomorrow. Help!,Hi Steve. We're sorry you're unable to check in on our website. We're having issues at the moment. It's been reported. 1/2,Tue Oct 10 22:25:28 +0000 2017,False,True
1869018,1869019,Does OneWorld Sapphire status unlock advanced preferred seat selection such as Exit Rows or additional legroom econ seats?,"I'm afraid not, Joseph. You can book standard seating free at any time but charges apply for exit seats and bulkheads are restricted 1/2",Fri Oct 20 18:24:37 +0000 2017,False,True
702251,702250,I say “en route to and #SocEntAwards17” but our already delayed flight 2217 now has technical faults and has been grounded in Edinburgh 😞,We're really sorry your flight has developed a fault. Safety is our number once priority and so we won't depart until it's safe to do so. We hope the airport staff are looking after your needs. Are they able to transfer you to another flight? We hope you make the awards. ^Julie,Thu Nov 23 13:41:35 +0000 2017,False,True
234467,234468,"Hi, I put in for a refund for pre booked seats on 26/9 and a complaint about a flight on 28/9 but not had a response as yet","|Hi Michael, our Customer Relations team are dealing with cases in date order. They'll contact you directly once your case has been 1/2",Thu Oct 05 08:56:03 +0000 2017,False,True
1009433,1009435,Comp not the point! Booked prem econ &amp; paid xtra 2 specify seat - work trip &amp; needed 2 sleep ready to start on landing. Stop overbooking!!!,"It helps to keep our fares down, but I don't underestimate your disappointment. (2/2) ^N",Fri Oct 13 01:48:17 +0000 2017,False,True
2935309,2935307,Hi! How long time before departure should I show up at Gatwick Airpot going to Rome (Fiumicino)?,"Hi there, check-in closes 45 minutes before departure. Therefore, we would recommend to arrive at the airport no later than 1 hour before departure if you're planning on checking in luggage. ^Cody",Wed Nov 29 01:16:37 +0000 2017,False,True
1743013,1743015,"Nope, but after taking 1/2 a day off to wait on yr phone line, it transpires we do have a number- BA just didn’t tell us...","submitted, so I'm concerned this hadn't happened. Has your claim since been resolved? 2/2 ^Kimbers",Tue Nov 07 19:00:58 +0000 2017,False,True
1636187,1636186,Thank you you made my little boys day! 💕💕,He certainly looks pleased with himself! The hat really suits him too! Maybe he could come and fly for us one day? ^Linds,Sun Nov 05 14:51:34 +0000 2017,False,True
3007,2672100,Looks like she’s chasing her missing case,"We're loving the view, Brian! Hopeful it won't be long before her bag is returned. ^Linda",Tue Oct 31 07:31:33 +0000 2017,False,True
2257972,2257970,Any help with lost baggage compensation? Had to attend a wedding and my luggage is not here,"Hi Vinnie, apologies for the late reply. We're sorry your bag is delayed. Have you received any information yet? ^Sophie",Thu Oct 19 12:32:34 +0000 2017,False,True
444079,444077,"Hi , do any of your LHR T5 lounges for Club Europe / Business customers have shower facilities? Would help me make some plans for return flight to Glasgow after arriving back from Thailand next year. Thanks!","Hi Matthew, there are shower facilities available in our lounges in London but not in Glasgow. If you want to use them you can just do so on the day. ^Lynn",Wed Nov 22 02:03:29 +0000 2017,False,True
1495748,1495750,Thank you Liz. Where are you writing from please?,"Hi there, our Social Media team is based in the U.K. ^JR",Fri Nov 03 11:55:59 +0000 2017,False,True
1933689,1933688,"By the way, 's new star-studded safety video was hilarious! I do not usually watch it, but ...","It's a great way of getting an important message across, Yasuko. Thanks for your positive feedback. ^Linda",Wed Oct 18 13:07:34 +0000 2017,False,True
364944,364945,". flight cancelled, suggested alternatives don't work. Your website and phone won't assist at all. need assistance!","reference, full name. address and telephone number. We'll ring you to see if we can help.^Jo 2/2",Sun Oct 08 18:08:26 +0000 2017,False,True
189438,189437,"any chance someone can contact me, I fly tomorrow but KLM has just moved my flight to you!","expiry date, your date of birth and the details of your query. ^Steph 2/2",Wed Oct 04 16:30:21 +0000 2017,False,True
289231,289233,"I was not told this. It was no where on the information I was provided, and then you expect passengers to tap a small “I” on your App.","Hi Gary, it's concerning to hear you were spoken to rudely by a member of our staff. This is not the standard of service you should",Fri Oct 06 18:26:20 +0000 2017,False,True
381803,381804,"Hi, do your lounges at EDI and LHR offer any gluten free snacks or food (my 6 YO daughter has coeliac disease)? Thanks.","you go into the lounge, speak to a member of staff and they should be able to bring stuff out for you. I'm afraid we can't guarantee if 2/3",Mon Oct 09 08:34:59 +0000 2017,False,True
2817942,2817941,Thanks to flight Ajaccio to London was not checked in properly and we were not allowed to board on the second flight. Stuck in Nice luggage lost. No one willing to help?,"booking ref, passport number, passport expiry and date of birth, we'll be happy to see if there's anything we can do. I'd also recommend contact your travel insurance to see if they can help. ^Beth S. 2/2",Sun Nov 26 20:15:27 +0000 2017,False,True
605859,605858,"such a great flight from HK, then left standing at baggage for 30mins, not a great impression to give our visitors","Hi Liz, I'm sorry to hear this. I hope the delay wasn't too much of an inconvenience. ^Tom",Wed Nov 22 06:11:21 +0000 2017,False,True
1030855,1030857,"on the phone for coming up to 3 hours in total, just trying to get luggage booked can someone help please?","Hi Gordon, we're sorry for the delay in getting through to our contact centre team. We're following you now if you still need",Sat Oct 14 11:14:06 +0000 2017,False,True
73131,73129,It has and it will-as I speak still waiting to check in...economy check in much quicker!!!,"This is very disappointing to hear, and this will be fed back to the airport. ^Cecilia",Thu Nov 30 10:23:56 +0000 2017,False,True
333335,333342,It’s my mums 71st birthday today here in Tampa &amp; she will be spending it at &amp; on flight tonight,"Hi Sarah-Jane, our flight tonight from Tampa is looking quite busy. To upgrade using Avios has to be done at least 24 hours before 1/2",Sat Oct 07 13:54:22 +0000 2017,False,True
2383038,2383036,"is it possible to use avios pts to fly ? seems like it isn’t based on availability, but websites say otherwise...","Hi Ashley, yes, you can book AA flights with Avios. Which route and date are you looking to travel? We can check the availability. ^Chris",Tue Nov 14 00:41:08 +0000 2017,False,True
241799,241798,This is familiar. Stuck in an airport with no plane to board whilst it flies to Athens. 🙄✈️ Cheers #neilsonholidays #delays,"We're sorry about the delayed Beckie, We hope you weren't too inconvenienced. ^Kit",Sat Oct 07 17:05:32 +0000 2017,False,True
2511914,2511912,". I left an iPad on BA343 yday @ LHR &amp; within 10mins had told yr ground staff *exactly* where on plane. Still not ""found"".","Please get in touch with lost property, David. We have more info on the website here, ^SR",Sun Oct 29 17:24:37 +0000 2017,False,True
801865,801868,Another thing. REALLY you should change the checked-in luggage charging policy. You can't keep having everyone bring them in the cabin!!!!,Hand luggage size/weight allowances should be enforced by the airport. We'll pass on your comments. ^SR,Thu Oct 12 17:12:13 +0000 2017,False,True
327691,327693,so we wait until 3 hours pre flight yet others on later flight are allowed to drop bags and check in? No consistency,It really depends on the airport. This information is clear on We apologise if you were unaware of this. 1/2,Sat Oct 07 21:25:04 +0000 2017,False,True
189613,189615,&lt;I recently flew AMS to LHR. My baggage was lost (3rd time this year) and took 5 days to arrive. FIVE DAYS! #inconvenient,"Hi Lee, we're sorry your bag had been delayed, and you've experienced this a few times this year. We're glad you've been 1/2",Wed Oct 04 10:47:25 +0000 2017,False,True
1299764,1299763,How do you end up with a 1 hour 20 minute delay when the flight itself isn't that long?,"Hi Steve, it'll depend on the reason for the delay. We're sorry for any inconvenience this caused you. ^JR",Thu Oct 26 16:32:52 +0000 2017,False,True
708743,708742,spot the problem BA? Are you not keeping your website up to date?,"Apologies for the inconvenience, Andrew. We do ensure our flight details are as up to date as possible. ^JB",Tue Oct 10 17:55:44 +0000 2017,False,True
1660023,1660022,Disapointingly poor meal in Premium Economy only plastic knives and forks too!,"We're sorry to hear you were disappointed, Susan. We've passed on your comments. ^Alex",Tue Oct 17 07:38:18 +0000 2017,False,True
2325130,2325129,Shout-out to crew on BA 142 from DEL on the upper deck this am...terrific service!,We're glad you had such a great flight to London! We've passed your comments to our Crew for you. ^Ems,Mon Nov 13 09:27:52 +0000 2017,False,True
2042767,2042766,Hold got 43 mins to Executive Club to make booking !! Waste of time booked elsewhere. Shame you dont value your regular pax,"We're so sorry to hear that, Peter. We'll pass your comments to the Executive Club team. Is there anything we can do to help? ^Linda",Wed Oct 04 11:54:14 +0000 2017,False,True
1004225,1004224,Let me know how long I should wait for a response and what the escalation process is,"I’m sorry Mike, but I cannot provide you a timeframe as Customer Relations handle the cases on date order and we’re unable 1/2",Sat Oct 14 07:23:06 +0000 2017,False,True
979985,979984,that is happening? impossible to make check in...!,proceed to the airport as planned. Our staff there will assist with check in. Many thanks. ^Lisa 2/2,Fri Oct 13 21:50:07 +0000 2017,False,True
323508,323510,"Thank you for the help, Karen! :)","Hi Richard, if there is anything further we can assist with please don't hesitate to get in contact. ^Tom",Sat Oct 07 14:34:54 +0000 2017,False,True
2239224,2239223,It's #WingFriday! Today's wing shots are from my flight to Nairobi flying over Sudan at sunset! #flyBA #AvGeek #Boeing #B747 #QueenOfTheSkies,"Thanks for sharing this with us, Victoria. We hope you had a great flight to Nairobi. ^Sarah",Fri Nov 10 10:55:18 +0000 2017,False,True
1891382,1891381,"I am on a BA flight from Berlin and have to get on a BA flight to LAX, but booked separately. Any way to avoid customs, since my next flight is in two hours?","Hi there, we're afraid not. You will need to check in again for your next flight as they're under a separate booking reference. ^Linda",Sun Nov 26 08:15:53 +0000 2017,False,True
24018,24020,Lisa - the bag has flown several times on BA and others with no issues for the last 15 years. This caused loss of personal items.,"Hi John, this is disappointing to hear. We've passed on your comments to our Customer Experience team and will do all we can to avoid this happening again. ^Lacey",Sun Nov 26 10:00:58 +0000 2017,False,True
2905420,2905421,"So, you’re leading the way in... making significantly more difficult for touring musicians to do our jobs? I’d bet there’s an average of less than one guitar on every BA flight. So, the amount of overhead locker space you’re recovering is a) minute and b) unmeasurable.","name, address and telephone number. We'll arrange a member of our team to contact your shortly.^Jo 2/2",Tue Nov 28 19:50:43 +0000 2017,False,True
2346546,2346544,appalling service for first class. Full flight. Both my husband and I were allocated the same seat at check in. Had our flights and seats booked for months and no one can sort this out! Outrageous! Not amused and still waiting to hear in the lounge,"Hi Heidi, we appreciate this must have been stressful and inconvenient. Which flight were you booked on? We'll be sure to feed this back. We're glad it got sorted for you. ^Sam",Mon Nov 13 02:26:37 +0000 2017,False,True
2752610,2752608,hi there travelling to Amsterdam 16 Dec in Club our friends are in economy can we take them into the BA lounge as guests please? Thank you,Hi Jane. You can only take a guest into a lounge if you are a Silver or a Gold Executive Club member. ^Natalie,Sun Nov 26 18:41:13 +0000 2017,False,True
2397850,2397847,"hi there I emailed a customer survey back to you after my recent flight from Vancouver, I mentioned that I would like to make a formal complaint over a week ago and haven't heard anything back yet. Please can you get back in touch with me.","Hi George, our surveys are run by third party companies and therefore we wouldn't get any detailed responses to them. Could you let us know what your complaint is? ^Chris",Tue Nov 14 11:39:50 +0000 2017,False,True
644705,644706,"Was part way through booking 2 adults ABZ&gt;LHR&gt;PHL&gt;GRR returning GRR&gt;ORD&gt;LHR&gt;ABZ 17Nov - 4Dec, and the flight disappeared!","Hi Aimee, sorry to hear you've had problems booking on our website. Please contact a member of our Sales team who'll be happy 1/2",Wed Oct 04 19:07:26 +0000 2017,False,True
1931564,1931566,"Yes, I paid for extra leg room (£27) BA took my money. Can’t have seat as I am in business class and no refund.","Hi, Kim. We're sorry you feel this way. We shall of course pass on your comments to our Customer Experience team, who I know will value 1/2",Sat Oct 28 17:09:15 +0000 2017,False,True
2007883,2007882,trying to book holiday on your website and keeps failing at the final confirmation screen - is there an issue with site?,Hi Darren. Sorry for the late reply to your Tweet. Have you managed to get sorted? We aren't aware of any major problems of this kind. 1/3,Sat Nov 04 06:58:34 +0000 2017,False,True
203075,203073,"I was trying but they don't help me. You must have more responsibility with your customer. There are rules in Brazil, Do you know?","Hi Raphael, we're sorry you're disappointed, however, your contract is with your travel agent. ^Sam",Wed Oct 04 13:26:59 +0000 2017,False,True
2008313,2008314,ref R2F751 - flying tomorrow to Belgrade via London. 2nd flight is via Air Serbia. Can I check my bag through to Belgrade?,Hi Fran. We can generally only check bags all the way to your destination if your flights are all operated by a oneworld alliance member 1/2,Sat Nov 04 09:59:05 +0000 2017,False,True
1485101,1485100,hello is the flight BA2965 happening tonight?,We're sorry for the delay in responding to you. We hope you had a good flight. ^Kit,Mon Oct 16 14:27:16 +0000 2017,False,True
435907,435906,"Planned to land home 8:15pm but it will be 2:30am because of French ATC strikes!!! 1st flight cancelled, 2nd delayed 😱😭","Sorry to hear this, Tim. Unfortunately the ATC strike is out of our hands. We'll get you back as soon as we can.^Jo",Tue Oct 10 16:45:32 +0000 2017,False,True
768612,768613,Any news on the #9233 Rhodes to Heathrow? Staff here know nothing. Sending another plane?,"We're really sorry your flight has been delayed, Matt. The aircraft we intended to use has a rotational delay. 1/2",Sat Oct 07 14:31:49 +0000 2017,False,True
1348407,1348406,problems w/ online checkin or can I not check in &amp; book my seat because I booked assistance? No one answering phones!😡,"Hi Maria, you should still be able to check in online. Has this been resolved now? ^Jane",Fri Oct 27 09:35:09 +0000 2017,False,True
30954,30958,"Reported damaged luggage via online form but no response/ ref number. No answer to calls. No email provided, please help.",We're sorry to hear your luggage has been damaged and you've had problems reporting this. 1/2 ^Sophie,Wed Nov 01 07:45:21 +0000 2017,False,True
1429007,1429006,Eeeeek! Get me on that plane!! #ChristmasBreak #Berlin,"How exciting, Craig! We hope you have an amazing trip to Berlin. ^Liz",Wed Nov 01 19:33:02 +0000 2017,False,True
9399,9398,I tried to purchase food (bacon bap/sandwich) and drink for my 3 children but they ran out (we were in row 14).so they had nothing.,"Did you get home okay, Sheena? Please let us know if you have any out of pocket expenses. ^Helen",Tue Oct 31 18:19:51 +0000 2017,False,True
1739349,2268335,"Food which look delicious ,, is certainly not having any taste in flight",Hi Kartikeya. What flight were you on so we can pass on your comments? ^Davina,Sat Nov 11 07:16:05 +0000 2017,False,True
1836870,1836869,pleeeease can someone tell us what’s going on with BA8458. Stood here at AMS airport with no info! Wanna get home now 😔,"Apologies for the late reply, David. We hope you weren't inconvenienced too much. ^Jane",Tue Oct 17 19:19:40 +0000 2017,False,True
122499,122501,"I traveled to Austin Texas yesterday from London but my bag did not make it, i have not received any update on my bag and i have tried contacting you today on the phone but could not get through, i raised the claim at the airport but have received no update","Hi, Hugh. We're sorry to hear your bag didn't arrive with you in Austin. Rest assured our Baggage Tracing team are working hard to locate the bag and get it to you. We're sorry the telephone agents have not answered your phone. Use the baggage reference number issued at 1/2",Thu Nov 23 23:38:02 +0000 2017,False,True
1559783,1559786,"Yes, called three times and sent emails twice. All different answers. Trying to confirm I can come back to renew passport which expires Jan.","We're very sorry to hear you've received conflicting information, Andy. If this is regarding travel documents, you will need to contact 1/2",Tue Oct 17 04:26:33 +0000 2017,False,True
660080,660079,absolutely shocked to see first class passengers come back to economy to drop of the kids in our loos. Stank to the high heavens! We were smoked out! 💩💩💩😷#privilegedtosser,"Sorry to hear this, Emilie. I do hope you still enjoyed your flight. Many thanks. ^Lisa",Wed Nov 22 19:32:01 +0000 2017,False,True
1124220,1124219,Hello! Do you sell gift vouchers that can be redeemed against the price of a flight? Thanks :)),"Hi Connor, unfortunately this isn’t something we do. Sorry to disappoint. ^Davina",Sun Oct 15 08:55:04 +0000 2017,False,True
2743945,2743943,"Hi, I'm flying BA8491 from LCY on Saturday. Can I check my bicycle (in a transport box) and where and how? #neverdonethisbefore","Hi Paul, as long as the transport box is within the restrictions specified on then this should be fine. Please follow this link for more information. ^ Kieran",Mon Nov 20 13:59:36 +0000 2017,False,True
1188331,1188330,"any way you can help? Am on 6194 tonight - have been unable to select a seat in advance and am very eager to not be in a middle or aisle. Can’t do anything until I’m physically at ORD, I’m told. Possible switch or upgrade?","Apologies for the late reply, Sine. We would suggest speaking to someone at the airport. They'll either be able to give you...1/2",Tue Oct 24 19:12:56 +0000 2017,False,True
2506581,2506584,Can you please follow me so I can send my complaint here. I have been instructed to do this by a customer service manager Oliver.,"Hi, Siobhan. Al cases are dealt with in order of date received. The team currently do have a slight backlog, however please rest assured, a member of our Customer Relations team will be in touch soon. Many thanks for your ongoing patience. ^Lisa",Thu Nov 16 19:14:56 +0000 2017,False,True
1064719,1064721,Big thanks to cabin crew member Robert on the 0830 LHR-JFK! #Legend #TopService,"Thanks for the fab feedback, Jagz! We'll make sure this is passed on for you. Have a great weekend! ^Lisa",Fri Oct 13 20:21:38 +0000 2017,False,True
2189853,2189851,boy your app has frustrated me for 30mins straight! #mademyheadhurt,We're sorry to hear this Andy. We're not aware of any problems on our system today. Do you require any assistance? ^Kit,Thu Nov 09 19:30:08 +0000 2017,False,True
2264436,2264434,why when you search premium economy does it show cheaper prices than if you search and look from economy ? Bit of a con ?,"Hi Daniel, we have several fare types in each cabin. All fares are subject to availability at the time of booking. ^Helen",Sat Nov 11 00:57:26 +0000 2017,False,True
1100108,1100106,Here's a thought. When sending ticket receipts is it possible to condense the receipt part down to a page instead of seven?,Thanks Anne. We'll look into this and look to condense as much as we can. Great feedback! ^Oliver,Mon Oct 23 21:55:20 +0000 2017,False,True
1074297,1074299,For a delay of such length I don't consider that sufficient. Hardly proactive service... Poor. Won't be flying BA again.,"We're sorry you've been left disappointed, Ellis. We'll be sure to look into all aspects of your claim once we receive it. ^ Teresa",Tue Oct 24 05:51:26 +0000 2017,False,True
1003199,1003200,What's the pt of being reward member if u dont tell me i can't go on trip b/c passport needs to be 3 mons from expiration?,"Hi Paulette. We don’t provide advise about travel documents to any passenger. Ultimately, is the passenger responsibility 1/2",Sat Oct 14 07:18:12 +0000 2017,False,True
905474,905476,"Thanks. definitely never received one as have checked all folders. Have done the form but it does say ""e-ticket receipt after travel"" 1/2","Hi Helen, we wouldn't be able to speed up the process of sending your receipt but please be assured it will be with you as soon as possible.",Sat Oct 21 07:17:33 +0000 2017,False,True
275945,275944,- are you serious? Shocking... invest in your fleet...bet it’s chicken or beef again too!,"We are investing heavily, Elliot. We recently welcomed our 25th Dreamliner and have more new aircraft arriving soon. ^1/2",Fri Oct 06 01:20:15 +0000 2017,False,True
2604008,2604006,"Thanks for the update Fiona. Does it affect Iberia too? What is the eta of a fix? And why don't you tweet publicly to acknowledge it to save us all hours wasting our time thinking its something that we are doing wrong? We all understand these things happen, just be transparent.","We don't have a specific fix time at the moment, but any issue we have won't affect Iberia. They may be experiencing their own issues. The problem is intermittent and aren't affecting everyone at this time. We're doing all we can to get things running smoothly for you again. ^Fi",Fri Nov 17 09:06:06 +0000 2017,False,True
1241269,1241270,could you please let me know how much the refund would be for both passengers booked reference J5BNH9 ? Thank you!,"Hi Alex. We have looked at your booking for you and are now following you. Please follow us back. Can you please confirm your full name, 1/2",Wed Oct 25 20:49:10 +0000 2017,False,True
2498569,2498571,Thanks - was a total shambles - 2 guys on passport control only one working and 5 people on security just sitting around - Entebbe and Nairobi better and I hate them! 😳,"That's concerning to hear, Alex. It's the airport themselves who provide the security so we'll ensure your comments are passed on to them. Hopefully you'll see an improvement next time you travel with us. Enjoy your flight! ^Rach",Wed Nov 15 18:52:46 +0000 2017,False,True
2838990,2838989,Pls tweet generously. Sad that I can't be there for this evening's event due to flight cancellation,"Please accept my apologies for your flight cancellation, Louise. Have you been rebooked? ^Davina",Mon Nov 27 15:39:18 +0000 2017,False,True
265692,265693,I need my case today 😱😱😱😱,2/2 for updates on your delayed baggage via the attached link. ^Linds,Mon Oct 16 11:45:56 +0000 2017,False,True
2970285,2970284,"in a family, household account can you transfer companion vouchers","Hi Rina. Apologies for the late reply. I'm afraid when using Amex Companion vouchers, the lead name on the account will have to travel with anyone else wanting to travel also. ^Neil",Wed Nov 29 21:46:47 +0000 2017,False,True
1729801,1729800,I have been trying to book a flight to amsterdam for my girlfriend birthday on wednesday for the oast 4 hours..HELP,"Hi, Chantal, sorry we didn't get back to you sooner. What devices and browsers have you used? 1/2",Tue Nov 07 05:00:24 +0000 2017,False,True
1145352,1145350,how many suitcases per person can we check in on economy to USA? Your website only mentions connecting flights. Thanks :),"Hi Rebecca, you're allowed 1 bag weighing no more than 23kg per passenger. Let us know if you need anything else. ^Lindy",Tue Oct 24 06:25:14 +0000 2017,False,True
218804,218803,First time for me. Very much looking forward to it.,"You'll absolutely love it, Michael! Make sure you send us a Central Park selfie! ^Lisa",Wed Oct 04 17:52:37 +0000 2017,False,True
1930933,1930932,My seat is confirmed but it won't allow my husband to buy his seat. How can we sit together?,"Hi Clare, please ask your husband to contact us with his booking reference, email and number so we can take a look at this for you. ^Lynn",Sat Oct 28 10:41:08 +0000 2017,False,True
112990,112989,"Sneak me into business class, and I’ll have more space for all my bags lol - thanks Alex",If only we could. Adam. We hope you have a great flight to Oz! ^Natalie,Thu Nov 23 19:36:26 +0000 2017,False,True
607881,607880,"Hi Guys, don't you send invoices for seat reservations made through the app ?","received the confirmation within 48 hours from booking, please get back in touch and we'll check your booking to make sure everything is fine. 2/2 ^David",Tue Nov 21 21:40:37 +0000 2017,False,True
1392660,1392659,"have just arrived at LHR from JFK on BA114. Uncomfortable, decrepit plane, appalling breakfast, apathetic staff. Useless",We're sorry to hear this Nick. We'll feed your comments back to our Customer Experience Manager. ^Lynn,Sat Oct 28 09:09:17 +0000 2017,False,True
2584047,2584049,Thanks...I saw that people were having problems with login but I had the message about having ‘access prohibited’ which appeared to be different...I would have also assumed corrected overnight but still have the problem this morning?,airport as normal and check-in there. We can only apologise for any inconvenience this may cause. 2/2 ^Cody,Fri Nov 17 07:15:21 +0000 2017,False,True
2174711,2174710,Having bite of the big 🍎!,That’s so cool! We hope you have a fabulous time and a great flight!^Corry,Thu Nov 09 13:24:50 +0000 2017,False,True
1735471,1735469,why don't you board aircraft by letter not row number? I.e. can all passenger in window seats A &amp;D board? Then B&amp;E &gt; C&amp;D?,Hi Chris. I don’t know the specific answer but can pass on your feedback to the relevant team. ^Monica,Tue Nov 07 12:46:07 +0000 2017,False,True
2831924,2831923,fantastic crew (inc Colin not in the photo) on the way to NYC Thanks for everything guys it was a pleasure,"Great picture, Kieran! We'll certainly feed this back. We look forward to welcoming you back on board. ^Alex",Mon Nov 27 07:07:19 +0000 2017,False,True
2686348,2686347,Security takes forever. No proper fast track. can you influence this?,"We’re sorry to hear this Caroline, unfortunately we have no control over this. However, we’ll make sure to feedback your comments. ^Kieran",Sun Nov 19 11:17:53 +0000 2017,False,True
1339141,1339140,. obviously doesn’t realize that people over 5’5 fly with them. I’m 6’3 so even worse. #Travel,We're sorry you're unhappy with the space you've received. Can you let us know your flight number? ^DaniH,Fri Oct 27 08:01:48 +0000 2017,False,True
8132,664790,There's wrong with your website?,Hi Hamad. Please can you elaborate further? What area of our website are you having issues with? ^David,Sat Nov 04 21:45:12 +0000 2017,False,True
750632,750633,Customer services sorted. Have me number for the shop. Fingers crossed they can post me a parcel. Thanks again,"We're glad to hear you got sorted, Mark. Let us know if we can help in anyway. ^Sam",Fri Oct 13 14:06:38 +0000 2017,False,True
340275,340274,"Goodbye for now South Africa. So sad to go, such an amazing time. See u in March :-) Take me home #obligatorychampagneshot","Thanks for your lovely message, Daniel. We hope you enjoyed your time on board with us. ^DaniH",Sat Oct 07 18:41:50 +0000 2017,False,True
2023231,2023230,misplaced baggage at Miami and your site can't even register a complaint. Part 1,"We're so sorry to hear your bag has been delayed, Isha. Please use the following link to check for any updates: ^JP",Mon Nov 06 02:24:47 +0000 2017,False,True
2764254,2764252,"hi there my dad is a silver member with ba and my mother, my dad and I will be travelling via gatwick to go to lanzarote next Sunday and my dad was wondering if he is able to bring my mother and I into the lounge with him. Hope to hear from you soon","Hi Glenn, we're sorry but only one guest would be allowed into the lounge with your dad. Unless you're travelling in the Club Europe cabin. ^Jane",Tue Nov 21 05:42:43 +0000 2017,False,True
1160191,1160194,"ruined a once in a lifetime family holiday. My bro has a nut allergy &amp; made you aware, but won't let him fly","We're sorry to hear that, Anish. We wouldn't deny boarding due to a nut allergy. Please ask your brother to contact Qatar Airways 1/2",Sat Oct 14 20:56:37 +0000 2017,False,True
1652893,1652892,"Err showing me an ad for their app with CTA to check in, whilst I'm in their app already checking in. #marketing","Oh, it seems the ad got a little lost, Davey! Have you now been able to check in? ^Alex",Tue Oct 17 07:26:19 +0000 2017,False,True
666752,666751,"what an absolute farce at Oslo Airport tonight, nearly 6 hours since my flight was cancelled and still in a queue for a hotel manned by one person","Hi Dave, we have reported this back to the Airport Manager. We're sorry for any inconvenience caused. ^Helen",Wed Nov 22 21:19:08 +0000 2017,False,True
2531228,2531227,How do you justify charging £14.64 for a passenger to use a credit card to book a flight. It's daylight robbery!,The fees make a contribution towards the charges levied by the credit card companies. ^Cec 2/2,Sun Oct 29 21:53:12 +0000 2017,False,True
2478253,2478254,Hey Liz it’s got worse! We’re in a row that doesn’t even have a window!,Oh dear! Have you been able to speak to the crew to see if we can get you moved? ^SR,Sun Nov 12 18:02:29 +0000 2017,False,True
2469872,2469874,"Hi Monica, I cannot do either. On Manage My Booking, I am recieving ""Error - cannot be shown as the flight has been flown"" ,message. I have already requested a receipt online, but it says 28 days turnaround, I need by 12pm today. Could you please escalate? Second time calling 1/2","Hi Christopher, our Change Booking team have already requested the email receipt for you. I know this can take upto 28 days but we have no other way to send this to you. ^Karen",Wed Nov 15 10:42:23 +0000 2017,False,True
2892499,2892497,"inflight entertainment not working despite numerous resets by cabin staff, from JFK-LHR / BA0112 / 27/11 reg: G-VIIA 777 arrived today “computer says no” only 3D flight map &amp; games worked, a lot of passengers in classes not happy, outbound on 747 had issues too!","Hi there, sorry to hear this. Did you advise our crew on board? We'll pass your comments to our Customer Experience team for their attention.^Jo",Tue Nov 28 15:05:59 +0000 2017,False,True
367127,367129,It was only an hour so it was okay. The crew were lovely and friendly too which made it even better. Thanks.,"Hi Sam, it's great to hear our crew were on top form for you today. Please get in touch if there's ever anything we can do to help. ^L",Sun Oct 08 20:56:42 +0000 2017,False,True
2830964,2830962,"Hey, I’m trying to book flights and this is what I am getting. Shall I just book the train again?!","If you reset your router, you'll need to let us have the new IP address. In the meantime, if you'd like to make a booking please call your dedicated Gold line again for help.2/2^Linda W",Mon Nov 27 12:25:42 +0000 2017,False,True
2826609,2826608,Left my iPad in BA lounge . Was on CathayPacific flight CX899 on Nov 26th. Pls advise if found.,"Hi Susan, we're sorry for the delay in our reply. Please see the following link for contact details ^ Barbara",Sun Nov 26 23:20:11 +0000 2017,False,True
2049190,2049189,Can I add a frequent flyer number to a booking I made for a travel companion after we’ve had the flight? I’m exec club silver but companion’s number wasn’t added at time of booking.,Hi Martin. You can claim any missing avios here: I hope this helps. ^Lolly,Tue Nov 07 21:22:07 +0000 2017,False,True
2022730,2022729,"for the first time ever on a BA flight we had the most miserable, Rude and frankly awful cabin crew! #shocked","This is really disappointing to hear, Mrs Hope. We do hope we're able to offer our usual high standards on your next flight. ^Gareth",Sun Nov 05 20:42:02 +0000 2017,False,True
929455,929457,"is your website still having issues? Can't pick seat on my flight in a few days, says cant find booking. App not working","Hi, our IT Support team is aware of the issue and are working hard to resolve it as quickly as possible. If you wish to speak to a member of",Tue Oct 10 19:23:41 +0000 2017,False,True
2109923,2109924,"Still can’t enter 7 booking ref numbers on the website (only lets me enter 6), not urgent, I’ll try again 2moro","Hi Roy, BA booking references are only 6 characters long. If you've made a booking through a travel agent or another airline, you'll need to get the correct reference from them. ^Fiona",Sun Nov 26 13:48:41 +0000 2017,False,True
956112,956110,When I make a booking for 2 passengers why are we always seated apart? Unable to change on upcoming flight. Annoyed!,Our systems are back up and running. You should be able to use MMB here: ^Gill,Wed Oct 11 08:38:31 +0000 2017,False,True
965547,965546,noticed a couple of planes sat at Bristol. What routes do you fly from bris?,"We're sorry for the late reply. In the summer season we fly from there to Florence, Ibiza, Malaga and Palma. ^Julie",Sat Oct 21 14:14:16 +0000 2017,False,True
1124747,1124745,Your cabin crew on BA2272 today had a dreadful attitude long faces &amp; unhelpful #VeryPoor,let us know. We've passed on the information to our Customer Experience team. We hope it doesn't stop you from flying with us again.2/2^LW,Mon Oct 23 10:58:39 +0000 2017,False,True
966158,966155,I've been trying to add luggage to my trip for 5 days but keep getting this. Any help?,"need your passport number, passport expiry date and date of birth, for data protection. ^BS 2/2",Fri Oct 13 17:08:04 +0000 2017,False,True
1163962,1163960,They say they haven't received the order instruction from you.,"Hi Emily, you'll need to contact Gate 365 regarding your order and they'll be able to assist. ^JulieR",Sun Oct 29 12:13:45 +0000 2017,False,True
2469882,2469880,Have you stopped your MAN to LCY evening Sunday flight?,"I'm afraid we don't fly MAN-LCY, Andrew. Sorry for any disappointment. ^Lisa",Wed Nov 15 08:22:04 +0000 2017,False,True
2415936,2415935,"hello, when does Malaga flight to Gatwick 18:45 check-in open? Been waiting 40 minutes at the desks... thanks.","We're sorry for the delay in getting back to your, Gareth. We hope you had a great flight. ^",Tue Nov 14 15:19:14 +0000 2017,False,True
45859,45857,I had to make the twitter account to talk to you. I haven't heard from customer relation for over 14days about compensation,"can be frustrating when you're waiting for a response, they'll contact you directly in due course. ^HP 3/3",Wed Nov 01 13:01:58 +0000 2017,False,True
2820584,2820586,"Disappointing not to be able to talk someone to confirm what was happening, so many different apps where showing different times of arrival",Hi Shaun. We're sorry for our late reply and the delay to your flight. The updated departure time for BA0663 is 17:45. You should be on your way soon. We're sorry for any inconvenience. ^Liz,Mon Nov 27 10:24:47 +0000 2017,False,True
790321,790322,"Aiden from Newcastle office ext number 7508 is an absolute legend! Buy him a pint, thanks for helping re sort my flights!👍🏼","Cheers, Monki! We'll make sure your fab feedback reaches him. You can also say cheers via the following link if you like: 1/2",Thu Oct 12 11:35:54 +0000 2017,False,True
1513554,1513553,My flight BA0555 was cancelled. Can you help me reschedule?,Hi Jacquelyn. I'm sorry to hear your flight has been cancelled today. Have you now managed to get rebooked or do you still need assistance?,Fri Nov 03 10:12:29 +0000 2017,False,True
1262012,1262011,"Thanks for the good times, Paris. Next stop is London via a very full flight.","Hi Dax, thanks for sharing a great photo! Hope you enjoy your flight with us. ^Alex C",Thu Oct 26 10:32:17 +0000 2017,False,True
1455734,1455737,I’ve been transferred to a different flight with a stop over but have a much earlier departure time and I’m unable to check in online so currently my anxiety is through the roof and I’m hoping that I’m not on a standby list,"Hi Samantha. We're glad to see you've been re-booked. I know it's frustrating when your plans are disrupted, but you can check in (1/2)",Thu Nov 02 18:53:29 +0000 2017,False,True
1808107,1808106,Great trip to Venice courtesy of + CFC player &amp; Trevor Eve + Sharon Maughan on flights but most impressive always The Alps,"What an amazing pic, Peter! I take it you enjoyed your flight. ^Lisa",Sat Oct 28 12:50:21 +0000 2017,False,True
676823,676822,First time in Airways world traveller plus. Tiny tv. No at seat power. Not good. Thank god returning business with another airline,"We appreciate your feedback, Paul. We've passed your comments to our Customer Experience team. ^Linda",Thu Oct 05 15:56:27 +0000 2017,False,True
1902207,1902205,I have a flight from BCN to GRU with connection of 4 hours in MAD. Please let me board direct on MAD!,"You're really pulling on our heart strings, but you must fulfil the conditions of your ticket. We're sorry to disappoint you. ^Gareth",Mon Oct 23 15:07:34 +0000 2017,False,True
2554919,2554918,any intention of sorting your system? 3rd day running unable to access to book,access the online system in regards to an existing booking then please let us know via Twitter what you're trying to do. 0844 493 0787 option 2 Calls cost 7p per minute plus your phone company's access charge Daily 07:30-21:45. 2/2 ^Cody,Thu Nov 16 13:59:18 +0000 2017,False,True
505592,505591,waiting outside ba 279 in a hot bus at Heathrow with no explanation,We're sorry to hear this Murty. We hope you weren't too inconvenienced. ^Kit,Fri Dec 01 12:33:12 +0000 2017,False,True
1377851,1377852,Thank you. I appreciate you get the brunt end of pax frustrations but it’s not your fault. Thanks for your reply.,"I totally understand your frustration, Lee. I’m sorry we didn’t have been news for you. ^Davina",Sat Oct 28 23:50:26 +0000 2017,False,True
2069580,2069579,2hour delay in Rome and no update from staff only info we can see on app - what’s happening?,"Hi Rebecca, please accept our apologies for any inconvenience caused by the delay you experienced today on your flight from Rome. ^L",Sun Oct 08 17:10:00 +0000 2017,False,True
1146283,1146282,pls explain why you only have the first half of the reward flight booking process in app? Would love to book them in app,We're not sure that's right either. Try reinstalling it to see if that works. If you need any help booking let us know.^LW,Tue Oct 24 07:59:02 +0000 2017,False,True
78394,78393,Thanks for the email but we’re flying back from Budapest today!,We’re sorry you didn’t receive the email in time for your trip. I hope you had a lovely time in Budapest despite this. ^Davina,Thu Nov 30 10:49:46 +0000 2017,False,True
2941192,2941191,Another 24hrs with no call back from the highly efficient and caring customer service department. 72hrs and waiting for a transaction number. Would hate to have to deal with them with a real issue,Hi Matt. I'm sorry to hear you're still waiting and I do hope this is resolved for you soon. ^Kev,Wed Nov 29 09:09:52 +0000 2017,False,True
2391777,2391779,"Yeah I’ve tried both, so I will try a bit later. Thanks.","No problem, Scott. Let us know if there's anything else we can help with. ^Paul",Tue Nov 14 10:23:46 +0000 2017,False,True
1449556,1449555,has selected her reading material for the flight #worktravel #Brussels,We certainly hope that Lilly enjoyed the article with Brian and Buzz and that you both had a fantastic flight. ^Julie,Thu Nov 02 13:53:47 +0000 2017,False,True
2662315,2662317,I have unsettled damaged baggage claim from 22-04-17. I must travel on 01-11-2017 due to urgent reasons. Pls. advise !,"Hi Gireesh, we'll be happy to take a look at your baggage claim for you. Do you have a case reference 1/3",Mon Oct 30 20:47:23 +0000 2017,False,True
264838,264837,it's now been 48 hours and still no bag and very limited updates. So disappointed with your service..,"Hi, Clara. Sorry you're still without your bag. If this has now been passed to the courier, please contact them directly. They will 1/2",Sat Oct 07 16:06:10 +0000 2017,False,True
2509004,2509002,so I’ve just been able to pay to choose my seats and in the app just waited for online check in to open and now told it’s blocked due to unsuccessful attempts. Didn’t even log out. Just wanna Chris k in please.,"Unfortunately, we're unable to unblock the account, Jamie. It blocks you for 24 hours for security reasons in case a 3rd party has attempted to access your flight details. You'll need to wait. If the flight is tomorrow you'll be able to check in there. ^Julie",Wed Nov 15 21:17:05 +0000 2017,False,True
1388859,1388858,I'm flying out to Spain Thursday morning how can I pack my disposable contact lenses and make up in cabin luggage?,Hi. Any liquids will need to be packed in a clear resealable plastic bag. ^David,Mon Oct 16 11:30:34 +0000 2017,False,True
1441633,1441632,my bf flying from GLA to LON then onto Tokyo. He has been told flight to Lon delayed &amp; he’ll miss his flight to Tokyo 1/2,"Please ask him to get in touch, if he needs our help. 2/2 ^Liz",Thu Nov 02 07:42:41 +0000 2017,False,True
607172,607171,The iOS app just updated and this was on the new feature list in the App Store. I’m just saying it’s a great new feature :),"We're pleased to hear you approve of the offer, Joe. We look forward to welcoming you on board soon. ^Linda",Wed Nov 22 08:28:52 +0000 2017,False,True
386940,386941,"Buffet. Salad but nothing to eat with it, only baked potato and toppings, no one to help with champagne. Not usual service! Disappointing","Hi Jean, sorry to hear you're disappointed. Have you made our crew aware you're unhappy with the meal selection? They'll be happy to help^Jo",Tue Oct 10 23:08:55 +0000 2017,False,True
1721293,1721292,Classic shite from . 30 minutes late and counting. Just sat still in a plane on the tarmac. Great way to spend a Sunday.,"Hi Nick, please accept our apologies for any inconvenience caused by the delay. We always do our best to avoid delays when possible. ^L",Sun Oct 15 13:33:10 +0000 2017,False,True
2714627,2714625,"Hello! I have one doubt: tomorrow I'm flying Eurotraveller with my 1 cabin suitcase+1 bag. The thing is I found at Primark a cool cabin suitcase I wanna buy!! If I take it to the airport, will I have to pay for carrying it? Please say ""no""! 😍 Gracias!","Hi Manuel, you can't take 3 items in the cabin, so you'd have to check one in. If your ticket doesn't include a free checked bag, or if you exceed your checked baggage allowance, you'd need to pay for excess baggage. You can find more info at ^Beth S.",Mon Nov 20 03:13:12 +0000 2017,False,True
2067701,2067700,"Hey you've got mice in your T5 lounge, can send a video if you want?",Hi Simon. We're aware of the issue and it's currently being investigated by Pest Control. We're sorry for any distress this has caused. ^L,Mon Oct 09 07:33:13 +0000 2017,False,True
1749906,1749905,Wow look how long I've been on hold #britishairways #britishairwayscustomerservice,Please let us no if you need assistance with anything else. ^Monica 2/2,Tue Nov 07 17:10:27 +0000 2017,False,True
1606434,1606435,Hi! I'm having trouble to check in online. It says it's impossible and my flight is tomorrow at 5pm. Could you help me please?,"Hi Nevine, we're sorry to hear you've been unable to check in online. If this still hasn't worked, you will need to check in at the 1/2",Sat Nov 04 22:16:53 +0000 2017,False,True
2163602,2163600,This time a year ago I was waiting on a flight to go to NYC 😫any spare flights? And maybe can hook me up with a room 😏🙏🏻,"Ah that sounds like a wonderful trip you had, John. There’s not a lot going spare, it’s a popular time for NYC .^Corry",Thu Nov 09 09:09:58 +0000 2017,False,True
1141234,1141236,"Hi Linda, I've registered for the offer and all 3 flights are in this period but they were booked ages ago so I assume they won't count","Hi Claire, the membership number had to be given at the time of booking, to be eligable for the offer. Sorry ^ Lesley",Sun Oct 15 17:56:26 +0000 2017,False,True
1581082,1581083,is it possible to book a return flight departing LHR but returning to LGW? (to MAD).,"Hi Joe, it is possible to book this journey but you would need to speak to a member of our Sales team on the telephone. They'll be happy",Mon Oct 16 19:31:04 +0000 2017,False,True
564296,564295,Hi how do I claim compensation for my cancelled flight? Website on the letter I was given at airport doesn’t exist...,"We're sorry your flight was cancelled and that the letter is incorrect, Katie. You can submit your claim here: ^DaniH",Sat Dec 02 19:01:28 +0000 2017,False,True
1872836,1872835,"is __email__ a valid email address? I’ve had a suspicious looking email, thanks","Hi Paul, we can confirm this is a legitimate email. It's usually sent when a change has been made to a booking. ^Sophie",Thu Oct 19 12:25:57 +0000 2017,False,True
1691089,1691090,"When required! - what about treating paying pax with some respect! ‘to fly, to serve’ is redundant, should be ‘shut up, and be grateful’","I'm sorry you feel that way, Antony. I've passed on your comments to our Management team as feedback. ^Marie",Wed Oct 18 08:07:55 +0000 2017,False,True
1691183,1691185,Hey you bloqued my booking and I Will travel in 24 hours. I have to book my seats and my family's. What can I do?,"Hi Maicon, sorry you're having problems booking your seats. Unfortunately, you'll need 1/2",Mon Nov 06 16:45:42 +0000 2017,False,True
2324932,2324931,"Bravo, . Elderly parents pay for Premium Economy for 13 hour flight. You overbook flight and bump them down to Economy. I trust they’ll be flying back Business and refunded?",We're sorry to hear this and can imagine how upsetting it was. The staff at the airport would have made the necessary arrangements for them. ^SR,Sun Nov 12 18:55:51 +0000 2017,False,True
384230,384229,Honestly is a joke. Book business - still charged £20 a head to book seats.,"We appreciate your feedback, Tom. We'll pass your comments to our Customer Experience team. ^Linda",Mon Oct 09 10:01:55 +0000 2017,False,True
875427,875428,"What is the scheduled A380 flight to Washington pls, what day of the week","If you look at the date you're interested in travelling, will advise what aircraft we plan to use. 2/2 ^DaniH",Fri Oct 20 15:28:53 +0000 2017,False,True
2941203,2941201,"hi all, is there a problem registering for the executive club this morning? It keeps giving me an address related error.","We're not aware of any issues, Aisling. If you contine to have problems, our Executive Club team will be happy to assist you. You can contact them on 493 0747 option 3. Please note calls are charged at local rate. ^Leanne",Wed Nov 29 09:19:26 +0000 2017,False,True
2500236,2500235,is there an issue with the iPhone app just now?,"Hi Simon, we have been experiencing a few technical issues. We're working hard to get these resolved as soon as possible. We're sorry for the inconvenience caused. ^Rach",Wed Nov 15 17:00:00 +0000 2017,False,True
1805631,1805630,let’s hope my return flight home is better. Hope my luggage is on this plane unlike Monday 4day without.,"We hope you have an enjoyable return flight, David. Please accept our sincere apologies for the inconvenience the delayed bag caused you.",Sun Oct 15 10:55:21 +0000 2017,False,True
1664993,1664992,"Real decent food good on you , you listened to some of your customers","Thanks for the great feedback, Patrick. Please be assured we will pass this to our Catering team. ^Jane",Mon Nov 06 04:33:38 +0000 2017,False,True
779047,779046,This definitely hasn’t been upgraded :/,"We're sure you'll get one next time, Andrew. Enjoy the rest of your week. ^SR",Wed Oct 11 23:42:47 +0000 2017,False,True
2195003,2195002,Looking forward to our visit in December,"We’re looking forward to seeing you next month, Tim. We hope you enjoy the lounge.^Corry",Thu Nov 09 14:30:54 +0000 2017,False,True
2840620,2840622,"I was carrying my personal items in the cabin but didn't account for my ""hand luggage"" to be put on hold. I forgot. I'm not insured.",You may be insured through your bank? We're not able to compensate in this circumstance unfortunately. ^Alex,Mon Nov 27 16:27:15 +0000 2017,False,True
601621,601620,"Hey , what's going on with #ba439 ? Two hours delay and counting, staff not prepared to give out food they have (but they will sell it to us!) Can you have a word?",We're sorry for the delay Jonathan. We hope you weren't too iinconvenienced. ^Kit,Sun Dec 03 17:21:28 +0000 2017,False,True
2139080,2139081,My return flight is from HYD(India) to EWR (USA)on 16th Nov Economy ticket and why my checked baggage allowance is just 1pc where as my sister on the same flight getting 2pcs checked allowance. My bookings are as follows: Man-Hyd and return Hyd-EWR,"The standard allowance for World Traveller flights is one piece, Madhuma. Premium Executive Club members have an increased allowance. 1/2",Wed Nov 08 19:18:28 +0000 2017,False,True
870699,870698,you guys as a kid - what happened? Customer service used to be the heart of the BA experience. 1/2,"We deal with Tweets in time order and if you'd still like, we'll be in touch as soon as possible. ^Chris 2/2",Fri Oct 13 14:47:40 +0000 2017,False,True
1595855,1595857,But it is listed as a benefit of club Europe and expected to be there. More &amp; more you don't get the full product,own private lounge. We do not have this arrangement at every single destination. Sorry to have let you down on this occasion. 2/2 ^L,Tue Oct 17 09:27:41 +0000 2017,False,True
586210,586212,Well I look forward to the extra seat #moreroomforus,"If a customer doesn't turn up for a flight, their ticket is automatically cancelled. This means there wouldn't be an extra seat, Danielle, sorry. ^Cecilia",Sun Dec 03 14:49:37 +0000 2017,False,True
2148748,2148752,"Then when on the flight, air hostess advised all meals “may contain nuts”. I should have been informed of this when I called in advance.","I'm sorry if you feel you were misinformed, Siobhan. The notes in your booking show that you were advised we cannot guarantee a nut free 1/2",Thu Nov 09 01:19:29 +0000 2017,False,True
1873736,1873735,"disappointed by service on BA 2196 on 16th of October. No in-flights drinks besides the meal, Gluten Free snacks a joke",Hi Maurice. I'm sorry to hear your feedback about the catering on your flight. I'll ensure your comments are passed to our Catering team. ^K,Fri Oct 20 03:22:49 +0000 2017,False,True
139759,139760,what an absolute rip off. Being charged £65 for a 6.1kg bag. More than the cost of this leg of my flight. Can you cancel the return leg from LHR to EDI on 26 November at 1130 (booking reference 5I8IEI),"Hi Alasdair. Sorry you feel that way. If your bag is overweight/oversize, you’ll be charged for an extra bag. £65 is the fee charged at the airport and £25 is the fee when adding an extra bag online for your route. 1/2",Fri Nov 24 09:35:49 +0000 2017,False,True
403167,416826,Haha maybe inspiration for next one 🤔🤔🤔,Don't forget to share it with us. We hope we get to welcome you on board one of our flights soon. ^DaniH,Mon Oct 09 23:21:08 +0000 2017,False,True
822860,822861,OW sapphire going AMS/LHRJNB suitcase would easily fit in overhead but I had to gate check - why were others allowed?,"Hi Randy, sorry to hear you were inconvenienced when boarding with your bag. This could be for a number of reasons, 1/2",Thu Oct 12 21:34:58 +0000 2017,False,True
1435536,1435539,"Hi Alex, I meant give me more time for my points to hit my acc rather roll into next year!","full name, Executive Club number, date of birth, email address, postal address, and the details of the date flexibility",Mon Oct 16 18:47:31 +0000 2017,False,True
2536082,2536080,The safety video is amazing! Seen it 4 times now but still good ✈️😊 #britishairways #comicrelief,"Thanks, Hannah! We hope to see you on board again soon. ^Cec",Thu Nov 16 07:02:55 +0000 2017,False,True
182169,182167,"Hi , I have a problem with the price of a flight that went from 57 to 300 €, can you help me?","Hi Dylan, our fares aren't guaranteed until you get a booking reference. ^Linda",Wed Oct 04 12:43:30 +0000 2017,False,True
2607575,2607574,"thank you very much for helping me solve my comp card issue promptly. Prompt, detailed and Excellent response. Well done BA.....Ladi","I've passed on your thanks to Ash, Ladi. We're here 24/7 if you need us again. ^Gill",Tue Nov 21 09:27:39 +0000 2017,False,True
581379,581381,That’s a shame. Virgin &amp; other airlines allow them. They can be removed v.quickly and it’s not different to having a bag,We're sorry you remain unhappy with our response Kate. The safety of our passengers and crew remains the reason for this decision. ^Kit,Sun Dec 03 17:07:07 +0000 2017,False,True
387730,387729,Feeling hungry on a flight - just pick what is on the floor! Second time in a row it: cabin dirty: BA93 Club World seat 7k.,"Thanks for your feedback, Jean-François, we'll make sure this is addressed internally. We're sorry we've let you down. ^Rach",Mon Oct 09 12:07:00 +0000 2017,False,True
957908,957907,we still don't have our etickets booked in march. Have emailed - where are they? #poorcustomerservice,them as they will have a ticketing agreement and will do this themselves. ^Danny 2/2,Wed Oct 11 10:24:07 +0000 2017,False,True
1648802,1648804,How many luggages and how much weight can I take from London to Brazil in the economic class?,2/3 into the cabin with you. These should not weight more than 23kg and you must be able to put them into the overhead locker unassisted.,Sun Nov 05 16:12:46 +0000 2017,False,True
318957,318956,"if you have to change your flight coz of a national emergency in your destination, no roads. Still pay the $150 change fee?",an update as soon as possible. We appreciate your patience in this time. 3/3 ^L,Thu Oct 05 19:21:53 +0000 2017,False,True
1083564,1083563,Really S L O W business class check in,"We hope this isn't causing too many problems, Hatim. What flight are you checking in for? ^Leanne",Fri Oct 13 17:02:33 +0000 2017,False,True
1141320,1141321,would i be considered “on time” if I turned up at 10.45 for your 10.35 flight? #lateislate,"Whatever the scheduled time of your flight is, you're required to have checked in, and been through security at least one hour before 1/2^LW",Tue Oct 24 09:47:23 +0000 2017,False,True
2109244,2109245,"it is inexcusable that your call volume is so heavy that you cannot take calls, for several hours. Hire more staff?","Hi Helen, there's plenty of us here, I assure you! It's very tricky to predict call trends where aviation is concerned as I'm sure you 1/2",Wed Nov 08 00:28:35 +0000 2017,False,True
1987624,1987623,Great job for offering coat check on board for #clubeurope pax. #LHRLIS,"Hi Ricardo, thanks for sharing your experience! We hope you enjoy your time on board with us today! ^Lacey",Sun Nov 26 09:33:08 +0000 2017,False,True
1529060,1529059,My best attempt at making myself into a ‘1’ 😂 Thank you for the 10K following 😊😝👩‍✈️✈️ #avgeek #A380,"Congrats on your followers, Joanna! We love the photo, thanks for sharing it with us. ^JulieR",Fri Nov 03 19:43:02 +0000 2017,False,True
2933755,2933753,Flying Alaska/Vx First from JFK T7 in late December. Do you have any agreements in place for BA Galleries lounge access?,"Are you a Executive Club member, Matt? If so what level memberships do you hold? ^Pip",Wed Nov 29 00:03:25 +0000 2017,False,True
1035500,1035503,"no response to complaint, be patient? Why? You've still got my money, I've still not had a holiday","We understand the wait must be frustrating. The team do have a backlog, this is due to recent disruption. Please be assured a member of 1/2",Thu Oct 12 18:30:36 +0000 2017,False,True
1611969,1649807,BA2701 landing at LGW 21.00. Thanks to Club Team Jane and David #greatservice 👍,on to Jane and David. We hope we can welcome you on board again very soon.^Jo 2/2,Sun Nov 05 18:08:49 +0000 2017,False,True
545616,545618,What does that mean please? Just touched down in Heathrow and have 10 minutes to make it!,"Hi Lee. Conformance means you need to be at the airport in plenty time to catch your flight. We're sorry you didn't make it, but we're glad the airport managed to re-book you. ^Neil",Sat Dec 02 17:41:18 +0000 2017,False,True
2842314,2842310,lost my luggage for one week during a once and a lifetime bike trip to India.... and refuses to reimburse me for any expenses outside the few replacement pieces I bought. So how was I supposed to get to the mall I bought the items if the taxi wasn’t “essential?!”,"It's disappointing to hear your bag was delayed, Madeleine. We're sorry you're unhappy with the outcome of your claim. Unfortunately, we're unable to make an exception and we can't reimbruse your taxi expenses. We're really sorry we're unable to change the outcome for you.^DaniH",Mon Nov 27 15:32:33 +0000 2017,False,True
2721363,2721364,If they are not the configuration aren’t you selling reserve seating under a false premise,"Hi there, unfortunately cabin configuration can be changed for operational reasons. Were sorry for the inconvenience. ^Kieran",Mon Nov 20 12:58:37 +0000 2017,False,True
2754564,2754562,I never received a user name for my BA Executive club account. Not able to log in. Where can this be retrieved ?,"Hi Abdur, have you tried using your Executive Club number for your user name? This should work for you. ^Danielle.",Sat Nov 18 09:03:52 +0000 2017,False,True
2556880,2556879,Goldcard holder. BA6274 delay means short Jo’burg interchange for BA0056. Assistance provided through airport security?,"Hi Anne-Marie. Sorry for the late reply. Unfortunately, we don’t provide special assistance to Gold cardholders. If your flight is delayed, please go to the Flight Connections desk, so they’ll be able to assist you. ^Monica",Thu Nov 16 14:24:48 +0000 2017,False,True
745237,745236,"trying to contact customer support re booking and constantly told it’s busy, to phone back another time, tried all morning","Sorry to hear that, Marvin. Is there anything we can help with? ^Anthony",Wed Oct 11 12:15:38 +0000 2017,False,True
22648,22647,"When cancels flight the last minute, to the rescue! Thank you",We're happy to hear you were rescued. Let us know if you need help to get a refund where it's due on your BA ticket. ^Julie,Sat Oct 07 12:45:38 +0000 2017,False,True
698188,698189,Thanks for not providing me with any food on my flight from Toronto to LHR BA99,"Hi Kulwinder, sorry to hear this. Did you ask our crew for any alternatives? I'll pass your feedback on to our Customer Experience team.^Jo",Tue Oct 10 13:07:30 +0000 2017,False,True
795351,795349,lovely lady at lounge in Gatwick refusing entry despite husband having silver card - children count as guests....nice!,"Hi Chantal. Under the policy, children do count as guest for entry to the lounge. I’m sorry this has caused disappointment. ^Davina",Thu Oct 12 10:33:04 +0000 2017,False,True
351113,351112,No actually because your complaints process is a joke and you don't look after your customers,"Hi Caroline, we're sorry to hear you're unhappy with the response you received from our Customer Relations team. ^L",Fri Sep 29 10:17:29 +0000 2017,False,True
526086,526085,"British airways this is not done. I have a confirmed ticket to US and waiting for more than an hour but you are not giving seat citing over booking. I have an urgent conference to attend, hotel is booked. Please arrange to get me a seat. Plzzzzz",Hi Manish. We're sorry to hear your flight is overbooked. Apologies for getting back to you so late. Have you got things sorted now? ^N,Fri Nov 10 23:11:57 +0000 2017,False,True
1279270,1279269,Moscow keeping us on our toes by employing reverse psychology. Economy boarding first THEN biz and priority. You guys...,"This doesn't sound right, Wesely! We're sorry this happened, we'll feed this back to the airport. ^Danielle",Thu Oct 26 12:30:15 +0000 2017,False,True
244445,244444,Flew for first time in a long time on BA283 yesterday. Disappointing. WT passengers treated as second class citizens.,"Your booking reference, full name and contact details would also help. Thanks. ^SR",Thu Oct 05 13:16:02 +0000 2017,False,True
27982,27980,Waiting for my 13th flight with this year. to . Currently sat in the clubroom before the flight,"We hope you have an amazing flight, Sean. Enjoy your time in Amsterdam! ^Jane",Wed Nov 01 05:19:34 +0000 2017,False,True
1408529,1408532,Not good enough. Separating young children from their families is NEVER excusable.,"This is concerning to hear, Theo. Please be assured your comments have been fed back to the relevant 1/2",Sat Oct 28 20:21:07 +0000 2017,False,True
2944707,2944705,is it possible to bring a motorcycle helmet as carry on luggage? It's an international flight from London to Sydney via Singapore.,Hi Dan. As long as the helmet fits with the dimensions then this will be fine to take in place of a piece of carry on luggage. The dimensions are 56 x 45 x 25cm. If it's outside of these dimensions then it will need to be in your checked luggage. Hope this helps. ^Kev,Wed Nov 29 12:01:15 +0000 2017,False,True
1936597,1936599,I'm running on iOS 10. Not sure if that's relevant. I've got the impression that you're just trying to flog more £109 upgrades...,"Thanks for coming back to us, Frank. We'll pass the information to our IT team. In the meantime, please check in at the airport. Please also accept our apologies for the inconvenience caused. ^Linda",Sun Nov 26 11:57:09 +0000 2017,False,True
2883504,2883503,"Case ID 17216218 / BA470 / 17-11-2017 : Hi, my VISA insurance ask me for a document from the carrier confirming the luggage delay (with mention of the length of the delay). But no answer from you by mail. Maybe here?","Hi, Yogui. One of our agents will be in touch with you as soon as they can. We recommend you remove your ref from public view. ^Cecilia",Tue Nov 28 09:16:42 +0000 2017,False,True
1846460,1846459,"Hi there, the email adress listed here doesn't work. Please provide a working email address.","Hi there, sorry for the mistake. The correct email address is __email__. Hope this helps. ^Jane",Tue Oct 17 20:19:28 +0000 2017,False,True
2324997,2324996,Rebooted PC and it works now. Thanks.,"Hi Peter, great to hear your sorted. We're looking forward to welcoming you on board. We're here 24/7 if we can assist you further. ^Bm",Mon Nov 13 12:08:59 +0000 2017,False,True
1854257,1854256,Can you consider ordering a mix of additional Airbus A380 and Boeing 747-8I aircraft for delivery starting in late 2018,"Hi Donald, we'll certainly be welcoming additional A380 aircraft into our fleet, but we don't have any current plans for the 747-8l! ^Kelly",Thu Oct 19 02:58:07 +0000 2017,False,True
1419777,1419778,I am trying to book flights for next Jun 18 to include an unborn child (due Jan 18) - cannot do this online - help!,"Hi Mark, you can only add the baby to the adult booking, once the child is born. You will need to call us to do this. We don't 1/2",Wed Nov 01 18:08:44 +0000 2017,False,True
218782,218794,can someone pls come back to me on my claim no. 16650790. I’m fed up with being ignored.,"Hi Jonathan, sorry you're still waiting to hear from our Customer Relations team. Can you 1/2",Wed Oct 04 18:07:33 +0000 2017,False,True
1677712,1677709,customer service has gone so far downhill! 🙄,"We're concerned to hear you feel this way, Frank. Is there anything we can help you with? ^Steph",Tue Oct 17 09:38:50 +0000 2017,False,True
777652,777650,When you celebrate that a bag finally reached its planned destination... it means that something is going REALLY bad.,"Thanks for your tweet, Sergio. We hope you enjoyed the flight too. ^SR",Wed Oct 11 22:11:32 +0000 2017,False,True
1472223,1472222,what’s happened to the 06:05 flight out of NCL to LHR? Being told that the first flight is now 07:40.,"Hi Dave. Sorry, but for the winter season, the earlier flight is withdrawn. The 07:40 is the first flight. ^N",Thu Nov 02 23:54:59 +0000 2017,False,True
972271,972270,The new safety video with celebs is too good 👌🏼 first time I've watched the full video in years #safetyfirst #withalaugh,"Glad you enjoyed it, Cathy. We hope the rest of the flight was enjoyable too. ^Anthony",Fri Oct 13 18:21:55 +0000 2017,False,True
247176,247178,There are things hard for the Airport staff to solve when last mint cancellation caused the business several negatives!?,"We appreciate your detailed account of what happened, Mansour. We've passed your comments to our Customer Experience team. Please accept 1/2",Thu Oct 05 14:44:34 +0000 2017,False,True
592525,592524,Hiya! I think y'all have made a mistake downgrading my Exec Club status. Could you please review this for me ASAP? I've got flights to book but not worth it for me to fly BA without lounge access.,for data protection. We can forward your details on to the Executive Club and they will look at this for you. ^Kit 2/2,Sun Dec 03 16:22:15 +0000 2017,False,True
2215495,2215494,"On November 3, I received an email called Extra-baggage email. When will the money be refunded?","Hi there, did you purchase an extra bag and then cancel it? 1/2",Fri Nov 10 06:23:10 +0000 2017,False,True
2839031,2839029,terrible customer service at T5 connections at the moment dozens of people missing flights which are in the airport waiting for no good reason and no info,"Oh this isn't what we like to hear, Sid. Please be assured we'll make your comments known to our Customer Service team in T5. ^AlexL",Mon Nov 27 11:42:36 +0000 2017,False,True
2896430,2896432,You need to follow me before I can do that,"Hi Carol, we're following you now. We look forward to hearing from you. ^ Barbara",Wed Nov 29 12:48:44 +0000 2017,False,True
444106,444103,"Dear I've been trying to book a flight for the last hour and a half, your website has twice increased the price whilst in the middle of booking and kicked me off at least 5 times. It's like you're trying to get me to book elsewhere",Hi Daniel. Prices aren't guaranteed until you get a booking reference. ^Linda,Wed Nov 22 00:10:55 +0000 2017,False,True
2124147,2124148,lunch is served in Club World from Sydney to Singapore @ British Airways First…,"And for anyone who hasn't tried it, the bread and pastries in our Club World cabin are the best you'll ever taste in your life! 1/2",Wed Nov 08 14:06:37 +0000 2017,False,True
726233,726232,how about a follow as it's my 50th,"Hi Andrew, we’re following you now! Happy Birthday we hope you have a great day ^Al.",Fri Oct 06 15:29:07 +0000 2017,False,True
1553390,1553389,You don't need to keep apologising for fog! Totally not your fault and your team at Glasgow Airport were excellent today.,"Thanks for taking the time to share this, John. Have a great weekend. ^Teresa",Fri Nov 03 21:37:50 +0000 2017,False,True
399468,399470,I don't know what you did but it worked. Thank you. I get a refund and can book a new flight 😘,"Hi Lisa, I'm glad we were able to help. If there is anything further you require, please don't hesitate to get in contact. ^Tom",Tue Oct 10 09:07:14 +0000 2017,False,True
1012086,1012085,I hope my flight isn't delayed or canceled but we'll see how it goes. I have to go back to work tomorrow!,"We hope so too, Belinda. Are you travelling back to San Francisco? If so how was your time with your London family? ^Lisa",Thu Oct 12 11:21:22 +0000 2017,False,True
2860873,2860875,"No, my husband and I were on a different reservation. This reservation was just children. Just because BA considers them ""adults"" doesn't make it so.","We appreciate your son is only 12, however we do specify that they are considered a young adult and can travel on their own. Due to data protection, we'd need to speak with the passenger or credit card holder to discuss a booking. ^Steph",Tue Nov 28 02:56:15 +0000 2017,False,True
1117847,1117848,"tks. as per INSTRUCTION, NEW case ref assigned 17135403 (existing 16965136). hope it wnt cause confusion that leads to months of delay again","Hi Nalene, we're really sorry for the late reply. Are you available to take a call from us now? ^Kelly",Fri Oct 27 06:15:44 +0000 2017,False,True
1663620,1663619,"Hi! Flight BA 1525, can you let me know why it was cancelled and delayed today? I have my flight with you on Friday.","Flight BA1525 is operated by American Airlines, Stacey so we're unable to see the reason behind the delay. ^Alex",Tue Oct 17 07:38:45 +0000 2017,False,True
1420881,1420879,Could you please confirm the amount of time it takes to respond to a simple complaint? Not happy with service currently!,quite a backlog. We hope you receive a response soon. 2/2 ^David S,Wed Nov 01 20:36:57 +0000 2017,False,True
1119792,1119794,"Been flying with BA for 8 years, and I must say service hasn't ever been this good. Staff were excellent.",We're very pleased to hear the service is only getting better for you. Enjoy you day! ^Danielle.,Tue Oct 24 09:08:53 +0000 2017,False,True
660067,660069,I'm just trying to search a flight LHR to MCO is there a free phone number I can ring the website is just annoying,"Hi Jonathan, you can contact British Airways using the following link: Calls are charged depending on your network. ^Raj",Thu Nov 23 05:57:25 +0000 2017,False,True
1494420,1494419,Genius new safety film on with help from - first one I've actually watched for ages!,"We're still really proud of this one, Justin, so we're very glad your enjoyment meant you actually kept you watching. ^HP",Fri Nov 03 09:08:49 +0000 2017,False,True
1686786,1686784,try to change booking for rtn DUS-LCY. says flight unavailable. Loads of seats free. BA3276 1/12/17,"Hi Colin, that is strange. Have you managed to make the change or do you still need help? Kind Regards ^Jools",Tue Oct 17 10:35:09 +0000 2017,False,True
2480767,2480768,where do I find a description of services and a map/location of your business lounges in Zurich and London airport?,"Hi there, to find out the location of the lounges in the airport you can use the following link 1/2",Sun Oct 29 13:14:13 +0000 2017,False,True
65305,65303,Hey Davina. I’m off to Zurich and back to celebrate. Later on though. Hopefully I’ll see some pretty mountain tops and a beautiful sunset,"It certainly seems to be a nice clear day to get those views! Have a great trip to Zurich, Mark. ^Davina",Thu Nov 30 08:05:44 +0000 2017,False,True
2602082,2602081,"I've been trying to check in for tomorrow's flight as well as book a flight for March and the website and mobile app return with ""This page is not available"". Any idea when this will be fixed?",We're sorry to hear you've had problems checking in online. Have you deleted your browsing history? ^Charlotte,Fri Nov 17 03:05:02 +0000 2017,False,True
2839030,2839032,I think if you had put someone to talk to the people in the queue that would have helped lots as no-one really had a clue what was going on frustrating as there were people taking their kids to the US etc in the queue,"Thanks for letting us know, Sid. We'll be sure to pass on your comments. ^JulieR",Mon Nov 27 16:02:43 +0000 2017,False,True
1109272,1109270,Great news just finding out that are flying #Ibiza / all thought the winter,"I hope you get to make the most of the route, Clara! ^Davina",Mon Oct 30 21:15:49 +0000 2017,False,True
1430187,1430186,Hi is there anyway to speak to someone regarding info for my flight tonight? Been on hold for a looking time,We'll give you a call and hopefully we can help. 2/2 ^Liz,Thu Nov 02 07:04:38 +0000 2017,False,True
1269146,1269144,Hey very important topic today. Your spoons are too big compared to your jam pots...,"We like to give our passengers a challenge, Cedric. Have you tried using the other end of the spoon? ^Chris",Thu Oct 26 09:10:30 +0000 2017,False,True
633201,633200,Can't wait to use this new and improved First Wing before my flight to KUL with on 7th Dec 🥂,"Hi there, we look forward to welcoming you into the First Wing. We hope you enjoy your experience?^Jo",Wed Nov 22 14:16:13 +0000 2017,False,True
1207685,1207686,"why is one economy and one is economy plus when they are ALL THE SAME FLIGHTS!? If I book each flight separately it's ec, if not its ec+",rule may not allow another to be sold along side it. So the system will choose the next fare type. Booking them separately will 2/3,Wed Oct 25 13:46:57 +0000 2017,False,True
850381,850380,my 5 yr old child will sit alone on a flight tom. Paid for reserved seats &amp; u refuse 2 honour that or fix mistake #scandal,"Hi Rosanne, we're sorry about this. However seating is never guaranteed. ^Alex C",Fri Oct 20 11:31:22 +0000 2017,False,True
8718,8717,"flying to NY. Adding passport details, but keep saying error? Never had this problem. Is it cause my lead passenger should?","email address, and postal address. One of the team will be in touch to help add your details to the booking. 2/2 ^L",Mon Oct 30 17:37:16 +0000 2017,False,True
2552139,2552138,"hi, while registering, executive club registration page ( gives an error that some fields are missing, though they are filled out. This is what I get as an error",recommend contacting our Executive Club directly via the contact number below. 0344 493 0747option 3 (calls charged at local rate) Daily 06:00 – 20:00. 2/2 ^Cody,Thu Nov 16 13:12:13 +0000 2017,False,True
879875,879873,1/3 - Word of warning to nut allergy sufferers planning to fly with BA. Just flew to Dubai- both meals provided contained..,"Hi Milly, we’re sorry to hear this, some of our meals do contain tree nuts ^Al.",Fri Oct 13 12:54:23 +0000 2017,False,True
1011656,1011654,I have paid £15 4 meal 24/10/17 BA33 to KL do I have to pay for drinks ?,"Hi there, if you are traveling on long-haul, then it will just be the meal price. ^Kieran",Sun Oct 22 12:01:51 +0000 2017,False,True
62636,62635,"I want to book a flight from Athens to London but pay with my UK mastercard (in £), otherwise I am charged foreign currency fees. Why is your quote in euros, and how can I change to £?","Hi Evi, if you're booking online you will be charged in the currency of your departure country. If you would like to book in GBP you will need to call our Sales team. You can find their contact details here: ^Natalie",Sat Nov 25 20:53:31 +0000 2017,False,True
2741615,2741614,Everyone kicking up a fuss about new boarding policy. It doesn't matter if you board 1st or last. The plane leaves at the same time for every passenger. Rather spend extra time in the departure lounge anyway,"Thanks so much for your kind words, Gerard. We do hope this will help make it easier for our customer’s to understand. ^Danielle",Mon Nov 20 15:06:32 +0000 2017,False,True
2847874,2847873,Great flight despite the delay. Made better meeting &amp; Bill Beaumont,"Hi Michael, we're sorry about the delay. Every cloud though........This is a great picture, thanks for taking the time to share it with us! ^Kelly",Mon Nov 27 16:44:46 +0000 2017,False,True
1608152,1608151,Annoyed wouldn’t let me check in advance and then assigned me in middle seat at WT plus. Why pay more?,We're sorry for the delay in responding to you. When are you due to travel? ^David,Sat Nov 04 23:19:42 +0000 2017,False,True
686798,686797,Birds eye view of the biggest Speedbird! I see you #a380.,Hi there. Thanks for another great shot. We appreciate you sharing them with us. ^N,Thu Oct 05 18:59:50 +0000 2017,False,True
1269799,1269798,My experience changed when I arrived at the gate. I had a seat change and was very pleased! Thank you!,"We're glad to hear the gate staff were able to assist, Ryan. Thanks for getting in touch. ^Chris",Thu Oct 26 09:48:44 +0000 2017,False,True
1046318,1046317,"why am I unable to check in online ? ""proceed to airport to check in"" yesterday there were no seats available to select","afraid you'll need to check in at the airport, sorry for the inconvenience.^Jo 2/2",Thu Oct 12 21:45:53 +0000 2017,False,True
1272188,1272187,Shame on you (part 2). “No exceptions - all luggage has to be checked in at gate”. What about these?,"Thanks for confirming your flight number, Miguel. We've passed your comments to the airport managers. ^Linda",Sun Oct 15 19:19:55 +0000 2017,False,True
391811,391810,boo hoo flight BA1333 no funny safety video was so looking forward to it 😔,"Oh no, Eileen. You could always check it out on the very popular online video website. ^SR",Mon Oct 09 14:28:56 +0000 2017,False,True
1094949,1094948,"Trying to pay the balance of my holiday which is due in the next few days, but the online payment system isn't working.","Hi James, have you managed to get this sorted now? Sorry for the difficulties you’ve had ^Al.",Fri Oct 13 15:42:43 +0000 2017,False,True
1910471,1910470,hi can long haul economy food options be paid for with avios?,Hi Neil. This isn't an option I'm afraid. I'm sorry for any disappointment this may cause. ^Lolly,Tue Nov 07 21:05:53 +0000 2017,False,True
2835995,2835994,#winterwonderland #HydePark heading into last night on #lovelife,"That's an amazing picture, Iain. Thanks so much for sharing it.^Linda W",Mon Nov 27 15:06:07 +0000 2017,False,True
2845946,2845944,today you'll take a very special passenger for me my sister and her son they going to fly for the first time from Argentina to London they're very exciting .I just. Want to say thanks for make people happy,"Thanks for such a lovely message, Gerri. We hope your family enjoy their trip. Feel free to get in touch if we can help with anything. ^DaniH",Mon Nov 27 16:59:02 +0000 2017,False,True
1525255,1525256,"So why was none of this inf'n relayed to us at DUB? Useless, just useless. Another crap flight with a crap airline.","We'll feed this back to the ground staff, Mike. I'm really sorry. ^Kimbers",Fri Nov 03 21:48:37 +0000 2017,False,True
1231571,1231572,still haven't had a response a week later,Our Customer Relations team deal with cases in a date received order. They are working on cases from 8 October at the moment. They'll 1/2,Wed Oct 25 17:35:35 +0000 2017,False,True
1502230,1502232,"I know, thank you Sarah...fog is no-ones fault but 2 hours standing in a queue is quite frustrating. BA staff are very helpful 😊","Hi Louise, I can understand your frustration. I hope you didn't have to wait too much longer and that our staff were able to rebook you. ^BS",Fri Nov 03 15:43:24 +0000 2017,False,True
1964900,1964899,what’s happening with today’s flights out of sfo and oak?,Is there something specific about these flights you want to ask about Philip? Our flights look to be on time. ^Kit,Mon Oct 30 17:41:21 +0000 2017,False,True
1058402,1058405,"Hi Anthony, there's nothing mentioned specifically for a student visa.",it will be advertised on in your home country. If no offer was available at the time of booking 2/3,Sat Oct 14 21:29:05 +0000 2017,False,True
1159771,1159770,"First you tell us our hotel is being refurbished while we’re there, then when I call to get help, you try to rip me off!",We're really sorry to hear this. Unfortunately. our Social Media team are unable to assist with hotel packages. 1/2,Tue Oct 24 12:43:55 +0000 2017,False,True
2197499,2197498,people are quick to complain however I wanted to say how Fantastic the crew were on BA143 on Wednesday. Best crew I’ve had the pleasure of flying with.,"Great to hear, Chris! Exactly what we aim for. If you wanted, you can thank them direct here: ^Hel",Thu Nov 09 22:34:50 +0000 2017,False,True
2768345,2768344,"Need help, i can’t check in on the web site! 😔",You may need to check in at the airport if online remains unavailable. ^Hel,Fri Nov 10 01:06:18 +0000 2017,False,True
1997206,1997207,So need a copy of my mum’s death certificate and proof of relationship before considering a flight refund. Lovely people.,make sure the help is there for those who need it. Please let me know if there's anything I can do to support you with this. 2/2 ^Kimbers,Fri Nov 03 12:10:52 +0000 2017,False,True
910065,910064,hi is BA0829 flying tomorrow with storm Brian #brian #storm #BA #dublin to #London,Please keep yourself updated by checking the status of this flight through our website. ^Danielle. 2/2.,Fri Oct 20 19:19:36 +0000 2017,False,True
1547952,1547951,why can't I use the lounge in Aberdeen. As a silver member that's one of the (last) perks of having it??,alternative facility. We're sorry if this was not the case. We'll be sure to feed this back. 2/2 ^Teresa,Sat Nov 04 07:52:40 +0000 2017,False,True
1651721,1651723,"^Jane Thanks for the reply, Jane. But you are not telling me anything.. I know what caused the cancellation. Will they return home tomorrow?","It depends what flight they've been rebooked onto, Phil. We will always work hard to bring them home as soon as possible. ^Alex",Mon Nov 06 12:46:15 +0000 2017,False,True
2768857,2768858,We did indeed. 17127485 Is it 28 days or 28 working days? Thanks,"Hi Tony, I have spoken to your wife on the phone today. If there is anything further we can assist with please don't hesitate to get in contact. ^Tom",Tue Nov 21 13:48:26 +0000 2017,False,True
1814880,1814877,Surely there are either waivers or not? Selective waivers sound like you are penalising those who don't ask the (right) question (1/2),"Hi David. If they have access to Twitter, they can ask us to look into it for them. I hope this helps. ^Lolly",Tue Oct 17 18:26:32 +0000 2017,False,True
12114,12118,I am still waiting 😒,"Hi Lara, we can't see the option to follow you, have you ever provided details for the funds you're waiting for? ^HP",Wed Nov 01 09:33:56 +0000 2017,False,True
1837580,1837583,K2 Global took my bag and told me it couldn't be repaired then proceed to tell me the same one wouldn't be given to me. I'm telling you that this is because of your airline so you need to fix this now. I shouldn't have to be calling everyone up and filling out forms.,"Hi Hannah, if they're unable to repair your bag, they'll offer a replacement instead. Unfortunately, we're unable to offer an identical 1/2",Wed Oct 18 18:03:39 +0000 2017,False,True
1992330,1992331,So the aircraft was on the ground at Heathrow overnight ?,Hi there. The aircraft hadn't suffered any disruption before your flight. I hope this helps. ^Paul,Tue Nov 14 17:37:05 +0000 2017,False,True
2842309,2842308,Well looks like the self-proclaimed World's favourite airline lives down to its usual poor standards. Why did I choose,We're sorry to hear that. Is there anything we can help with?^Linda W,Mon Nov 27 14:53:15 +0000 2017,False,True
991399,991397,sad you've stopped your flight between Bergen and Heathrow. Ground staff conf flight always full. Many dissapointed. Why?!,"We understand your frustration, Lisa, we're sorry for any disappointment caused. ^P",Sun Oct 22 00:23:48 +0000 2017,False,True
2611424,2611422,"A note for anyone who needs to be Gluten free on Take food with you, and definitely don't expect any breakfast! Recent overnight from New York. Breakfast option was a cereal bar or malt loaf and no GF option provided.","We’re concerned to hear this. We would like the opportunity to speak to you about your experience on the phone. Would you mind sending us your full name, booking ref and email address please? ^Amy",Fri Nov 17 10:32:51 +0000 2017,False,True
2651618,2651617,"im a student who has to spend 1300$ on a new laptop because of this garbage system, absolutely insane.","We're sorry you're disappointed. Any items left on board are handed in at the arriving airport, so we're unable to assist you. If you're having difficulty contacting the airport we'd recommend checking the airport's website to see if there's another way to contact them. ^JulieR",Sat Nov 18 19:25:06 +0000 2017,False,True
257986,257985,"V.disappointed in Booked/paid 4 Business, but was seated in Economy and offered no food/drink on the flight. #iwantarefund",home address with area code and telephone number. We can take a look to see if we can explain what happened. (2/2) ^N,Thu Oct 05 18:57:52 +0000 2017,False,True
1081235,1081233,Hey - you still have not fixed your API problem that I flagged a week or so ago. You’d better get your acts together.,We're working on a fix as soon as possible. Do you need us to add your information for you? ^Anthony,Fri Oct 13 16:16:57 +0000 2017,False,True
1569010,1569011,Disappointed with not answering to my request regarding a feedback report for my application to become a pilot. Unfriendly,"Sorry you feel that way, Rye. Unfortunately, we won't be able to help. You need to contact the Career Centre number/email 1/2",Sat Nov 04 09:09:57 +0000 2017,False,True
245463,245465,"Hi, +44 7833 106691 is my London number..please send mail to my personal ID __email__. thanks","but we've included the link to our meal choices: Once you've selected a meal, this can be added on Manage My 2/3",Thu Oct 05 10:40:28 +0000 2017,False,True
2651412,2651410,Haha. I like your style Helen! Although I would have preferred to spend it in LA rather than in the airport. I’m sure you can have a cheeky word with the crew to treat us extra special #78A #78B,"Can't promise anything, Andrew, but I'll try. Congratulations to both of you. ^Helen",Sun Nov 19 05:17:07 +0000 2017,False,True
1552631,1579932,"Yes, but haven’t been told how to get compensated for this delay","Hi Francesca. Can we just check, are you referring to a hotel overbooking or a flight overbooking? Did we overbook your flight then 1/3",Sat Nov 04 06:01:42 +0000 2017,False,True
287584,287586,Hi just paid £38 to reserve a seat and it’s booked the return leg (not outbound as I wanted) can you amend it please?,"Sorry for the late reply, Katy. We'd love to look into your query. 1/2",Fri Oct 06 12:23:04 +0000 2017,False,True
614953,614952,The delay lasted about an hour and no refreshments was offered. I then went onto BA009 to bangkok and the service was outstanding. The plane could be doing with a retrofit of some new equipment. It's like going back in time stepping on it.,"When flights are delayed we have to be ready to go as soon as possible, Alan. This also means we're unable to offer refreshments as this could delay the aircraft further. Many of our older aircraft are due to be refresehed soon. ^Lynn",Wed Nov 22 11:06:06 +0000 2017,False,True
2383060,2383062,"I’m afraid there is more to it, Leanne. This has been a total clusterfuck by : 1. Their plane was delayed in Amsterdam because BA decided to alter its destination. 2. Second plane did not land at the terminal, so a bus was required. 3. The airstair was broken.","We're sorry to hear you remain unhappy with our response Yvo. The car hire and connecting flight, as not booked with British Airways, would be a consequential loss. ^Kit",Tue Nov 14 15:55:42 +0000 2017,False,True
1955101,1955102,How can I get an update on our missing bags? Your website was last updated at 2132hrs yesterday!,and see if we can get an update for you. 2/2 ^Beth,Mon Oct 30 12:44:28 +0000 2017,False,True
686826,686825,sitting in Munich flight is delayed and no one says anything. Previous flight was two hours delayed. Becoming typical,"Hi Neil, sorry to hear your flight has been delayed. Please click on the following link for regular updates",Thu Oct 05 15:28:20 +0000 2017,False,True
260511,260510,Can I fly a jumbo for my 100th ✈? Whadyaday?,Hi Peter. Why not try out a flight simulator experience and you can have loads of fun. I've tried it and it's amazing. ^N,Thu Oct 05 20:02:53 +0000 2017,False,True
2124117,2124116,your service has truly been cut below budget airline - as I'm sure the other 70+ pax waiting to check in at FUE would agree,I'm sorry you were waiting a while to check in. I do hope the rest of your trip with us went well. ^Kimbers,Wed Nov 08 14:58:08 +0000 2017,False,True
78339,78337,I'm trying to check in online and it's not working.. need assistance here please,We're sorry to hear about this. What error message are you getting? ^Karen,Thu Nov 30 10:25:18 +0000 2017,False,True
1480266,1480265,I’m struggling to see the £37 fare as listed above on this - can you help?,"Hi Nick, do you still need help with your booking? The fares quoted are subject to availability, and can change. ^Lindy",Fri Nov 03 06:38:19 +0000 2017,False,True
2430621,2430620,I will be contacting trade descriptions in the morning.. just tried to book a ‘free seat choice’ at anytime flight only to find on check out seat choice from £11 per person?! Just called customer service and the computer says no #executiveclub #misselling,"Have you booked the Economy plus ticket, Karen? Have you selected a seat then tried to change? ^AlexL",Tue Nov 14 19:28:44 +0000 2017,False,True
130648,130650,"It was online. One of your holidays, we did everything through you like we always did. I have some flights booked to Miami in a few weeks &amp; I’m scared we’ll have the same situation. Funny, there was a BA flight departing to Heathrow from JFK 5 minutes after this AA flight 🤔","Hi Victoria, if you book online, you have to select the flight yourself. When doing so, it shows which airline you've selected. I would check your booking as it will also say who operates your Miami flight. ^Chris",Fri Nov 24 06:59:42 +0000 2017,False,True
2109906,2109908,"Hi Linda, I have a valid esta, but an esta is not a visa. It’s a visa waiver. Esta is 16 characters not 8. Any advice? My origin is Dublin","Hi Michael, your Visa Waiver is the same as your ESTA and you don't need to enter this online. It's linked to your passport. ^Linda",Sun Nov 26 13:10:17 +0000 2017,False,True
2927227,2927226,#britishairways🛫 worse experience ever on flight 1489 from Glasgow - 4 hours delays! so upset about it 😠 - thanks to the lovely staff on the plane though...,We know how frustrating it is when your flight is delayed and what a difference it makes when the cabin crew and ground staff are on hand to take good care of you. ^Linds,Tue Nov 28 20:57:55 +0000 2017,False,True
2432427,2432428,Yes. Can you copy and paste where in your terms and conditions it says our return flight will be cancelled if we fail to turn up for the first flight due to unforeseen circumstances please. Thank you.,"Hi, Ray. As per our General Conditions of Carriage. Section 3c2) Your ticket is no longer valid if you do not use all the coupons in the sequence provided in the ticket. I hope this helps. Many thanks. ^Lisa",Wed Nov 15 08:35:59 +0000 2017,False,True
243692,243702,Problem with check in also it would appear! Please can we solve for this by DM as I don’t want to miss the 1 hour before flight cut off,print one from the main website? That would be the solution on this occasion. ^SR,Thu Oct 05 14:58:15 +0000 2017,False,True
153271,153269,yet more rip off charges from British airways! That’s £102 today for them doing absolutely nothing. Zero customer service ethos! Loyalty never rewarded. Complete and utter disgrace!! I should just give you my bank account details!!,"If your ticket is not refundable, you only get unused taxes back, Alasdir. ^Monica",Fri Nov 24 14:57:18 +0000 2017,False,True
2764873,2764875,HOW? No response to letter or email (auto ref 17145250) Customer relations only open till 5pm not 24/7 and unable to get through. James (I don't have a Twitter account),"Hi Fiona, our Customer Relations team would contact James directly. Please be assured they'll contact him, as soon as they can. Alternatively, as previously advised he can contact us direct through Twitter if he has an account or through our contact centre. ^JulieR",Tue Nov 21 18:55:19 +0000 2017,False,True
125930,125929,"I have called 800392698 which tells me to call 1 800 0139688. Both credit cards were refused by BA, to buy biz class, on line, so I used an agent and downgraded my booking to premium economy in protest.","That's odd, David! Please be assured I'll pass your comments to our Customer Experience team as feedback. ^Beth S.",Fri Nov 24 02:39:50 +0000 2017,False,True
2500243,2500245,"Thanks, that's a relief and a ridiculous way of communicating to passengers, why not just update the departure time with a message to match rather than say Flight Delayed?","We're sorry for any confusion, Jon. The BA275 is still scheduled to depart at 15:50 on 18 November. We'd recommend checking our website 24 hours before departure for the up to date information. Please accept my apologies for the incorrect info given earlier. ^JulieR",Wed Nov 15 20:12:06 +0000 2017,False,True
858273,858272,on a code share flight home from Miami and can't check in on flight to Heathrow aa0056,"We're sorry about this, Kenny. If your unable to check in online it will need to be done at the airport. ^Alex C",Fri Oct 20 13:41:06 +0000 2017,False,True
420708,420711,Which bit. The mess at checking in. The mess that was calling direct or the mess that was the antique plane? Will be formally complaining,that we can put matters right next time. Thanks again for your feedback.^Jo 2/2,Tue Oct 10 18:51:39 +0000 2017,False,True
2448226,2448227,It team is working on this for last 2 wks..?r u saying passengers can check-in however unable to so for last few days?,"Hi Tusar, sorry for the problems you're having with our Mobile App. Have you tried installing the Mobile App again? ^Lindy",Sat Nov 18 01:58:00 +0000 2017,False,True
544110,544109,I'm trying to book a flight through your website but I'm having some difficulties... how can I get help? Thanks,"Hi, Joao. Sorry your having trouble online. If you would like to make a new booking, please call reservations on: 0844 493 0787 option 2. ^Pip",Sat Dec 02 14:34:43 +0000 2017,False,True
227254,227255,Do u yet know which aircraft will be flying the BA0115 LONDON 2 NEW YORK 17/11/2017. I no its wee bit early,"Hi Rosa, it'll be operated by a Boeing 747-400 on this route. However, due to safety and security reason, we're unable to guarantee the 1/2",Wed Oct 04 20:19:37 +0000 2017,False,True
62748,62750,"Thanks. Would I be permitted to carry such an item in my carry on, as it can fit in a small enough bag to meet carry on limits?","Hi Peter. Will the monitor you'll be carrying be a flat screen monitor? As long as it fits inside a bag with the correct dimensions for carry-on luggage, then it should be fine. However, you may be asked to switch it on at security for additional security checks. ^Neil",Sun Nov 26 01:06:14 +0000 2017,False,True
801198,801197,BA033 LHR to KUL that just landed this morning,"Thanks for providing us with your flight number, Sarat. We'll pass your comments on. Enjoy the rest of your weekend. ^Linda",Sun Oct 08 08:15:32 +0000 2017,False,True
1056708,1056707,once again no Coeliac/gluten free meal on board my flight to Dubai today despite adding to My Booking,Hi Rebecca. Apologies for the late reply. We're sorry to hear this. Did you order a special gluten free meal before departure? ^N,Thu Oct 12 22:54:03 +0000 2017,False,True
1255794,1255790,Not great . Lost property is third party despite me having aircraft details useful now before it leaves for the day!,"Hi Ross, we can't take responsibility for lost property so we give all items to the airport to store for passengers. ^Chris",Thu Oct 26 05:30:58 +0000 2017,False,True
2651532,2651534,"Hi there, I'm still not able to log in on your app, for my flight tomorrow. What is happening with fixing the app please?","We don't have app issues currently, Mark. Did you check that your privacy settings aren't preventing you connecting to the app? ^Hel",Mon Nov 20 20:06:09 +0000 2017,False,True
1480529,1480527,On BA1435 from EDI to LHR and connecting to BA0676 to IST at 0935. First flight delayed and will miss connection. Help? 1/2,Istanbul. Let us know if there's anything further we can help you with. ^Lindy 2/2,Fri Nov 03 06:54:53 +0000 2017,False,True
247172,255191,Flight NCL to LHR delayed 3 times (90mins in total) and waited 30mins to disembark due to no buses or steps to take us to the terminal. 1/3,"We're sorry for all the problems cause by today's delay, Michael. There were some delays earlier due to weather which has impacted 1/2",Thu Oct 05 15:51:34 +0000 2017,False,True
200902,200901,one of the most chaotic gate boarding experiences ever for BA1399 ground staff have clearly never boarded a plane before,"We’re sorry to hear about this experience, Mark. Can you let us know more about what happened?^Corry",Wed Oct 04 14:53:20 +0000 2017,False,True
531421,531420,why have an online check in and bag drop if you have to wait for regular check in to open anyways? Defeats the point completely! 😡,"We're very sorry about the negative experience you've had here, Rachel. We'll feed your comments back. ^Paul",Fri Dec 01 19:54:51 +0000 2017,False,True
1487485,1487487,What’s the point of an App that doesn’t work properly?,"We're sorry you're having difficulties with our app, Marielle. Do you have the latest version of the app and is your software up to date? ^S",Tue Nov 07 16:01:22 +0000 2017,False,True
886524,886522,How have allowed the new flippant Safety video? Takes the total piss out of #aviation safety,We're sorry you're unhappy with our safety video. We've shared your comments with our Customer Experience team. ^DaniH,Fri Oct 20 17:55:13 +0000 2017,False,True
280501,280504,"Can you tell me when you’re going to look at complaints sent on 30th September. For all I know, you’re still on complaints from August?","Hi Eleesha, we know the wait is frustrating. We're working to get back to you as soon as we can. ^Anthony",Wed Oct 11 13:13:29 +0000 2017,False,True
2510781,2510782,Hmm. Service standard rescued by the excellent Liam on the 812 today. A high point in today's journey.,"Hi Jordan, that's great to hear. We hope you had an enjoyable flight. Have a nice day! ^Amy",Mon Oct 30 09:27:42 +0000 2017,False,True
2681470,2681469,Flights home for Christmas booked with . CAN. NOT. WAIT. ✈️🎄,"How exciting, Hannah! We look forward to seeing you then, if not before. ^Cec",Tue Oct 31 10:34:04 +0000 2017,False,True
996663,996664,hi. Despite booking with wheelchair assistance my 81 year old mother was not provided one. People were pretty rude too,"2/2 We need to clear data protection before we can look in to this for you. If not, can the card holder contact us directly? ^Jools",Wed Oct 11 21:51:13 +0000 2017,False,True
2875132,2875134,"She did but it was quite stressful. She was able to fly from Fukuoka to Haneda, thankfully, after a long wait, her flight was found in Haneda and she is on her way home. I booked her flight, her name is Seiko Mizuta-Spencer","We're glad they were able to find her booking, Michael, and she's on her way home from Haneda Airport. The way her surname was entered on her ticket may have caused confusion. ^Cecilia",Tue Nov 28 07:59:10 +0000 2017,False,True
2403560,2403562,Can you send me a contact email and I will send an email on my return.,Hi Chris. I've attached a link that will take you to our Customer Relations Form for your feedback. ^Kit,Tue Nov 14 13:58:59 +0000 2017,False,True
1974263,1974265,".. no green tea, OK. Wanting to charge £2.30 so I can use my own t-bag, NOT OK!! Next trip to SFO in Dec =","We're really sorry to hear about this, Chris. We understand why you're feeling frustrated. 1/2",Wed Oct 18 17:39:10 +0000 2017,False,True
2688026,2688025,Scheduled time between connections in MAD 1h20m. Time to took to get off the plane thru passport control to next gate: 2h20m. Flight to ORD: long gone. :( #helpplease #stuckinMadrid #WorstAirportEver?,"Apologies for our late reply, Honey. Please speak to the Flight Connection team to rebook your onward flight. ^Linda",Sun Nov 19 12:36:29 +0000 2017,False,True
1990689,1990687,thank you for the disappointing experience on our flight #poor #neveragain #ripoff #disappointed,Hi Jon. We're sorry to hear you had a difficult journey. Where were you flying to and can you tell us a bit more of what went wrong? ^N,Fri Nov 03 00:29:22 +0000 2017,False,True
304099,304101,Can't wait to share more . . . :-),"Hi Liz, we look forward to welcoming you back on board for another adventure! ^L",Wed Oct 11 18:19:27 +0000 2017,False,True
189642,189641,Please send Hayley from Edinburgh ground staff to empathy training. That team couldn't be more obvious about not caring.,"Sorry to hear this, Clare. I'll pass your comments to both the Airport Manager and our Customer Experience team, who'll 1/2",Mon Oct 02 17:47:47 +0000 2017,False,True
1866707,1866708,"transferred 84000 Avios into you in March after collecting 30 years, you deleted them in August, as this not a transaction!","Could you give us a bit more info please, Andy? We can then pass this to our Executive Club, who'll get back to you directly. We'll also 1/2",Sat Oct 28 15:44:29 +0000 2017,False,True
1156030,1156028,Loving the whisky room in the lounge at Time for a cheers !! 🥃,"We're glad to hear you've enjoyed our hospitality in our lounge, Dazza. Cheers! ^Linda",Sun Oct 15 13:21:47 +0000 2017,False,True
1469888,1469887,"I want to thank you for the excellent check in experience from Christine here at JFK terminal 7 at the business class desk. Our flight was very delayed and she helped us find another one, she was so very kind and helpful, deserves a bonus!","This is lovely to hear, Sally. Thanks for bringing this to our attention. We'll make sure your kind words are passed on to Christine. ^Natalie",Sat Nov 25 23:07:40 +0000 2017,False,True
1438339,1438338,"Still having issues with the BA app not showing my bookings, I have reinstalled the app.","Hi Dren, can you view your bookings when signing into your Executive Club account online? ^Jane",Tue Oct 31 15:00:27 +0000 2017,False,True
2873597,2873599,Brilliant :) Thank you - we're taking the kids to see (Italian) Santa! We won't have access to a computer out there to check in online either - is this OK?,"How exciting, Katie! You can also check in at the airport too. Have a fab time seeing Italian Santa! ^Cecilia",Tue Nov 28 09:21:20 +0000 2017,False,True
1122040,1122039,Lost propert came up trumps! Purse even still contained the £51.03! Faith in human nature restored!,"That's fantastic to hear, Lisa. Enjoy the rest of your Sunday! ^Liz",Sun Oct 15 08:23:17 +0000 2017,False,True
1826174,1826173,"how come the app advertises IFE, but there wasn’t any? Same for outbound flight. Thanks!","I'm sorry to hear that, Ben. I've passed your comments on to our Management team as feedback and asked our Web team to look at the app. ^M",Mon Oct 16 17:22:09 +0000 2017,False,True
1538941,1538940,a colleague has been waiting hours to get boarding pass to AMS tonight &amp; service has been woeful - any advice?,Hi Bridgette. Apologies for the late reply. We hope your colleague managed to get the boarding pass. ^N,Fri Nov 03 16:49:30 +0000 2017,False,True
1917572,1917571,St Lucia Mon 16th on BA2158. Paid extra in WT plus... No choice for Dinner ... only Pasta ..Why??? Come on BA. Not good.,"Hi Christopher, I'm sorry to hear that. I've passed your comments to our Management team as feedback. ^Marie",Wed Oct 18 11:59:30 +0000 2017,False,True
860202,860199,4 CW pax at lhr travlling to hkg on a hol of a life time u tell them no seats! Res last night advised all ok pls help sort!,London Heathrow. I'm sincerely sorry for the inconvenience this has caused. ^Kev 2/2,Mon Oct 09 15:14:25 +0000 2017,False,True
348842,348841,"Great, thank you. We don’t fly till this evening 🤞","Hopefully we'll get a reply before you travel, Sarah. If not, you may have to leave it at home. ^Linda",Sun Oct 08 06:38:55 +0000 2017,False,True
2078168,2078170,Hi Im flying back with you tomororw and have broken my leg. You have told me I need to speak to but they say you,"address, full name and a contact number for Data Protection. We'd advise if the flight is within 24 hour would can't access seats. ^Kit 2/2",Mon Oct 09 13:42:19 +0000 2017,False,True
1673152,1673150,I see people have had this problem before! Can’t raise lost property at O’Hare re item left on BA plane 27 Oct. Any ideas?,"Hi David, please click on the following link to create a lost baggage report Hope this helps.^Jo",Sat Oct 28 14:36:36 +0000 2017,False,True
1345099,1345098,Lol wtf you can’t change the person you’re traveling with and it’s £190 to extend my trip by 2 day but fare diffence is £20,This information is stated in your Terms and Conditions. We apologies if you were unaware. 2/2 ^DaniH,Fri Oct 27 09:03:05 +0000 2017,False,True
121758,121757,I can't believe you lost a suitcase AGAIN!!! When are you going to get your system right? You suck! #britishairwayssucks,"I'm sorry to hear this, Indy. Have you received a World Tracer reference? ^Kimbers",Thu Nov 23 14:38:35 +0000 2017,False,True
153263,153262,When nobody on your flight understands the hand baggage allowance but you don’t care as you have ALL the legroom #flyBA #avgeek,"It looks like you've got plenty of room today, Tim! We hope you have a fantastic flight. ^Charlotte",Fri Nov 24 16:21:41 +0000 2017,False,True
2758810,2758809,is the rule still in place not allowing laptops in as cabin baggage from Turkey back to UK?,Hi Vincent. I'm afraid the restricted ban on laptops in hand luggage from Turkey is still place. ^N,Mon Nov 20 22:02:06 +0000 2017,False,True
2245528,2245529,"Checkin w/ BA in Rome,terrible,stand in line for &gt; 1 hr for bag drop.3 agents for flights to Gatwick and LHR.Not even free water for Rome to LHR, is BA like Ryanair?LHR to BOS, 1 meal, and 1 snack ( tiny chocolate bar).So cheap.choose other lines. Mai(res#TCPG4L",Customer Experience team. We're also concerned to hear about your experience when departing from Rome. This certainly isn't the service 2/3,Fri Nov 10 17:05:07 +0000 2017,False,True
350710,350708,"hi, what is the service status the 10/10 flying from Nice to London (stikes in France) ? Thx","Hi Siegfried, we're unsure of your question. How can we help you? ^Linda",Sun Oct 08 08:59:44 +0000 2017,False,True
421655,421653,Sitting in 38F in today’s flight from London to Houston.,"Thanks for that, Michael. We’ll pass your comments to the relevant team. Apologies for any inconvenience caused. ^Monica",Tue Oct 10 00:51:42 +0000 2017,False,True
1101110,1101112,"Hello, I had to book return tickets for 2 people but separate (only1bag), possible to have seats next to each other please?",Hi there. You can choose and pay for seating in advance by logging into Manage My Booking. Free seating is available when online 1/3,Sat Oct 14 20:33:43 +0000 2017,False,True
1869072,1869071,Amazing flight and service today on our flight from Dubrovnik..Jake and Emma were amazing cabin crew!,"That's great to hear, Charlotte! I've passed on your feedback about Jake and Emma, but you can also say thanks at ^B",Fri Oct 20 18:31:23 +0000 2017,False,True
1485106,1485104,"Trying out the new lounge at Gatwick before flying home. So far so good, but will I beat the storm???",A truly atmospheric picture Ian. We hope you beat the storm. ^Kit,Mon Oct 16 14:25:41 +0000 2017,False,True
2474575,2474573,why has tomorrow’s BA0487 Barcelona to Heathrow been cancelled? There are no flights available on Friday either! How am I supposed to get home?,"Hi Andy. There's an industrial action in place by the main Air Traffic Control trade unions as part of a national strike in France. Therefore, a number of flights have been cancelled. Have you called our Contact Centre to be re-booked? ^Monica",Wed Nov 15 12:59:54 +0000 2017,False,True
318968,318967,Back to the U.K. From Malta. Journey I've done many times. App not working? Fine. But there better not be any charges when they fly tomorrow,"Hi Kat, as my colleague previously advised please click on the following link for all the information you need",Fri Oct 06 20:53:13 +0000 2017,False,True
1955686,1955685,I was appalled when I flew with you yesterday &amp; was told I had to buy hot water. Will fly EasyJet for that level of service,We're sorry to hear you're not happy with our Buy On Board catering Felicity. The proposition has proved to be very popular. ^Kit,Mon Oct 30 13:58:54 +0000 2017,False,True
2412052,2412054,"Thanks for your reply. I do know that, but I must already have a seat allocated, it's just not yet visible. I'd prefer if I could see the seat and choose to pay a little more to upgrade if I didn't like it, rather than pay the full amount. But that doesn't make Mr Cruz as much ££","Hi Janel, a seat won't be assigned to you until online check-in opens 24 hours before departure. As Kit advised, you can select one prior to that for a fee, or select from the available seats during check-in. ^Fiona",Tue Nov 14 16:47:02 +0000 2017,False,True
2473183,2473181,why do you have to pay to choose a seat even when you have paid for Club Europe?,"Unfortunately even though you’re travelling in Club Europe, you’d still have to pay to assign your seats. We sorry for any inconvenience! ^Amy",Wed Nov 15 11:49:27 +0000 2017,False,True
2849675,2849676,And do you have any info about the fee? How much is it? Regular fees apply?,"You'll be able to see the fees if you check your booking online here, ^Stephen",Mon Nov 27 22:09:47 +0000 2017,False,True
2723200,2723202,Have you ever flown on a BA flight Corry because if you have you would know that what you replied was nonsense...who will board first mate?,"We will be using a group boarding process to simplify boarding and to align with our partners, American Airlines and Iberia. 2/2^Corry",Mon Nov 20 11:51:46 +0000 2017,False,True
1128881,1128882,Hey I haven’t flown with you before is there unlimited drinks on your Long haul planes or just when served with meals! :),Hi Jamal. Our bar service is complimentary on our long-haul flights. Our crew will serve drinks throughout the journey not just during 1/2,Tue Oct 24 09:37:39 +0000 2017,False,True
2651573,2651575,About which part? I would hope that they didn’t need me to make them aware that the plane was late. Not sure what they would have been able to do about the shabby plan and bad food. FYI- 2 pieces of chicken doesn’t make it a chicken curry.,"We're sorry for the inconvenience caused, Vicky. we can pass your comments to our Catering team. Please provide us with the flight number. ^Linda",Sun Nov 19 09:56:39 +0000 2017,False,True
1570515,1570516,"We tried on numerous occasions , 24 hour b4 then 4 hour b4 ? On my flight 2 Hong Kong, ran out meat dinners . Same happen flight 2 singapore","they can to assist. If there's anything else we can help with, please let us know. 2/2 ^David",Sat Nov 04 23:13:54 +0000 2017,False,True
1955679,1955682,I must use that card for buying tickets... any solutions? It still says I have a wrong billing address!,"your booking reference, full name, address and telephone number. We'll call you to discuss.^Jo 2/2",Mon Oct 30 14:40:09 +0000 2017,False,True
2590232,2590236,I cancel it on Friday I was just wondering how long it would take,"Hi Pete, if you cancelled a booking on Friday, we wouldn’t expect the refund to be with you just yet. If you 1/3",Mon Oct 30 20:42:20 +0000 2017,False,True
2882902,2882900,"This happens 100% of the time, Heathrow. It’s going to cause me to stop flying if I can’t make an international connection in a timely manner. Today was specially bad because of a terrible attitude from the concierge.","We're sorry for the difficulties you face at London Heathrow today. We'll also pass this on as feedback for you, Joe. ^Steph",Tue Nov 28 08:41:05 +0000 2017,False,True
734767,734768,"I sent the DM with the reference yesterday, right after you asked; as of today, I got no reply. Are you actually willing to follow this up?",Please be assured your comments have been taken very seriously by our Management team and have been handled internally. 2/2 ^Liz,Wed Oct 11 08:29:39 +0000 2017,False,True
1051972,1051971,Hi Lisa. booking reference:3IPBDS. __email__. 07739875224. N.Cawthorne did not use ticket so looking for tax back,"Hi Nigel, thanks for your time on the phone today. Please let us know if you need any more help. ^Jane",Sun Oct 22 12:24:22 +0000 2017,False,True
607885,607883,The only agenda of big co-operations is to frustrate the consumer to a level that he gives up striving for justice. and play as many blame games as you can because this girl ain’t giving up.,"Hi Ruqsar, we're sorry you remain unhappy with the response you have received but our position will not change. Please feel free to get in touch if there's ever anything else we can help you with. ^L",Wed Nov 22 07:02:54 +0000 2017,False,True
1640537,1640535,Made this name badge I think it turned out alright to be fair my first ever attempt,"Very good attempt, Joshua. Are you aiming to be one of our First Officers?^Jo",Sun Nov 05 18:33:14 +0000 2017,False,True
2338712,2338711,"Hi , tried emailing customer service team but getting no reply. My bag was lost en route to Lima and I'm not getting updates","Sorry to hear about your delayed bag, Richard. You can check the status here: 1/2",Thu Oct 19 19:55:35 +0000 2017,False,True
1336285,1336286,In december I will fly with you to London with hand baggage. How strict are you with the dimensions of the case? (1/2),You'll find full details of our hand baggage allowance here: If your bag exceeds these limits you'll be asked 1/2,Mon Oct 16 08:45:49 +0000 2017,False,True
1608769,1608771,"Hi Tom, called your team this morning. All sorted now thanks!","Hi Shamia, that's great you managed to get it sorted. If you need anything else, we're here 24/7. Thanks. ^Raj",Sun Nov 05 10:11:58 +0000 2017,False,True
618693,618692,Team Tour America are #California bound! 😍And they are flying in style with thanks to our partners ! Follow #TeamTourAmericainCalifornia for live updates over the next few days!,"We're looking forward to welcoming you on board, Team Tour America. We wish you a wonderful tour in California and the best of luck with the trip. ^Julie",Wed Nov 22 11:14:50 +0000 2017,False,True
809556,809555,is online booking working correctly? Ticket fares are x2 what normally are and double what are quoting.,That sounds strange. You may be best checking with our Sales team on 0344 493 0787. ^Rach,Sun Oct 08 11:35:59 +0000 2017,False,True
2417050,2417051,"Can’t check in! Help please! Purchased ticket on BA, inbound was Iberia and Outbound is BA. Nothing works!","Hi Lea, we're sorry to hear you're unable to check-in online. If you're still unable to check-in, you'll need to proceed 1/2",Sat Oct 28 23:22:14 +0000 2017,False,True
2247973,2247971,I booked king deluxe room with a view for my NYC trip.. room is great apart from no view. Hotel have asked me to reach out to you? Reference:L5ELY2 #newyork #30th #birthday can you please resolve? Thanks,Hi Jesal. You’ll need to contact our BA Holidays duty desk. Their number is +44 0208 707 4460. ^Davina,Sun Nov 26 14:07:22 +0000 2017,False,True
1660248,1660249,if I travel from London to Manchester this eve do I need passport? I’ve got driving licence card?,"Apologies for the late reply. As you're probably now aware passports aren't required for domestic travel, Dr Mat. Your driving license 1/2",Sun Nov 05 17:04:24 +0000 2017,False,True
689791,689793,Can't check in for my flight please help,Hi there. We're sorry you're having problems checking in online. Are you using the app or a PC? Try deleting any browsing history (1/2),Thu Oct 05 20:01:13 +0000 2017,False,True
803278,803276,I understand that you have not refurbished the B747s on the LHR-LAS route but do they have the new IFE as old one poor?,"We're sorry Kevin, but we have no information on the replacing the the IFE at this time. ^Kit",Thu Oct 12 14:41:17 +0000 2017,False,True
940855,940853,when departure doesn’t mean departure,"Hi Chris, we're sorry for any inconvenience caused by the delay you experienced this morning on your flight to Madrid. ^L",Sat Oct 21 07:14:40 +0000 2017,False,True
2069615,2069614,why is this coming up for both of us? We’ve both checked in just unable to get boarding passes,"Sorry, Hannah, we're experiencing some issues at the moment. You'll need to collect your boarding pass at the airport ahead of your flight.",Sun Oct 08 17:22:55 +0000 2017,False,True
280030,280028,Is this automated... we're sorry for the delay in our reply. Our Customer Relations team will be in touch to discuss 1/2,"Not at all, Mike. All Tweets are answered by one of the Social Media team. ^SR",Fri Oct 06 08:42:17 +0000 2017,False,True
1949627,1949626,Hello trying to online check told you can't find my ticket number 😱😱and go to check in desk . Is #website down again ???,they’ll be able to get you sorted. My apologies for any inconvenience. ^Davina 2/2,Sat Oct 28 18:34:58 +0000 2017,False,True
349298,349301,"always good (also great 10 days ago Gla, Lgw and Vce) but today is a tale of lost bags and hassles all sorted by BA desk #aboveandbeyond","Hi Donald, we're happy to hear everything was sorted out by our staff at the service desk. Let us know if there's ever anything",Sun Oct 08 08:37:30 +0000 2017,False,True
2877960,2877961,Is food and drink all inclusive as with Emirates?,"Which flight will you be travelling on, Adam? We'll let you know what to expect on board that flight. ^Cecilia",Tue Nov 28 08:50:02 +0000 2017,False,True
2842367,2842366,is your uk website down currently ?,"Hi Christian, we've not had any issues raised. Are you still having issues? Maybe try deleting your history and cookies. ^Jamie",Mon Nov 27 13:34:26 +0000 2017,False,True
113027,113026,Any in december for a month! Flexible.,"We would recommend to just keep an eye out, NV. Alternatively, speak to our Sales team for any suggestions. Their contact details can be found here: ^AlexL",Thu Nov 23 17:41:38 +0000 2017,False,True
1371523,1371528,"Can you please help them to connect to internet on there mobile, so that they can call me ?","We're sorry for the delay in responding to you. I'm afraid we're unable to assist further, for security reasons. 1/2",Fri Nov 10 10:11:44 +0000 2017,False,True
1277159,1277162,I’m booking a no baggage ticket next time and boarding with huge suitcases. No one is stopping others doing it,"We're sorry your flight's delayed, Phil. We hope you haven't been inconvenienced too much. ^DS",Mon Oct 16 08:49:38 +0000 2017,False,True
1261609,1261611,"1. Sure Chris, my flight from Glasgow to London was delayed approx 30/40 mins. We made it in time for our connecting flight but had been....",We're so sorry to hear this. We did have a lot of delays yesterday due to the weather in London. 1/2,Fri Oct 27 00:51:46 +0000 2017,False,True
766326,766325,Waiting on our clients arrival heathrow_airport with #mercedes #chauffeur…,We're sorry there was a delay and hope you're all on your way now. ^Julie,Sat Oct 07 12:59:03 +0000 2017,False,True
1520062,1520061,Thank you for yet another cancelled flight. Oh and no compensation because it's due to 'weather'. Never fail to disappoint.,"I'm sorry you're disappointed, John. We don't pay compensation for circumstances outside our control. ^Kimbers",Fri Nov 03 12:06:10 +0000 2017,False,True
901832,901830,Yes . How is possible my flight is #cancelled due to the weather and next flight is ok?? #liars,"number of flights tomorrow, including yours. You can check the latest news online at ^BS 2/2",Fri Oct 20 18:15:39 +0000 2017,False,True
231365,231364,"With code share, BA flight number operated by Aer Lingus should my BAEC status apply to priority boarding and seating?","I'm afraid the answer would be no, Andrew. This is because Aer Lingus aren't a member of oneworld. Sorry for any disappointment. ^Lisa",Wed Oct 04 16:55:07 +0000 2017,False,True
1181812,1181811,Yes after an hour! Customer service was no help and no explanations to why half the luggage arrived promptly and half waited extra 45min,"Thanks for the feedback, Maxine. We'll make sure it's passed on to our Customer Experience team. ^Lolly",Tue Oct 24 17:02:18 +0000 2017,False,True
1032504,1032503,what's the number I can call for customer service from abroad? :),"full name, contact number and any booking ref. Many thanks. ^Lisa 2/2",Thu Oct 12 17:52:02 +0000 2017,False,True
1118730,1118731,Why didn't I get one in the first place?,"You should have done, Anna. Have you checked your junk folder? If there's nothing there, please use the link previously provided. Sorry 1/2",Sat Oct 14 06:07:13 +0000 2017,False,True
1608144,1608143,Upgraded to First! Thank you Great service Rod and the rest of the crew BA243!,"Hi Carlos, this is great to hear ! I hope you enjoyed your flight. ^Tom",Sun Nov 05 00:44:26 +0000 2017,False,True
611425,611427,"Yes, I did very pleasant and appreciated the upgrade!","Hi Dee, we're pleased you enjoyed your flight. Please see the following link for updates with your baggage ^Bm",Wed Oct 04 19:48:50 +0000 2017,False,True
1269789,1269791,Lolly yes I do. What I don't have is an indication of what is doing about this! I've now made over 70 calls following this up yet I still have no indication of who's taking responsibility nor what is being done. Menzies LCY &amp; GLA both say they don't have the bags,"We're truly sorry for the inconvenience caused, Attilla. Our Baggage team are working hard to reunite you with your bags. They'll update 1/2",Fri Oct 27 03:42:53 +0000 2017,False,True
1127500,1127501,"Fab, thank you. Can you tell me if you have BA or Local ground staff at check-in in Mexico please?","It should be handling agents in Mexico, Jo. Have a great flight. ^Gill",Wed Oct 25 08:29:42 +0000 2017,False,True
2038686,2038685,"Hi there. Can you advise the best option for making a complaint please? It's for a flight departing Australia, however paid with a UK card (and we are based in NZ). Not sure where to start.","Hi Andy, if you wish to make a complaint you can following the link below and complete the form. ^Cody",Wed Oct 04 21:27:53 +0000 2017,False,True
1574591,1574590,Looking at a weekend in London next year and its £25 cheaper to fly than take rail service... 🤔🤔🤔,"Thanks for your Tweet, Darren. We'll look forward to welcoming you on board with us next year! ^Kev",Sat Nov 04 02:48:19 +0000 2017,False,True
968405,968404,"After fantastic Club Europe cabin service on BA2643 (thanks Simon), what is going on with luggage at LGW!","We just didn't want to say goodbye so soon, Jon. We hope you weren't waiting for too long though. ^Linds",Sat Oct 21 14:33:24 +0000 2017,False,True
1618779,1618780,Q) if booking flight from Manchester to Miami with connection at LHR can I check in at LHR rather than Manchester?,"Hi Nick, all of your flights need to be taken in sequence, so this isn't possible unless you make a change to your booking. 1/2",Sun Nov 05 12:01:28 +0000 2017,False,True
896350,896349,This must be the best flight safety video EVER.,"Thanks, Merel! We hope to welcome you on board again soon. ^Cecilia",Sat Nov 25 09:24:12 +0000 2017,False,True
1210895,1210897,I wanted to check bassinet availability. After 59mins on the phone I got an answer. After 30m waiting for JetStar support got 50€ as excuse,"reference, email address and contact telephone number. We can have look to see if we can assist at all 2/2. ^Oliver",Wed Oct 25 13:15:49 +0000 2017,False,True
362600,362597,I recommend flying with . Always a pleasure.,"Hi Sherlock, thanks for sharing! We look forward to welcoming you on board soon! ^L",Sun Oct 08 18:14:02 +0000 2017,False,True
1365099,1365098,why oh why are you closing the BA Toronto lounge? I use this twice a month. Can't believe yet ANOTHER cost cut.,"sense for BA and, most importantly, allows us to continue providing a premium service for our customers. ^BS 2/2",Fri Oct 27 20:53:48 +0000 2017,False,True
2847837,2847835,frustrated with the customer service. Saying ‘I apologize for the inconvenience’ wouldn’t cut it. Need service! #dontflyBA,"Our aim is to first apologise for letting you down, accept your feedback and take action to make sure it doesn't happen again. The gesture, in this case a voucher, is to help make up for things. We're sorry you're disappointed.^Linda W",Mon Nov 27 17:16:22 +0000 2017,False,True
1843153,1843155,- is your Advance booking system down ?,"Apologies for our late reply, Ras. We've not had any report issues with this. Please tell us what web browser, mobile device or 1/2",Tue Oct 17 21:28:01 +0000 2017,False,True
1780322,1780321,Utterly perplexed - been trying to contact holiday team for 72 hours and message says they are too busy to take the call.,We know it's frustrating Francesca. It shouldn't be an issue changing it but you will need to speak with the right people to arrange it. ^SR,Wed Oct 11 18:53:46 +0000 2017,False,True
1569642,1569644,ru aware of technical issues with air india booking system?the AI codeshare flight part of my trip keeps being cancelled.,"Hi Natalie, you can always speak with our Sales team if you're having trouble booking online. They will be more",Mon Oct 16 16:52:15 +0000 2017,False,True
708120,708121,Hi Jo I’ve seen this list but which number do I call and what option from Portugal at 6am UK time to book the return 1st journey? Thanks,0344 493 0787 option 1 (calls charged at local rate). They can be contacted between 06:00-20:00. I hope this helps. 4/4 ^JR,Wed Oct 11 09:44:22 +0000 2017,False,True
427516,427514,"None of your contact numbers appear to be working BA, not terribly positive from a customer service perspective....","We're not aware of any issues, Nicola. What number are you calling? Is there anything we can help you with? ^JR",Tue Oct 10 10:57:07 +0000 2017,False,True
621947,621945,CAN YOU TELL ME WHY MY LUGGAGE WAS NOT TRANSFERRED ONTO THE FLIGHT THAT I WAS PUT ON FROM KLM YESTERDAY????,"Hi there, I'm sorry to hear this. Were you given a baggage reference number ? ^Tom",Wed Nov 22 14:08:03 +0000 2017,False,True
588406,588405,"Finally on a plane, a spell in the business lounge a has helped quell the anger caused by the terrible service from the staff at , the first day of my trip may not be ruined after all.","Hi Daniel, we're sorry to hear about your experience at London Gatwick. Thanks for letting us make it up to you, with the lounge. ^Raj",Sun Dec 03 13:40:55 +0000 2017,False,True
827280,827278,Hey British Airways! What has happened to the direct flights to Granada? No direct flights between November and March?,"Hi Esperanza, I'm afraid we only operate direct flights to Granada during the summer. ^BS",Thu Oct 12 23:25:28 +0000 2017,False,True
525997,525998,"I already spent 20 minutes discussing it with your ‘representative’, not that he should have a job at all! I ended up hanging up on him! #nopointwhenyoudontcare","If you'd like to give us the opportunity to look into this, please let us know the requested information. We're sorry to hear how this has left you feeling. ^Cecilia",Sat Nov 25 14:26:43 +0000 2017,False,True
1249580,1249582,"Nah someone's taking the piss really I mean come on, a half bit apple? What do I look like?","Hi there, are you able to elaborate? Was your experience on one of our flights or in the lounge. If you're able to 1/2",Thu Oct 26 02:59:57 +0000 2017,False,True
122537,122539,Rest assured BA! Oh how I would love to be assured that a company like BA would deliver on its policy and promises however so far at each stage I have been let down,"Hi Julie. We do understand how frustrating this must be for you. Just try to enjoy your holiday as much as you can and come back to us once you’re back home, so we can help you with your claim. Apologies for all the inconvenience caused. ^Monica",Fri Nov 24 11:49:02 +0000 2017,False,True
2194869,2194868,I can’t believe that even the Kindle—*any* Kindle—would still fall under the electronics ban &amp; NOT be allowed in carry-on,"We’re sorry, Sara. The restrictions are put in place by the government and we’ll always follow their instructions for 1/2",Thu Nov 09 16:52:02 +0000 2017,False,True
727275,727274,"I'm travelling MAN&gt;LHR&gt;MIA, I'll be checking in online how many hours before my flight will I need to arrive at MAN? Thanks",We'd recommend that you arrive 90 minutes before the flight departs. Have a great trip. ^Julie,Fri Oct 06 15:21:58 +0000 2017,False,True
627299,627298,Didn't realise inflight refreshments was still a thing on any European flights. 👍 . are you watching?,"We appreciate your feedback, Mark. We'll pass your comments to our Customer Experience team. ^Linda",Wed Nov 22 12:18:20 +0000 2017,False,True
1574903,1574905,Hey where's my bag you lost at Heathrow? Nobody seems to know at and now I have NOTHING while in Europe for 2 weeks,"full name, WorldTracer reference, email address, and postal address. One of the team will get back to you as soon as possible.",Mon Oct 16 18:54:40 +0000 2017,False,True
1108736,1108735,"Hi, is there no way of doing this online rather than each one making a payment contacting your contact centre?",Does it not give you an option to pay an amount off online? It used to. ^SR,Mon Oct 23 13:46:01 +0000 2017,False,True
2778454,2778456,"This came far too late. All you need to do is provide simple, clear, local advice direct at the point/place you cancel a flight. Not hours later. Presumably I have to pay own way from LHR into London (original ticket to LCY)?",We're sorry for the delay in responding and the inconvenience caused Harvey. ^Kit,Tue Nov 21 18:03:12 +0000 2017,False,True
915944,915943,customer service line has been down for ages &amp; 'manage my bookings' in app isn't working either- how access API?,"booking reference, full name, email address and contact telephone number. We can contact you and help you if you wish 2/2. ^Oliver",Tue Oct 10 15:37:55 +0000 2017,False,True
1260016,1260015,Went in August flew fabulous country and great First class flights in both directions 👍😁,We're glad you enjoyed your flight with us. Hope to welcome you on board again soon. ^Alex C,Thu Oct 26 07:27:52 +0000 2017,False,True
2245512,2245511,"This way, that way...., the BA way! #flyingstart ball Glasgow",Hi Abi. It seems like the ball went down well. We hope you enjoyed the day. ^N,Fri Nov 10 18:20:04 +0000 2017,False,True
2536543,2536541,I'm a silver card holder and brought a Belfast to London flight on your website. No lounge access as turned out to be a Aer Lingus flight 😕,"Hi there. Your Silver status allows to access lounges of our OneWorld partners when you fly with any of them. Since Aer Lingus isn’t part of the One World alliance, you won’t have access to the lounges. Sorry to disappoint you. ^Monica",Thu Nov 16 17:24:28 +0000 2017,False,True
2383524,2383522,passenger flying from Heathrow in 18 hours and your system not recognising their booking reference?!!,Maybe it's a travel agency booking ref! If so please contact your agent. ^Gill,Thu Oct 19 21:55:00 +0000 2017,False,True
62749,62747,Are passengers permitted to fly with desktop computers in checked luggage on direct flights from the UK (LHR) to the US?,"Hi Peter, we wouldn't advise passengers to check fragile items in to their checked luggage. If you do decide to take a desktop computer as part of your checked luggage please make sure it's securely packed and protected as we're not liable for any damage. ^Natalie",Sat Nov 25 21:12:15 +0000 2017,False,True
2272194,2272191,why was flight BA34 from KUL diverted to Ankara?,"Hi Pier, the BA34 was diverted due to a medical emergency on board. ^Helen",Sat Nov 11 02:48:35 +0000 2017,False,True
1192395,1192394,"Oh I see, and the price is the same throughout?","Yes, the cost for an additional piece of baggage remains the same. ^T",Wed Oct 25 05:11:20 +0000 2017,False,True
1268102,1268105,Help get my bag back from,"I'm afraid we can't intervene, Njoki. It’s the responsibility of the airline that operated your flight to assist you with locating 1/2",Mon Oct 16 06:25:28 +0000 2017,False,True
254202,254203,"You won't let us check in for our 2pm flight from HER - LGW tomorrow. Can't choose seats either, not good!","Sorry you've been unable to check in for your flight, PR. Sometimes the airport takes control of check in. Please proceed to the airport 1/2",Thu Oct 05 15:07:13 +0000 2017,False,True
2478257,2478258,And no tablets/laptops allowed. Ouch!,"Ah, Oli! Your in-flight entertainment screen doesn't look too good. Were our crew able to help with this? ^JulieR",Mon Nov 20 17:52:12 +0000 2017,False,True
1146288,1146290,You really need to be better at advertising all of your ridiculous rules and guidelines... we all knew about laptops but power banks too?,Hi Ahmed. Sorry if it wasn’t clear for you. You can find all the information on ^Monica,Sat Nov 04 04:38:31 +0000 2017,False,True
1477711,1477709,When lose your luggage and it takes 4 days to return it. No apology and no compensation for the inconvenience.,"beyond this, however. I'm sorry you're disappointed with our service. 2/2 ^Kimbers",Thu Nov 02 19:34:40 +0000 2017,False,True
822360,822362,"Not if it involves your call centre, but thank you.",If you need any help in the future feel free to give us a shout on Twitter. We'll let you know if we can assist you with your query. ^JR,Wed Oct 11 09:55:59 +0000 2017,False,True
822333,822332,"The recent backlog is not my concern, nothing to do with me. An idea of timescale would be useful as this is #RIDICULOUS","We get it, Mark. One of the team will be in touch as soon as possible. ^SR",Thu Oct 12 21:14:30 +0000 2017,False,True
2595240,2595238,getting this all evening when trying to complete my reserved flights.,"Hi there, we're aware of the issues online. These have been reported and are being worked on as a priority. We're sorry for any inconvenience caused. ^Helen",Thu Nov 16 22:11:49 +0000 2017,False,True
214626,214625,Is there any chance of info re flights from Funchal to Gatwick? 7 hours at Funchal airport with no info is no joke!!!!!,"The flight was cancelled due to strong winds, Alan. We're sorry for the inconvenience caused. ^Beth",Tue Oct 03 20:27:20 +0000 2017,False,True
106008,106007,Thank you Neil. We have 3 very excited children for Disney at Christmas. Can you tell us when we can expect an update?,"We'd be excited too! If there's any issue with your flight, you'll be contacted directly, using the details in your booking, Siobhan. ^Cecilia",Thu Nov 30 16:54:35 +0000 2017,False,True
1469906,1469908,End of February. Can’t wait! I’ll have to wrap up warm though! Brrrr 😀😀,"It'll be 2018 before you know it, Jamie!. You'll need to wrap up warm, but it'll be worth it. ^Linda",Sun Nov 26 08:59:38 +0000 2017,False,True
241239,241237,Is flight pricing down on the website? Could can select flights but it can't calc a final price.,"Not that we're aware of, Gavin. Have you tried clearing your cache? ^Lolly",Thu Oct 26 15:40:48 +0000 2017,False,True
2228790,2228789,"""Sorry we are unable to process your request, please contact your local British airways office""",Our staff at the airport will need to assign a seat for you. We're sorry to disappoint you. 2/2 ^David,Fri Nov 10 10:11:43 +0000 2017,False,True
1324731,1324729,Hi. My work need me to travel to heathrow from glasgow but i dont currently have photo id. Will this be an issue?,"you wouldn't be asked, and we would just carrying ID if possible as well as your bank card. 3/3 ^Sophie",Fri Oct 27 10:09:21 +0000 2017,False,True
1662367,1662369,Thanks! World Travel Mart now and then Edinburgh with BA...more to come!,"That’s great to hear Navjot, we hope you enjoy your flights. ^Kieran",Mon Nov 06 09:23:59 +0000 2017,False,True
352237,352235,"Just paid to reserve seats as seat planner showing 4 window seats left, after paying, 20+ window seats were available! #con","seats could have been released by our seating team, as the often hold the front rows until the aircraft configuration is set. ^BS 2/2",Sat Oct 07 22:36:16 +0000 2017,False,True
1139980,1139978,I was on BA8709 into City last evening. Idiot in Thamesmead shone green laser at flight on approach. Who to report to?,"Hi David, this is concerning to hear. Thanks for letting us know. We can feed this back. ^Danielle.",Tue Oct 24 09:37:40 +0000 2017,False,True
1481477,1481479,I am not impressed - services &amp; cleanliness my 1st and last time flying with you YVR-LHR. Please clean up!,"Hi, did you mention this to our crew on board? We're sorry for any disappointment. We hope you were able to enjoy the rest of your 1/2",Fri Nov 03 07:16:16 +0000 2017,False,True
1747582,1747581,"Is it normal there is only one flight each way on BOD LGW route, early feb 2018? What is the likelihood of a 2nd flight?",Hi Lorriane. That’s correct and I don’t think we’ll increase the frequency as yet. Sorry to disappoint you. ^Monica,Tue Nov 07 13:58:58 +0000 2017,False,True
439375,439376,"Hello. I am on a BA flight to Chicago, I am trying to book a reward flight for my wife using our avios. Bought more points","We're sorry you're having problems on our website, Adah. We're having system issues at the moment. It's been reported. 1/2",Wed Oct 11 06:24:24 +0000 2017,False,True
973218,973219,"Trying to buy a ticket but it changes the price at the payment step. Called CC, they could not fix it. I dont wanna pay extra to buy via CC.","Hi there, the price should be the same for the ticket regardless of how you book it. 1/2",Thu Oct 19 21:20:57 +0000 2017,False,True
1904322,1904325,Do you know why though? This has never happened before🤔,"It can happen for various reasons. Sometimes, further checks need to be completed by the Airport team. 1/2",Wed Oct 18 13:55:55 +0000 2017,False,True
490076,490074,Hi - can you let me know what is happening with my complaint? All I have is a vague “we’ll get back to you shortly”.,"Your complaint is with our Customer Relations team. Once they've thoroughly reviewed your complaint, they'll be in touch with a resolution. At the moment, our operation is very busy so responses can take a little longer than expected. We're sorry for any frustration caused.^DaniH",Fri Dec 01 10:20:59 +0000 2017,False,True
376703,376705,. I hope that you know by this point what plane is flying us back...so will the in-flight entertainment be working?,"Hi Ryan, the in-flight entertainment should be working. I'm sorry to hear you experienced problems on the way out.",Mon Oct 09 03:52:07 +0000 2017,False,True
1532387,1532386,hello flight BA0369 delayed but I need to go to CPT via BA0043. Can you help me?!,"Hi Nikita, you'll need to stick with the flights you currently have and you'll be rebooked if you don't make the connection. ^Gareth",Fri Nov 03 10:29:08 +0000 2017,False,True
2732715,2732714,Someone is happy about his first flight #firstflight,We'd have that smile too. David! We hope he has a great first flight. ^Cec,Mon Nov 20 13:28:27 +0000 2017,False,True
943823,943822,"Guys, I'm flying to Toronto in two days, am I allowed to carry two bags, one weighing 30kgs and other 15kgs?",Hi it depends on what allowance is on your ticket. Did you book direct through BA or through a Travel Agent? ^Jools,Sat Oct 21 09:10:49 +0000 2017,False,True
1854280,1854283,The route is MAN-&gt;LHR-&gt;CLT and the operating carrier is American Airlines :0,You will be redirected to their website when checking in for their flight. ^Sarah 2/2,Thu Oct 19 11:47:39 +0000 2017,False,True
853278,853282,My bag is at Lima airport but I've been told to collect it. BA staff told me it would be delivered to my hostel. Can you help?,"reference, email address, postal address, and the address you want it delivered to. We'll be back in touch as soon as possible. 3/3 ^L",Fri Oct 20 20:33:16 +0000 2017,False,True
1181824,1181825,if I buy basic economy tix (only handcarry bag) Did I entitled 2 get free baggage allowance as Oneworld emerald card holder,"Hi Mohd. On this type of ticket, your benefits as an Oneworld Emerald member won't be included. You'll only have hand baggage only. If 1/2",Tue Oct 24 04:57:03 +0000 2017,False,True
1083620,1083618,Great service in the Gatwick lounge Thank You. Good to see staff happy in their work.,"Thanks for your positive feedback, David. We're grateful for your feedback. ^Linda",Sat Nov 25 09:49:23 +0000 2017,False,True
2432429,2432430,You’ve taken payment to provide a service and then refused to provide the second part of that service. From what I can gather you are using an old rule to punish us. Petty business practice is not something I’d associate with B.A. We should be refunded our ticket price.,"Hi Ray, I'm sorry to disappoint you. However if you miss one of your flights or don't decide to take it then the connecting flight or all other flights on your itinerary will be cancelled. ^Tom",Wed Nov 15 11:24:28 +0000 2017,False,True
2538666,2538665,"It's easy to forget to say 'thank you' when you pay for something, but my sincere thanks to and their wonderful staff for flying my husband all around the world and bringing him back safely to his family #greatful","Hi Amanda, that's our pleasure in bringing him back. We Hope he enjoyed his flight. Thanks. ^Raj",Thu Nov 16 08:48:18 +0000 2017,False,True
1654932,1654933,"If I don’t pay for a seat during my booking, am I still guaranteed a seat or considered standby?","Hi Angelica, you won't be on standby. You just won't find out what your seat number is until you check in. You can select your 1/2",Mon Oct 16 00:35:43 +0000 2017,False,True
687521,687523,"Actually, I was there in time. People arrived after me and were admitted on the aircraft. It is just that you decided I couldn't make it in time!","Did the staff give you an explanation, Giuseppe? It sounds like you missed your connection and our system automatically would have offloaded you. ^AlexL",Thu Nov 23 14:45:31 +0000 2017,False,True
1487499,1487498,#Aussie #sparkling #wine sadly not #frenchchampagne like in the lounges or even…,"Ah, Lady Erica, come back with British Airways and enjoy champagne Henriot Brut Souverain NV. France. Their vineyard dates back to 1640. ^JL",Thu Nov 02 11:56:32 +0000 2017,False,True
2888644,2888643,"praise due. Air crew on BA138 27Nov fantastic in economy cabin. Efficient, effective, friendly, &amp; elegant! Made us feel “home” as we crossed threshold. Also ba ground crew Dannielle at BOM helped us big time. Credit to themselves! Thanks from 7 weary bikers. 36H.","Hi Gary. We're delighted you and your weary biker pals had a great experience with us, on your flight from Mumbai. If you'd like to pass on your 'Thanks' to any of our staff, you can do so here: ^Liz",Tue Nov 28 12:40:45 +0000 2017,False,True
1834272,1834271,no customer enhancement changing baggage allowance to each cabin flown previously whole ticket at higher cabin,"Hi mark, sorry is there something we can help you with. ^Jane",Wed Oct 18 05:29:54 +0000 2017,False,True
1987610,1987612,"No conflicting information, just low confidence in the punctuality of BA after my 26+ hour delay last weekend","We appreciate your feedback, Julia. We've passed your comments to our Customer Experience team. ^Linda",Sun Nov 26 10:39:25 +0000 2017,False,True
1130022,1130020,Not impressed with . Decided to try out their business class service to Barcelona and all i can say is #NotWorthIt.,"That's disappointing to hear, Ash. Is there anything in particular we can feed back for you? ^Danielle.",Mon Oct 23 21:34:54 +0000 2017,False,True
2604007,2604009,Still not working - nearly been 24 hours....,"We appreciate how frustrating this must be for our customers, Richard. We're working to have this resolved as quickly as possible. We appreciate your patience. ^Charlotte",Fri Nov 17 11:27:26 +0000 2017,False,True
1471983,1471985,"Now waiting for baggage forever they forgot to unload it even though tagged priority, #lastbagofftheplane","Hi Geoffrey, please accept our apologies for any inconvenience the delay with your bags arrival caused you. ^L",Tue Oct 17 03:27:22 +0000 2017,False,True
1386291,1386296,What's the point if your systems don't allow online check-in? We have no choice but to go to the desks which we know!,"Hi Minal, I can understand your disappointment but Online Check in can't be guaranteed and Mobile Boarding passes aren't available for 1/3",Sat Oct 28 14:26:36 +0000 2017,False,True
1604886,1604887,Your airport staff did not assist. That is why I am tweeting about this.,This can happen for a number of reasons. We hope you were still able to enjoy your flight. ^Sarah 2/2,Sun Nov 05 23:32:35 +0000 2017,False,True
2485276,2485274,what's the chance of an upgrade on my flight to Heathrow from Geneva as it's delayed please ??,"We're sorry to hear your delayed, Jonathan. Unfortunately we're unable to offer you a complimentary upgrade for this. Enjoy your flight! ^Rach",Wed Nov 15 14:51:21 +0000 2017,False,True
2665014,2665013,"flight Number BA0471 absolute joke, waiting over 3 hours before flying, not enough food #takesthepiss #sortitout","We're so sorry, Oli. I know there was then an aircraft change, I hope the crew updated you. Did you purchase any food? ^Danielle",Mon Oct 30 23:34:25 +0000 2017,False,True
1490999,1490997,Having a wonderful holiday on #Majorca! #birthdaytrip,"Hi Anne, love the picture. Glad you're having a great time in Majorca. Hope you enjoyed your flight. ^Lindy",Fri Nov 03 08:06:30 +0000 2017,False,True
332141,332142,just left flight 799 Helsinki to LHR and left a black kindle onboard. Row 25. Pls help!?,"We're sorry to hear this, Elliot. We'd recommend using the information here: 1/2",Sat Oct 07 18:23:10 +0000 2017,False,True
2665408,2665407,"Loving the #halloween decor in the EDI lounge this morning! Cobwebs, creepy crawlies and staff in spooky costumes 🎃👻","It's a spooky day, Emily! We hope you had a lovely flight. ^Cec",Tue Oct 31 05:47:01 +0000 2017,False,True
2622239,2622240,Thanks a lot for your answer,"You’re welcome, Susana. If there’s anything else we can help you with, please let us know. ^Amy",Fri Nov 17 16:12:40 +0000 2017,False,True
2062892,2062891,"You have cancelled our flights and only option given was a refund. I asked you to rebook on another airline, you refused 😡","I'm afraid this isn't something we'd be able to do. Sorry for any inconvenience, I do hope you've managed to get booked onto another flight.",Fri Oct 06 12:18:26 +0000 2017,False,True
536828,536827,who do I email to to arrange extra baggage for a charity on my next flight?,"Hi Naila, you'll need to contact our department that deal with charities. Here are their contact details: Fax:02087389848 or email: __email__ ^Rach",Sat Dec 02 08:45:11 +0000 2017,False,True
1432113,1432111,"served me these as part of my dairy free meal (well lactofree, they don't do DF) #DairyFree #lactose #lactosefree #allergies",We're sorry. Did you bring this to the attention of our crew on board your flight? ^Natalie,Sat Nov 25 21:24:15 +0000 2017,False,True
994705,994708,So just £15 for my meal?,Apologies for the delay in responding to you. We do offer a complimentary meal if you'd prefer not to pay for one. 1/2,Sun Oct 22 17:09:47 +0000 2017,False,True
2202957,2202958,"boarding flight to Prague at LHR T3, several males go through priority boarding without being asked for boarding card check. I, a female, am asked for boarding card. What is that all about BA?","Hi Lynne, we're sorry you're disappointed, however, we certainly don’t discriminate. We'll be able to 1/2",Thu Nov 09 19:08:07 +0000 2017,False,True
48390,48391,"Yes but had I not been misled with advertising, misinformed and lied to, call dropped by BA I wouldn’t have been on the phone for such duration-so you will be #compensating as I will be making a formal complaint/invoice for my time. #watchdog #lies #falseadvertising","Hi Kat, we're sorry that you feel this way, however, I believe my colleague offered you a gesture. ^Raj",Wed Nov 08 09:42:14 +0000 2017,False,True
2585308,2585309,Thanks. I managed to call BA today and booking confirmed.,"Great to hear, Mehrdad! Please do let us know if we can help with anything else. ^Fiona",Fri Nov 17 07:35:03 +0000 2017,False,True
1871489,1871490,"It’s in regards to my prior flight a week ago. I most definitely don’t want to thank the staff, I had an issue with a member of staff","booking ref, email and contact number. Please also provide a brief description of the issue. Many thanks. ^Lisa 2/2",Thu Oct 19 16:06:56 +0000 2017,False,True
1405094,1405096,Hi sorry still nothing :( will be 3 weeks tomorrow I think this is too long to wait. What can I do to escalate my claim?,"Hi Charlotte, sorry you're still waiting to hear from our Customer Relations team. They'll be 1/2",Sat Oct 28 12:20:57 +0000 2017,False,True
563294,582118,"Thanks just had contact with agency. Change seems to have been made by BA, so I should be in contact with you guys. Can you provide any help? Thanks","Hi Jeroen. Only your travel agent will have the authority to make changes, as they originally issued your ticket. If they need any assistance, they can contact our Trade Support team. ^David",Sun Dec 03 11:53:25 +0000 2017,False,True
950245,950244,"Cannot wait to visit Zurich, Copenhagen and Innsbruck Christmas markets this year! Thank the gods for reward flights! 🎅🏻🎄✈️","We're very jealous, Callum. Hope you have a wonderful time at all three! ^Amy",Wed Oct 11 07:57:02 +0000 2017,False,True
933483,933487,"Hi, I have two separate BA bookings, ba84 which is currently 2hr delayed, and ba0588, which I will miss. What can I do? Thx","Hi there, please accept our apologies for the delay to your flight. We appreciate this is very frustrating. 1/2",Sat Oct 21 05:09:51 +0000 2017,False,True
1928365,1928363,I do wonder what people for whom English is not the 1st language would think of completely unamusing comedy safety video,"Hi Michael. We wouldn't know unless they told us, but it is simply the best and has gone down very well with most people. ^N",Fri Oct 27 19:31:25 +0000 2017,False,True
551113,572561,Although they have seats will not allow you to fly standby #neverflybritishairways #britishsirwaysucks,"Hi Beth. I'm sorry you're unhappy. If your daughter has a non-changeable ticket, then we have to remain fair and consistent. It would be unfair to those in a similar situation to make exceptions. ^Neil",Sun Dec 03 00:21:17 +0000 2017,False,True
80288,80287,Lovely sunny morning waiting for my flight to Philadelphia,"That’s perfect weather for flying, Judith. We hope you have a great flight and enjoy Philadelphia!^Corry",Thu Nov 30 11:22:28 +0000 2017,False,True
1455741,1455742,I've now waited two whole weeks with no response from your customer support. You are holding my $ hostage Case ref:16959956,"Thanks for your time on the phone, Jonathon. As I mentioned, we'll contact you as soon as possible. Many thanks for your patience. ^Monica",Thu Nov 02 18:00:02 +0000 2017,False,True
1721219,1721217,"Good evening, I'm due to fly in 2 weeks. I'm just wondering when I'll get sent info for the boarding pass? Thanks","Hi Samantha, you can do online check in 24 hours before the flight. You can do this by using Manage My Booking online. ^Marie",Mon Nov 06 23:19:19 +0000 2017,False,True
1922834,1922837,"Error was in price calculation an I had to go for cheaper - no bags- option, but need to call and upgrade it",prices you were looking could have been confirmed before you. The system would then make you have to start a new search. As the 2/3,Fri Oct 27 07:39:42 +0000 2017,False,True
1905048,1905047,Respect to all the and staff in Halloween costume at 6am! Made my day!!,"I’m glad they’re all getting into the spirit of Halloween, Alasdair! ^Davina",Tue Oct 31 06:56:24 +0000 2017,False,True
1779356,1779354,"I was told over the phone I'd be able to book online with money, but this option still hasn't appeared?","Hi, Ami. We're not sure what you mean, could you give us a bit more info please? Many thanks. ^Lisa",Sat Oct 28 14:51:22 +0000 2017,False,True
2053218,2053217,what have you done to the rewards booking section? Its supersize and inconsistent with the rest of the site #UXfail,"Hi David. Apologies for the late reply. We're sorry you're having problems. it's not something we're aware of, but we'll feed it back. ^N",Thu Oct 05 21:22:20 +0000 2017,False,True
1991916,1991917,1. Frustrated gold card holder! Flying BA to JFK biz 11 Nov rtn 14 Nov jump off plane get on to Edi flight,"rules governed by your ticket. I appreciate you're a Gold Executive member, but we have to remain fair and consistent. (2/2) ^N",Thu Nov 02 22:00:07 +0000 2017,False,True
896194,932028,Dear british airways I was wondering if you can help us change our booking. Trying to do it but it won't let us. Please call us,Also can you let us know what changes you'd like to make? ^Sarah 2/2,Sat Oct 21 05:07:50 +0000 2017,False,True
1956972,1956975,Thanks Beth. Sent response to initial response - doubtful of change in response as ‘adverse’ weather cited when clearly not the case.,"If you remain unhappy, they'll be able to advise you of the next steps. ^Fiona 2/2",Mon Oct 30 19:08:11 +0000 2017,False,True
1254321,1254322,Brill. Will do that. We told them on disembark but will do this also. They were excellent.,"We're so pleased to hear this, Chris. We appreciate your kind comments and for taking the time to let us know. ^JR",Thu Oct 26 14:19:55 +0000 2017,False,True
1891,1892,Can you please contact __email__ and can give you further details please,Hi Stephen. For security please remove the email address from the public feed. We’re unable to contact passengers by email. 1/2,Mon Oct 30 22:04:55 +0000 2017,False,True
2943624,2943621,trying to change flights getting this both in app and online. Is this a known issue? Thanks,Hi. We're not aware of any issues online with this. Have you tried deleting your cache and cookies to see if this helps or tried a different browser? ^Kev,Wed Nov 29 11:37:28 +0000 2017,False,True
2352097,2352099,can you please provide an explanation for why the flight from Baltimore last night was delayed for 23 hours to tonight?,Hi there. We apologise for the disruption to your plans. The flight was delayed overnight. Sorry for the inconvenience. ^N,Mon Nov 13 17:57:58 +0000 2017,False,True
1400871,1400869,"Flying from Heathrow T5 to NCL tonight &amp; realised I left my passport on my flight down on Tues, Can I fly without it?","Hi Annabelle, you would need some form of photo ID with you. Will you be carrying a driving license? ^Sophie",Sat Oct 28 17:11:18 +0000 2017,False,True
1551908,1551907,Thanks just reached enough points again for silver membership #airlines #flights #travel,Club has to offer. We look forward to welcoming you on board again soon. 2/2 ^David,Fri Nov 03 17:33:20 +0000 2017,False,True
2561724,2561725,"not working (again). (error msg: page not available...If these steps fail to resolve the problem, please contact us, quoting Our reference: S000678328). i see reports online of the same problem from other users. I need to book a flight",via the contact number below. 0844 493 0787 option 2 Calls cost 7p per minute plus your phone company's access charge Daily 07:30-21:45. 2/2 ^Cody,Thu Nov 16 15:19:49 +0000 2017,False,True
1495355,1495358,I arrived London and my flight cancelled 8:30 in morning Finally arrive Paris@ 10:00 pm guess what you guys lost my luggage all clothes,updates online. You can do this by using the following link: ^Steph 2/2,Fri Nov 03 21:53:55 +0000 2017,False,True
574158,574160,Thanks guys! I’ve been phoning them but still no answer. Will keep at it and let you know if still no luck,Thanks for letting us know Kerri. Please feel free to contact us if you need any further assistance. ^Kit,Sun Dec 03 15:25:19 +0000 2017,False,True
2233807,2233806,hi! I am going from Southampton to CPH via Heathrow tomorrow using access rail - though I can see no info on how that works - where do I need to be where? Departure 9.45am,If you Google your route if should let you know your options. 3/3 ^Sophie,Fri Nov 10 13:20:59 +0000 2017,False,True
444088,444087,"BA57. Club World cabin. Aircraft had come in from LA around 3pm, I believe. The tray table can't have even been opened during cleaning, as it would have been obvious it was dirty.","Hi Mike, thanks for providing the details. We do a lot of feedback around who handles our cleaning contracts. We'll pass the information you have provided to our Relationship Manager. ^Lynn",Wed Nov 22 08:17:04 +0000 2017,False,True
2461883,2461882,"After a beautiful day in #Chicago, I'll be driving the 294 home tonight to . Our longest 2-crew 747 sector.","Thanks for your Tweet, Scott. I hope everyone has a great flight with you later tonight! ^Kev",Sun Oct 29 18:58:24 +0000 2017,False,True
855969,855971,"7h Business flight from BDA but ""absolutely no way"" to use the lounge shower before a non BA connecting flight...petty and short sighted","Club World, or are an Executive Club Gold Member travelling on a long-haul flight, you're able to visit the Galleries Arrivals Lounge. 2/3",Fri Oct 13 10:08:34 +0000 2017,False,True
2105502,2105501,"hey, why is my food for one of my flights in September only being charged to my debit card now?","2/2 for them to process the payment manually. This is a normal procedure, so please don't worry. ^Tom",Wed Nov 08 11:07:52 +0000 2017,False,True
1829685,1829684,following the mess at Paphos BA 2677 on Sat your Cust Ser Manager Leigh Hughes at front of plane was awesome. Super service,"Thanks for the great feedback about Leigh, John. If you have time, you can pass on your thanks personally here: ^S",Tue Oct 17 09:29:37 +0000 2017,False,True
584055,584054,"good afternoon. Can flights booked with Iberia, operated by yourselves be added to the ‘My Booking’ section of the BA app?","Hi Diz, it possibly may not work. Have you tried adding the reference number? It's difficlut to say as Iberia reference numbers, might not be compatible with the British Airways app. If you get an error, then this will be the reason why it won't work. Thanks. ^Raj",Sun Dec 03 12:11:18 +0000 2017,False,True
841426,841423,Sorry website says the checked allowance is the airline you are flying most of way with so would this not be BA? Manc to San Fran,we'd be happy to check your baggage allowance for you. 2/2 ^David S,Mon Oct 09 08:26:14 +0000 2017,False,True
2935317,2935316,"I just had an amazing experience with an executive club phone rep, Jill, from your north England office. She truly went out of her way to be helpful. Very much appreciated","Excellent, glad Jill was available to provide an amazing experience for you. I will make sure the comments are passed on for you. ^Pip",Tue Nov 28 23:07:41 +0000 2017,False,True
2379465,2379466,There was no assistance at all at Gatwick. Assistance was there to meet us at Edinburgh fine. Just Gatwick that didn’t happen.,"We can appreciate how frustrating that must have been, Ryan. If you booked assistance in advance, we'd advise contacting the airport authority regarding this. ^Paul",Tue Nov 14 11:54:04 +0000 2017,False,True
1909645,1909644,Hi there. Please could you let me know how and who to get hold of with regards to becoming a foodie stockist on board?,"Hi Raw. Sounds delicious. We'd suggest you contact our Marketing team. They can be contacted at British Airways plc, Marketing,",Tue Oct 24 14:45:23 +0000 2017,False,True
233664,233662,Hi! I'm planning on bringing 2 bikes on my LGW&gt;LCA flight. can you confirm CTC plastic bike bag is acceptable as packaging?,"Hi there, if you follow the link below you'll be able to see all the info packing your bike. ^Cody",Thu Oct 05 10:32:25 +0000 2017,False,True
2895129,2895131,I could check in til 24 hours before - how does that work out?,"Hi Sameer, please click on the following link for check in information Hope this helps?^Jo",Tue Nov 28 16:10:50 +0000 2017,False,True
2541678,2541676,Can't access your website as it keeps saying what's in the attachment. I've tried different browsers with no luck!,"We're sorry to hear you're unable to access our site, Bonnie. Could you let us know what you're trying to do, as we may be able to help. ^Cody",Thu Nov 16 09:30:59 +0000 2017,False,True
519600,519598,can I pay to upgrade an economy reward flight? It doesn't seem to be an option online. If so can you cost this for me please?,"Hi James, if you've purchased your ticket using Avios you're unable to upgrade using cash. ^Natalie",Fri Dec 01 15:09:58 +0000 2017,False,True
297526,297524,Can book ZRH-LHR-ORK on your website. Book the flights separately on your website and you don't transfer luggage?,"All flights have to be on the same itinerary for the bags to be checked through, Derek. ^Julie",Fri Oct 06 16:26:20 +0000 2017,False,True
678918,678917,Next leg is on something a bit smaller than the 747 that flew us to Nairobi. Apparently we are the third stop.,"Hi Rob, it looks exciting. It will certainly be an experience after 3 stops. Thanks. ^Raj",Thu Nov 23 05:55:33 +0000 2017,False,True
2938485,2938487,"She had:OCI card in maiden name matching old PP,married name in new PP,marriage cert proves change of name.BA gave BS excuse that it would be the rejected in Mumbai.Mumbai Immi said they would've allowed her.BA have arranged new flight but she'll never get back the wedding :(","We're really sorry to hear this, Neeraj. We appreciate this would have been particularly frustrating for both of you. We're afraid all names would need to match the passport your wife was travelling on. ^Rach",Wed Nov 29 13:31:18 +0000 2017,False,True
2430630,2430628,yet again another experience of poor customer service they don’t cease to amaze me,we're sorry to hear about your experience on board our flight. Do you need us to look at a return flight for the meals? ^Kit,Tue Nov 14 18:54:40 +0000 2017,False,True
569533,569535,"I’m sure many meals are egg-free, but having the ability to preference this before hand would be A+","Hi Elizabeth. We try and cater for customers dietary requirements, but we can't guarantee this 100%. You suggestion was a valid point and as we mentioned previously, we will pass it to our Catering team. ^Neil",Sun Dec 03 17:52:46 +0000 2017,False,True
57622,57627,I’m at LIN waiting hours after a cancellation. Stop putting profits over cust. service and let us use the empty BA lounge.,"Sorry for the disruption to your journey, Georgia. I'm afraid lounge access would only be permitted if travelling on an eligible ticket. 1/2",Wed Nov 01 16:34:16 +0000 2017,False,True
1558269,1558268,"Need your help, got my bridesmaid stranded in London. She can get to Glasgow but now cant use her bought return ticket home","Due to data protection reasons, your bridesmaid will need to contact us directly for further assistance. ^Steph 3/3",Fri Nov 03 22:04:22 +0000 2017,False,True
517456,517455,#furious It took 3 tweets &amp; 4 hours for you to respond and when you do you refer me to a phone number that’s closed for the night?!? This is literally the worst customer service experience I can remember!!,"Hi Alison, I'm sorry for our late reply. I can appreciate how frustrating it is for you not to be able to confirm your booking on our website. Have you tried to delete your internet history before starting the process over? ^Linds",Tue Nov 28 20:10:28 +0000 2017,False,True
2530433,2530432,Exec Club Silver missing points from intl flights flown recently. Please help?,"Hi , please confirm your reference, full name, email and address along with your Executive Club number. Then we can look into this for you. Thanks. ^Raj",Thu Nov 16 06:12:33 +0000 2017,False,True
26329,26327,Slumming it down the back this time!,"There's no slum in a vessel of such caliber, surely! And if there is, we have plenty of alcohol on-board I'm sure! ^Kimbers",Thu Nov 02 16:55:44 +0000 2017,False,True
233684,233686,Thank you and for an awesome start to our holiday. Airport 101 is a dream. ETA 7+ hours late. 😣,"Hi Tony, high winds across parts of the UK and Europe are affecting some of our short-haul and domestic flights today. Your safety is 1/2",Thu Oct 05 11:16:00 +0000 2017,False,True
2128664,2128662,Back on from Barca to Heathrow. A peaceful 90mins ahead,"Hi James, it's quite possible. What was the flight number and date of travel? We hope you have a great flight this evening. ^Chris",Wed Nov 08 19:00:13 +0000 2017,False,True
1603856,1603858,BA1386 - LHR to MAN.,"Hi Nick, I'm sorry to hear this. We will make sure this is fed back to our Customer Experience team . ^Tom",Sun Nov 05 09:34:22 +0000 2017,False,True
2194928,2194929,"Hi! I'm filling out my pre-flight info, and I'm asked for a visa number. I have my ESTA, but I don't think there's a number on it I can enter","Are you completing your Advance Passenger Information, Kirsten? You don’t need to provide your ESTA details, 1/2",Thu Nov 09 14:44:52 +0000 2017,False,True
1209642,1209644,Wow. You guys have me over a barrel on this one.... Guess I'm helping the profit margins for this month.,"Hi Jonny, you agreed to these terms once you made the booking. If you'd like any assistance, 1/2",Thu Oct 26 09:05:05 +0000 2017,False,True
1274358,1274360,You should be concerned. Not impressed as to the way this was handled after being reassured by LHR ground crew that bags were on flight.,can find out what to here: Please accept our sincere apologies for the inconvenience caused. 2/2 ^Linda,Fri Oct 27 03:07:11 +0000 2017,False,True
2380701,2380700,"if my wife and I are flying out of heathrow with BA back to the US, but coming into heathrow from Switzerland via Swiss Air, will we need to go through customs and immigration at heathrow before we can board our BA flight back to the US?",Hi there. You will have to go through Customs and Immigration because you will need to change Terminals. ^N,Mon Nov 13 22:57:53 +0000 2017,False,True
1259063,1259062,All sorted now thanks,"We're pleased to hear it, Laura. Let us know if you need anything else. ^Chris",Thu Oct 26 06:48:02 +0000 2017,False,True
879880,879881,"That would explain it. That said, as a customer I would like to put on record that this seems a bit of a silly system.","We appreciate your comments, Sam. However, we wouldn't ask a non UK resident to pay in £ either. ^Linda",Sun Oct 15 02:39:52 +0000 2017,False,True
1952193,1952192,what’s the best way to email with feedback please? I’d like to sing the praises of a super member of staff.,"Hi Lucy, if you follow the link below you'll be able to submit a online form to provide feedback. ^Cody",Sun Oct 29 10:55:25 +0000 2017,False,True
2325111,2325110,40 minutes to clear security EWR Terminal B. SO NOT world class.,"We're sorry you had to wait, Alex. We hope you didn't wait at the gate too long! ^AlexL",Sun Nov 12 22:37:03 +0000 2017,False,True
1951467,1951466,Lovely backdrop of #RockofGibraltar and British_Airways A320 G-EUYF photo by Avgeek Mel,Thanks for sharing your amazing photo with us. The scenery looks stunning. ^DaniH,Wed Oct 18 16:32:48 +0000 2017,False,True
2160202,2160201,Are only able to use stock responses to my email? I had a better from a fast food restraint than a “premium” airline.,Relations case reference. We'll review your complaint and get back to you. 3/3 ^Claire,Thu Nov 09 09:12:25 +0000 2017,False,True
1874264,1874263,you need to put pressure on to get this fixed. It shouldn't take an hour to get through passport every week,Hi Andrew. I'm sorry to hear you're flight is delayed. We'll still ask passengers to board a flight as the departure time can change 1/2,Fri Oct 20 06:58:15 +0000 2017,False,True
182245,182248,Thanks Steph - home now. I had a connecting flight so arrived more than 5 hours before my flight 1/2,"Sorry to hear this, Matt. Glad you're now home, please be assured we've passed on all of your comments to our Customer Experience team, 1/2",Thu Oct 05 09:22:47 +0000 2017,False,True
2760209,2760208,Seriously one can’t select seats in advance on Business class? Really? #servicefail,"Hi Ken. You can prepay for reserved seats in advance if you choose to, but if you don't you can do this when online check-in opens for your flight within 24 hours. ^N",Mon Nov 20 22:42:45 +0000 2017,False,True
230378,230376,"got my silver club card, but phone # seems to be incorrect. Is it 1-800-156-7127 as listed?","The Executive Club can also be contacted on 1800 452 1201 during 07:30 and 20:00 EST, each day. 2/2 ^DaniH",Wed Oct 04 23:55:08 +0000 2017,False,True
1649345,1649344,"hi - can you tell what’s happening with BA8483, LCY-PMI? No info at airport.","Hi. Sorry for the late reply, we can see your flight landed on time. ^Natalie",Sun Nov 05 15:22:45 +0000 2017,False,True
2819998,2819999,Appreciate it. We love and only want to see her succeed in the future... so appreciate you letting me be your (somewhat worried) canary in the coal mine ;),"We appreciate your loyalty and support, Christopher. We look forward to welcoming you on board in the not too distant future. ^Steph",Tue Nov 28 01:52:48 +0000 2017,False,True
355222,355221,"Come on , should not be rocket science to sort out wifi in the Concorde Room - keep being told it has been a problem today","This is concerning to hear, Niall. Have you been able to speak with our lounge staff? We've contacted the Concord Room and they've 1/2",Tue Nov 07 17:25:36 +0000 2017,False,True
1546133,1546132,I submitted a case on website on 18th Oct but still had no reply. case ID is 17107840. Poor service and poor after care,"I’m sorry you’ve not had a response yet, Stephen. A member of Customer Relations will be in contact at the earliest opportunity. ^Davina",Sun Oct 29 10:28:35 +0000 2017,False,True
2507641,2507643,"BA6360 - doh —&gt; dps , operates by Qatar airways.","Hi Matt, we're sorry for the delay in our reply. The airport has suspended all its services. Please let us know if we can assist you further. ^ Barbara",Sun Nov 26 23:18:30 +0000 2017,False,True
530577,530575,know there is no shame to #KnowYourStatus thank you for the amazing service your staff are amazing x,"That’s great to hear. Glad you enjoyed your flight and service. Great photo, thanks for sharing with us. ^Pip",Fri Dec 01 20:04:12 +0000 2017,False,True
1431158,1431159,We are heading to Thailand. Staying in Bangkok but probably touring ad hoc,"Great place! Just focus on planning your trip. Your refund will be with you soon, I’m sure. ^Monica",Sat Nov 04 09:05:25 +0000 2017,False,True
2517838,2517837,I have flight on your airlines from Newark to Paris. I then have a connecting flight from Paris to Malaga on Vueling Airlines. I am wondering how I obtain the boarding pass for Vueling Airlines. Is it given to me at check in? Thanks,"That's right, Drew. The airport staff will be able to assist you to obtain your boarding pass. We hope you have a pleasant flight. ^Julie",Wed Nov 15 23:00:51 +0000 2017,False,True
1451000,1450999,"never amaze me, book a BA fare and silver member, refused lounge access as it’s operated by Vueling! Absolute rubbish","That's the right procedure I'm afraid, Craig. I'm really sorry you're disappointed. ^Kimbers",Thu Nov 02 14:49:39 +0000 2017,False,True
2477256,2477252,having problems with online checkin. Can you help ?,"We're sorry to hear about this, what error message are you getting? ^Karen",Wed Nov 15 13:31:06 +0000 2017,False,True
1741244,1741245,"don’t sell Vueling flights under BA banner. Can’t use silver card, shocking cues to check in bags. Cheap chintzy, nasty",Customers can then find out about any benefits they're entitled to with that airline. We're sorry you weren't aware. ^Cec 2/2,Tue Nov 07 15:10:11 +0000 2017,False,True
344200,344201,"Hi there, i cannot check in online for flight taking tomorrow. Keeps telling me to check in at airport. U know why? thanks","Hi Neil, I'm sorry you haven't been able to check in online on this occasion. There can be a number of reasons for this, so I can't say 1/2",Sat Oct 07 20:19:34 +0000 2017,False,True
1933681,1933683,London to Porto - thanks,"Our Basic fare is available on flights between London and Porto, Zoe. You can find these on ^Alex",Wed Oct 18 15:46:39 +0000 2017,False,True
1155427,1155426,"trying to claim missing Avios for LATAM flights, online form not working, can you assist?",the Executive Club to take a look at it for you. 2/2^LW,Tue Oct 24 13:08:46 +0000 2017,False,True
1539457,1539461,You havent even heard of my problem?! It would be good if you actually asked what my issue was with boarding,Hi Natalie. Apologies for the late reply. I'm sorry we couldn't be more helpful yesterday. We're unable to help with checking in 1/2,Sat Nov 04 12:52:04 +0000 2017,False,True
1013298,1013297,what is happening at Malaga Airport? Bag drop at an absolute standstill for last 40mins!,"Sorry for the late reply, Ritchie. I hope you weren’t held up too much longer. ^Davina",Thu Oct 12 10:54:44 +0000 2017,False,True
433384,433383,The Alps from 5A,"5A seems like the place to be, Fergal. I'm sure the views helped pass the time. ^SR",Tue Oct 10 12:51:46 +0000 2017,False,True
350831,350832,"Thank you, Monica. Always love, BA. It's 'home' and your crews are wonderful. &lt;3","We totally agree, Deirdre! Our crew are some of the best out there! ^Anthony",Fri Oct 13 18:39:03 +0000 2017,False,True
1499024,1499022,You’re already showing 3 hour delay on 501 from Lisbon TOMORROW due to “late arrival of incoming aircraft”.Is this correct?,"information and the latest updates, please see the following link: Thanks. ^Kev 2/2",Fri Nov 03 11:14:48 +0000 2017,False,True
1050126,1050127,"BA0028, flight from HK to LDN 23/10/17.","Thanks, Nic. We'll make sure this is fed back to our Customer Experience team. ^Natalie",Fri Nov 03 18:25:41 +0000 2017,False,True
2834559,2834558,motorway shut might miss flight! options please?,"We're sorry to hear that, and for the late reply. We hope you made it.^Linda W",Mon Nov 27 08:43:07 +0000 2017,False,True
867793,867795,What is it with BA not advising/explaining delays? Flight BA6429. #InTheDark,"We're disappointed to read about the lack of information you've received about your delay, Gareth. 1/2",Fri Oct 20 15:26:40 +0000 2017,False,True
1843272,1843271,how do i go about adding extra bags/ when traveling with you and iberia? i cant seem to find it on your website,When your booking includes a combination of airlines it's not possible to add baggage in advance. You'll need to do this at the airport. ^SH,Tue Oct 17 19:00:44 +0000 2017,False,True
472130,472129,Not too shabby #concordelounge,"We're glad you're enjoying it, Neil. It's certainly a great start to your day! ^Teresa",Fri Dec 01 08:48:54 +0000 2017,False,True
1081243,1081241,"do citizens of all countries have to fill this out? This was pretty anxiety inducing, I have to admit!","Hi Whitney, this is for US citizens only. If you need any further help please click on the following link",Sat Oct 14 16:47:28 +0000 2017,False,True
1599475,1599472,so I have a flight coming up in March and I'm bummed because you don't have Wifi 😩,"We're sorry to hear you're disappointed, however, this is something we're currently working on. ^Jane",Mon Oct 16 20:55:55 +0000 2017,False,True
195661,195660,"congratulations, 3 flights with you this trip, 3 delays.","We're sorry for any inconvenience caused, Amy. We hope this didn't disrupt your plans too much. ^Sophie",Wed Oct 04 10:04:48 +0000 2017,False,True
2471510,2471509,Finally real congrats to for leaving on time Gatwick... is it really happening?,"Hi Benito, I'm sorry if you've had bad experiences in the past. I'm glad the flight has left on time. ^Tom",Wed Nov 15 11:04:23 +0000 2017,False,True
729753,729754,"what’s wrong with online “manage my booking” system. Didn’t work last night, doesn’t work now #itproblem?","We're sorry about this, Robert. Our team are working hard to fix the issue. We'll be happy to assist you. 1/2",Wed Oct 11 07:12:32 +0000 2017,False,True
2139071,2139069,"Hello, I have tried multiple times both on the web and BA app to change my flight date and keep getting an error. Please help!","with your booking reference, full name, email address and contact telephone number. 2/2 ^Natalie",Wed Nov 08 18:49:03 +0000 2017,False,True
942975,942974,"So after a cancelled flight I’m now waiting for a delayed flight, brilliant waste of a Saturday morning","Hi James, we're sorry to have let you down on more than one occasion today. Let us know if you require any assistance. ^L",Sat Oct 21 09:58:04 +0000 2017,False,True
121751,121752,"Of course I did, I tried everything. My issue is that if they would have checked the plane right away when I asked I would have it now. This is a big deal. I have no passport!","We understand your disappointment, Sarah, however, we can't take responsibility for lost property. We would advise you to keep checking with the Lost Property office to see if it has been left in. ^Chris",Fri Nov 24 06:41:05 +0000 2017,False,True
956742,956741,Special Thank to for the Upgrade into Club World and the Amazing Crew on LHR - BOS 215 Flight yesterday... #BA,I'm pleased your journey got off to the best possible start. I hope you made full use of the facilities on board! ^Linds,Sat Oct 21 12:03:34 +0000 2017,False,True
1059990,1059988,"Well done ""a panoramic narrative of key pain points throughout our whole customer experience"". Top quality BS!",This is concerning to hear. Is there anything we can assist with? ^David S,Mon Oct 23 07:11:38 +0000 2017,False,True
2708335,2708336,Hi I was wondering if you allow bedbox on your long haul flights ? Thanks!,"Hi Chloe, we don't allow the use of anything that attaches to one of our seats and could potentially be obstructive. They're not accepted on-board I'm afraid! Have you thought about an extra seat for comfort? It can be cheaper than an upgraded cabin and offers 1/2",Sun Nov 19 22:15:22 +0000 2017,False,True
504032,504029,Why have you change my seats on an upcoming flight after I've paid for them and the aircraft hasn't changed?,"We're sorry to hear this Garry. Unfortunately, seating is never guaranteed and if we can't seat you in a suitable alternative you can request a refund. ^Kit",Fri Dec 01 12:31:06 +0000 2017,False,True
767293,767294,"Hope not! In 2011 I said I’d avoid BA due to a poor experience. Decided to give you a second chance this time, then found out I had to 1/2","This means you still have a fair choice of seating, whether you choose to book your flight in advance, or at short notice. ^Gareth 2/2",Mon Oct 30 16:20:20 +0000 2017,False,True
2773481,2773480,"Disappointed that don't support an app specifically for iPad any longer, was the best way of managing bookings","Thanks for your feedback, Jackie! I've passed it to our Mobile Development team for you. ^Beth S.",Sun Nov 26 19:08:59 +0000 2017,False,True
761386,761387,"why can’t I access my exec club account. Called help desk and apparently closed, website says open till .....","Hi Ben, are you receiving a specific error when trying to access your Executive Club account? It can help to clear your",Wed Oct 11 18:09:07 +0000 2017,False,True
1373778,1373780,"very disappointed with flight BA501 Lisbon - Heathrow yesterday, awful customer service on flight and once landed -",disappointing to hear you were kept waiting for your buggy on arrival. We'll feed back your comments to Customer Experience team. (2/2) ^N,Fri Oct 27 15:59:17 +0000 2017,False,True
1939674,1939673,not happy to be sat sandwiched between two men on a flight to Vancouver when it wasn’t a full flight. Not the best journey!,"Sorry for any discomfort, Rachel. Did you mention this to our crew? ^Lisa",Sat Oct 28 16:18:16 +0000 2017,False,True
2905403,2905401,Are your black friday deals still running?,"Unfortunately not, Dilip. But check out our website for great deals as they're still around. Alternatively, you may call our Sales team who will be happy to help up until 22:00 tonight. ^Julie",Tue Nov 28 17:50:03 +0000 2017,False,True
90926,90924,Hi. Please can you give me a number to call to inform you that an Avios member has recently deceased?,Hi. Please accept our condolences. I've provided a link for contact details too. ^Kev,Thu Nov 30 13:47:38 +0000 2017,False,True
1585275,1585278,That guitars must be in a hard case and checked into the hold. I was informed at check in. I wish I’d been informed before travelling.,"Hi Antonio, did you contact us before travelling to let us know you would be carrying a guitar on your travels? We're sorry for any",Tue Oct 17 08:00:54 +0000 2017,False,True
2584028,2584027,big shout out to Karen &amp; the crew on our flight to Athens - memorable for all the right reasons 👍,"Hi, Una. What a lovely Tweet! Thanks so much for sharing, I'll be sure to pass this on for you. ^Lisa",Thu Nov 16 20:37:32 +0000 2017,False,True
1382830,1382829,This makes me proud. Wishing Joe a solid continuing recovery. #TheMagicOfFlight,We're delighted we were able to help Joe fly to Dublin. ^Lynn,Fri Oct 27 23:25:16 +0000 2017,False,True
743601,743600,"Hi Kieran, yes. They are stuck in Madrid (we were with Iberia). Apparently it is a daily occurrence. At least a 24h delay now...","We're sorry about that, Tom. We hope your bags are with you soon. ^Anthony",Wed Oct 11 12:57:21 +0000 2017,False,True
2569329,2569328,"FYI Fly with you every week, you keep losing bookings and Silver Exec club CS clueless and speak terrible English. Pls fix.","We're sorry to hear this, Tobias. Is there anything we can help with? ^Beth",Mon Oct 30 12:49:00 +0000 2017,False,True
2506528,2506526,Dear . How can a flight be both 15 mins late and on-time? #SchrodingersFlight,"That did make me laugh, Stefan. It's not every day you get into quantum mechanics on a Twitter feed! Which flight is this? We'll have it reported. ^Kimbers",Wed Nov 15 18:55:29 +0000 2017,False,True
1643433,1643434,"Thanks. I’m Silver, and have an economy flight to Austin tomorrow. Please bump me to Business (never had upgrade!) and we’ll call it evens","We'd love to, Alex! Unfortunately the flight is fully booked. Our crew will take good care of you. ^Linda",Wed Oct 18 11:44:55 +0000 2017,False,True
1668819,1668820,"a cancelled flight to newcastle, hotel ok food poor and so need to buy food, will the cost of this be reimbursed?",following link: Our Customer Relations team will then assess your claim and get in touch with you. ^Natalie 2/2,Fri Nov 03 16:00:14 +0000 2017,False,True
2552116,2552115,am I able to use twilight check j at Edinburgh airport?,"Hi Melvyn, yes you'll be able to use the twilight check-in service at Edinburgh. This is available between Monday - Friday 16:00 - 20:00 and Saturday - Sunday 16:00 – 18:00 for all flights the next day departing before 09:00. ^Cody",Thu Nov 16 13:20:13 +0000 2017,False,True
655647,655649,"Hi Jo, I spoke to a representative who was very nice but the issue is availability of seats, not the executive club site.","Hi Cesar, we'll pass your comments on to our Loyalty team. ^Helen",Wed Nov 22 23:32:34 +0000 2017,False,True
2358238,2358235,"So, with a broken seat (headrest and table) and an uncomfortable restless 8hrs flight the announcement of breakfast came as diverting relief and perhaps something to lift spirits. But no. This is the best you get #disappointmentfood #premiumexpensebudgetdelivery","Hi Hamish, thanks for feeding this back to us. Our senior management team are reviewing the catering on the long haul flights. I'm sorry to hear about the uncomfortable flight and broken seat. Please see the attached link for making a complaint. ^jm",Mon Nov 13 17:11:38 +0000 2017,False,True
1847910,1847911,I did receive a ref. My case arrived at 1pm today which is outrageous considering I was told by yourselves 10.30pm so I was up waiting 1/2,hold. You travel insurer may be able to help you. ^Julie 2/2,Thu Oct 19 14:45:43 +0000 2017,False,True
296078,296076,my flight from Brussels 397 delayed. Will likely miss connecting flight to Glasgow 1492. Can you advise please?,"Hi Kirsteen, we would move you to the next available flight. We’re sorry for the delay ^Al.",Fri Oct 06 15:40:04 +0000 2017,False,True
944824,944822,"..reminded why I stopped flying with u..website crash, app freeze &amp; charging £13 for changing my seat (from awful to shit) 😕",We're sorry you've had a disappointing experience with us. Let us know if you need help with anything else. ^Liz,Tue Oct 10 21:57:48 +0000 2017,False,True
2006314,2006313,👋 - thanks for a great flight on BA0783 last night. Cabin crew brilliantly dimmed the lights twice so we could see the northern lights as we flew home from Stockholm. They were a great laugh too! Shame were a bit rubbish when we arrived.,"We're so pleased to hear you got to see the Northern Lights, Robert! Thanks for your positive feedback about the crew. ^Linda",Sat Nov 25 13:47:05 +0000 2017,False,True
1831353,1831356,Top business model: Take money and travel docs weeks in advance then day of say incorrect docs and it’s your own fault,"Hi Rod, unfortunately because requirements can change so quickly we cannot offer advice on travel documents. Thus the responsibility 1/2",Tue Oct 17 13:41:47 +0000 2017,False,True
1467115,1467116,I have the same problem i have followed the advice given and it still doesn't work ..,"Hi Clayton. I'm sorry to hear you can't download your boarding pass. If it's not working after re-installing, you will have (1/2)",Thu Nov 02 18:52:32 +0000 2017,False,True
1172775,1172774,disgusting delay to Helsinki. Missing my connecting flight to japan for my honeymoon because you are short of staff. Horrified,rebooking your flights. Please accept our sincere apologies for the inconvenience caused. 2/2 ^Linda,Sun Oct 15 11:24:45 +0000 2017,False,True
22458,22460,Annnnd still nothing 👍🏾 excellent job BA so much for being a loyal silver member,"Hi Christy, we asked you for some info back on 17 August but we can't see that this was ever received. Can you send us this info please? ^HP",Wed Nov 01 08:27:46 +0000 2017,False,True
2742737,2742736,"this is the most illogical, inefficient idea....how is this “simple” or “streamlined” ?","This method has been used by airlines around the world for a number of years, including by our partners, American Airlines, Iberia and Qatar. ^Kieran 2/2",Mon Nov 20 15:15:00 +0000 2017,False,True
1794561,1794559,Hi what's this all about??,"We can only suggest doing as the message indicates, Tom. Have a great flight! ^Lolly",Tue Oct 17 17:41:04 +0000 2017,False,True
1890167,1890165,16 more get ups till flight day!! #beyondexcited #SouthAfrica,"Sounds exciting, Diana. We can't wait to welcome you on board! ^Alex C",Wed Oct 18 07:31:01 +0000 2017,False,True
1277161,1277158,is there a lounge after security we can use at Tegel this morning?,"Hi Phil, we're afraid not, unless you're travelling on an airberlin flight. Our lounge is before security. ^Kelly",Mon Oct 16 06:47:58 +0000 2017,False,True
2942315,2942317,And this will be €50 yeah?,€50.00 is correct amount for additional baggage paid at Paphos if you're travelling in Euro Traveller cabin. Please use this link for any further help you need or you please reply if you would like our help. ^Oliver,Wed Nov 29 14:09:34 +0000 2017,False,True
1839402,1839404,"Certainly is Cecilia. Last meeting in Glasgow then 4th flight before sleep! Also on today’s BA416/417, CSM Vincent was perfect 👌🏻 great and proactive service. He needs a pay rise!","Not too long to wait then, Angelo. That's great to hear, we'll pass on your comments! ^Cecilia",Sat Nov 25 14:10:00 +0000 2017,False,True
2672095,2672096,- seriously? We can't use return business tickets LHR-&gt;GVA because we missed out check-in by 3mins! 😡,"Hi Victoria. The flights on your ticket must be used in the right sequence. Unfortunately, if you miss a flight 1/2",Tue Oct 31 07:41:54 +0000 2017,False,True
1236725,1236724,"Cancelled BA flights for clients LDN-DUB tomorrow, on hold with 30 mins &amp; given wrong number to call. Any advice ??","need your passport number, passport expiry date and date of birth (for data protection). ^BS 2/2",Sun Oct 15 19:33:36 +0000 2017,False,True
1998771,1998770,Checked in for tmrw but boarding pass not available - strange message about travel document details not valid for flight.,"Hi Sally, we've had a few reports of this today so it looks like a fault. Please collect it at the airport. I'm sorry about that! ^Kimbers",Thu Nov 02 18:19:02 +0000 2017,False,True
2374335,2374333,Hoping that get rose wine for our flight next Sunday from Seattle to London Heathrow ❤️,"We currently offer red and white wine, Ryan. We have spirits and mixers too! ^AlexL",Mon Nov 13 05:13:49 +0000 2017,False,True
2639386,2639384,"I book business class to/from Zurich, pay £146 to change to earlier flight...then told no meal due to late booking. An upgrade to NYC tomorrow would be a good solution!😀","Apologies that you didn't receive a meal when you changed your flight, Doug. We wouldn't offer you an upgrade in this instance. ^Helen",Fri Nov 17 17:47:31 +0000 2017,False,True
1426125,1426124,Could I take some picture frames in a hand luggage flying from Heatrow to Sao Paulo??,"Hi there, you can aslong as it fits within the hand baggage dimensions. ^Alex C",Mon Oct 16 12:05:04 +0000 2017,False,True
69200,69202,So is it 300 tier points including lifetime points as well? Thanks Corry,Hi. Only your Tier Points go toward reaching the next level of the Executive Club. Hope this helps. ^Kev,Thu Nov 30 09:39:01 +0000 2017,False,True
2422172,2422171,"unexplained delay with diminished service and loud atmosphere in galley with stewardesses fawning over ""celeb"" entourage. Didn't realize I needed to bring a fur for equal service.","Hi Craig. We're sorry to hear that, this isn't the service you'd expect from us. Which flight were you on so we can feed this back. ^Beth",Tue Nov 14 16:23:28 +0000 2017,False,True
1392175,1392176,Thanks BA. Paid for World Traveller Plus and we cannot sit together. Depressing start to our holiday. Shame on you BA,"We're sorry to hear of your disappointment, David. Unfortunately, we're unable to guarantee specific seats due to operational 1/2",Sat Oct 28 08:50:35 +0000 2017,False,True
2938468,2938467,I wish I'd known people who show up right before their boarding time can skip the line for bag drop - I would've slept an extra hour. #waiting #haventmoved #needtousethetoilet,"This is concerning to hear, Alexandra. We'll be sure to pass this onto our Customer Experience team. ^Cody",Wed Nov 29 08:27:14 +0000 2017,False,True
1789184,1789183,yes I realise that but where will it be stored? :) it will get damaged in the overheads,there is no guarantee these will be big enough or have enough room! Otherwise it will need to be checked-in. Kind Regard ^Jools,Thu Oct 12 16:45:11 +0000 2017,False,True
2838967,2838969,"Urgh, so behind the times. My mate just flew on another airline to Houston and had WiFi the whole way. I remember when BA used to be the best.","We've passed your comments on to out Customer Experience team, Liam. We're sorry to disappoint you. ^Alex",Mon Nov 27 18:20:53 +0000 2017,False,True
422361,422356,flight at Bogota engine busted. Passengers dumped back at airport. No staff. Chaos. Disgusting service,"Hi there, I'm sorry to hear this. Have you managed to be re-booked ? ^Tom",Tue Oct 10 04:15:37 +0000 2017,False,True
1539458,1539469,"im having problems checking in, would you be able to assist?","Hi Natalie. Apologies for the late reply. We're sorry you're having problems checking in online. We're not aware of any issues, (1/2)",Fri Nov 03 16:53:47 +0000 2017,False,True
2143009,2143007,"Hi,my brother 16 years old he want to flying to Canada to visit my uncle , he has Swedish passport, can he travel alone?","He's absolutely fine to fly alone with us at 16. I'm not sure I'd have been brave enough, so well done to him! ^Kimbers",Wed Nov 08 21:36:53 +0000 2017,False,True
962482,962481,i will fly ABZ LHR in economy class(L).i can check-in 1bag23kg.but i will have 2 bags(abt 20kg each).how much extra charge?,"Hi Marc, please see the attached link for the price. Kind Regards ^Jools",Sat Oct 21 12:40:34 +0000 2017,False,True
2416683,2416682,Can someone please reply,"email address and home address, then we can look into this. 2/2 ^Cody",Sat Oct 28 22:26:07 +0000 2017,False,True
2682421,2682423,on honeymoon tomorrow but you’ve not put us next to each other on plane?,"Sorry about this, Christine. We're afraid seating isn't guaranteed. Our Airport team will be best placed to help you. 1/2",Tue Oct 31 11:08:06 +0000 2017,False,True
72023,72022,hi BA. Will Flight 164 from Tel Aviv-LHR 01/12 definitely run tomorrow? Planned strike at Ben Gurion at scheduled departure time. Advice please!,"Hi, Hattie. The flight is showing as on time, we would however, advise you to keep checking online for any update. ^Lisa",Thu Nov 30 19:23:55 +0000 2017,False,True
369335,369334,Don’t ever fly - awful rude service on our “business class” honeymoon flight and now given paltry £50 compensation!,"Sorry you're unhappy with our response, Sarah. I hope we can welcome you on board again and restore your faith in our airline. ^Rach",Sun Oct 08 17:20:26 +0000 2017,False,True
2530814,2530813,- great flight - love the gluten free but an ingredient list would help! #ceoliac #nut allergy,"please check the label on the packaging, or ask a member of your crew. ^Cec 2/2",Sun Oct 29 21:41:20 +0000 2017,False,True
1812330,1812329,Yes there is something else you could help me with . You could actually take responsibility for losing my luggage.,"Hi Antonia, you'll need to speak to the last carrier, Linhas Aereas, for further update. We're sorry we're unable to help on this occasion.",Sat Oct 14 19:48:34 +0000 2017,False,True
2677519,2677517,Both my birthday today and #TheClub celebrates its 50th issue! Illustrations by &gt;,"Happy birthday, Matt! We hope to see you on board soon. ^Cec",Tue Oct 31 09:59:29 +0000 2017,False,True
2739111,2739110,- having complained about your decline in standards -I have to say how good the food was in business to NY yesterday 👍👍,"Great to hear you were impressed, Seve! We hope to see you again soon! ^Danielle",Mon Nov 20 13:37:51 +0000 2017,False,True
2225255,2225256,can you email me my updated flight itinerary please,"Would you mind sending us your full name, booking ref and email address please? Then we can access the booking to help. ^Amy",Fri Nov 10 11:27:33 +0000 2017,False,True
805802,805801,Trying to phone you on 020 8735 5050 just getting out of order signal,"Hi Mike, who are you trying to contact? You can find out contact details using the following link ^JR",Thu Oct 12 09:23:50 +0000 2017,False,True
24012,24015,"I am never flying with you again, and will make sure none of my family or my workplace do either, absolutely pathetic","We understand, Manpal. Of course we're here if you need help with anything else. ^Stephen",Mon Nov 27 21:45:32 +0000 2017,False,True
1015084,1015085,"It's now been 3 weeks &amp; I still haven't received a response. I suspect this is just your strategy for complaints, ignore &amp; hope they'll give up. When is someone going to get back to me?",We're sorry to hear about the delay Jessica. A member of the Customer Relations team will be in touch soon. ^Kit,Tue Nov 21 14:59:11 +0000 2017,False,True
1618230,1618229,First of all stuck on the tarmac for 2 hours at Heathrow.,"with the flight you're travelling on, we'll see if we can get a bit more info for you. 2/2 ^David",Tue Oct 17 10:55:42 +0000 2017,False,True
2753336,2753338,"No, the SMS came at the same time as you announced the gate on the lounge screens - up to then there was no gate shown and the desk clerk couldn’t confirm if it was A, B or C gates when I arrived in the lounge","We're disappointed to hear this, Katy. We appreciate how inconvenient this was for you and we appreciate your feedback. ^Jane",Tue Nov 21 09:03:50 +0000 2017,False,True
1682990,1682989,Arriving @ GRU w/ for 246 connecting to HAM tomorrow for #lkce17,"Hi David, have a great flight this afternoon from Sao Paulo. We look forward to welcoming you on board. ^Lindy",Mon Nov 06 16:15:33 +0000 2017,False,True
1231566,1231567,"was on your flight yesterday, when I picked up my luggage we found significant damage to the cade. Not happy 😡",We're really sorry about this. Did you report the damage at the airport? We'd like to help you with this. 1/2,Wed Oct 25 17:57:53 +0000 2017,False,True
1015889,1015890,The screenshot attached shows the details for BA8235 but is not listed on How do I book please?,"Hi Matthew, the flights aren't available for sale unfortunately. We can't see them in our timetables so it's likely they were used for 1/2",Sun Oct 22 13:04:54 +0000 2017,False,True
2012094,2012093,you seriously need to upgrade planes on LHR/DXB route. Barely any Ents choice &amp; screen size of a postage stamp #shocking,"Hi Helen, I'm sorry to hear this. We are in the process of upgrading our aircraft. We appreciate your patience during this time. ^Tom",Sun Nov 05 12:28:21 +0000 2017,False,True
75308,75309,Still nothing back from your customer service team. Do you hope people forget you ruined their holiday?,"Hi Roberto, sorry to hear you're still waiting to hear from our Customer Relations team. I'm sure they'll be in contact shortly. Thanks for your continued patience.^Jo",Wed Nov 22 15:33:42 +0000 2017,False,True
1483747,1483746,"I've been trying for 4 hour to reserve and pay for a seat on the website, but keep getting error message. HELP!",number. We can give you a call and see if there is anything we can do to help. (2/2) ^N,Fri Nov 03 02:21:03 +0000 2017,False,True
1094541,1094540,Please explain how a checked bag weighing 23kg can be placed in the overhead cabin? Curious!,"Hi Vijay, a checked bag would go into the hold and would not be in the overhead locker, I hope this helps ^Al.",Mon Oct 23 12:42:24 +0000 2017,False,True
1781909,1781907,- BA can you tell me if the departure tax of $20 USD is included in my flight leaving Dom Rep on the 19th flight no. BA2204,Hi Alex. Departure tax is indeed included so you don't have to pay. Hope this helps! ^Lolly,Tue Oct 17 16:07:28 +0000 2017,False,True
356972,356970,"paid £11 to reserve seat from Kiev the other day, check my account and a further £1 also taken... what is this for BA ?????","This sounds strange, Tony. What does it say on your statement? ^Rach",Sun Oct 08 11:44:07 +0000 2017,False,True
2473347,2473346,As won’t move my Tier reset year date back by one month (but would happily extended it!!!) looks like I am going to have to restart my whole account again! Not happy at all!,Hi Gary. Is there any benefit to opening a new account rather than keep the one you have? ^Natalie,Sun Nov 12 15:10:39 +0000 2017,False,True
289242,289243,"So how come I was penalized for you not making things clear? I’ll just contact your CEO, it seems a waste of time here.",Hi Gary. Apologies for the late reply. We're sorry we couldn't resolve things to your satisfaction. ^N,Tue Oct 10 21:16:15 +0000 2017,False,True
1880319,1880318,my friend is currently stuck in New Jersey and they have lost her bags. Can you help? Flight is london heathrow to newark.,"Hi Sean, please ask your friends to contact us directly or to speak with our team at the airport. They will be best placed to help. ^L",Sat Oct 21 07:13:38 +0000 2017,False,True
1517255,1517253,"Laughable - 1454! 1 1/2 hrs late, no catering, no toilets below 15k ft and no overhead locker for 1D&amp;F as it is broken 😡",We're sorry to hear about your experience when you flew with us to Edinburgh. We'll pass on your comments. ^JR,Fri Nov 03 18:48:57 +0000 2017,False,True
928939,928940,"Manage My Booking broken again, both app and desktop. -__-","Hi Ben, sorry to hear you’re having problems with our website. Our IT team are currently 1/2",Tue Oct 10 19:55:21 +0000 2017,False,True
1086387,1086386,Can you confirm I can take golf clubs from London City to Edinburgh as part of my checked luggage allowance?,"If you have any further questions or queries, please let us know. We hope you enjoy playing in Scotland 2/2. ^Oliver",Mon Oct 23 12:15:09 +0000 2017,False,True
1405098,1405097,"Hi, over 2 weeks and no reply yet. How long does it take please ?","Hi Charlotte, we're sorry you haven't received a response at the moment. Please let us know if you don't hear by the end of this week. ^Ash",Tue Oct 24 20:36:07 +0000 2017,False,True
345534,345536,Want to fly BA Nov/Dec to Rome frm LHR&amp;fly bck frm Venice&amp;would like to know if this is included in the baggage allowance?,"Hi, as long as it's collapsible, you can take it as a free additional checked item (assuming you're travelling with an infant). 1/2",Sat Oct 07 22:44:22 +0000 2017,False,True
2325148,2325147,That’s no good for us as it’s does not guarantee a seat. How do I go about cancelling the booking?,"If you wish to cancel it would be as per the cancellation rules attached to your booking, Adam. As a package booking, you would need to speak to our BA Holiday team to do this. Their details can be found here: ^AlexL",Mon Nov 13 00:50:49 +0000 2017,False,True
1989370,1989369,Brown #Stetson hat LOST on BA212 or transfer T5-T3 belonging to special artist.Please could BA staff help?,"We're sorry you've lost your hat, Emily. You'll need to contact Bagport. They'll be able to help: ^Liz",Thu Nov 02 10:02:23 +0000 2017,False,True
176213,176215,"Thought so, shame though. You're working late!","We're a 24/7 operation here, Garry. I'm here until 6am, then my lovely day shift colleagues will be taking over. ^Lisa",Sat Nov 25 00:02:58 +0000 2017,False,True
888941,888940,The upper deck in Club World of BA A380 over Western USA on the way to SFO. Review on the blog on Sunday #wingfriday #ba #AvGeek #britishairways,We love this shot! We hope you had an amazing flight. ^Sam,Fri Oct 13 13:34:06 +0000 2017,False,True
2741593,2741592,People complaining about ' boarding changes need to be less British (ie complaining for complaining sake). You still have allocated seats and the plane isn't going to leave without you! #FirstWorldProblems,"Thanks so much for your positive comments, Joe. We do hope this will help make it easier for our customer’s to understand. ^Danielle",Mon Nov 20 17:05:57 +0000 2017,False,True
447599,447598,"Hi, roughly how long does it take for someone to get back to you regarding a compensation from? For a cancelled flight - sent off Friday morning. Thanks!","Hi Paige, claims are worked on by date of submission so it depends on how many cases we have, and how complex they are. I can't give you a definitive answer I'm afraid, but Customer Relations will be with you as soon as possible! ^Kimbers",Thu Nov 30 17:38:44 +0000 2017,False,True
1899456,1899455,I sent a complaint email weeks ago and have heard nothing back. Could you please give me the right email to chase this. Tnx,Our customer relations department will be contact with you soon Lauren. We can look at your case for an update. We're now following you. 1/2,Mon Oct 23 12:26:31 +0000 2017,False,True
1304393,1304394,"Malua Maria Benesch Rixen, __email__ Case reference: 17118803","1/2 Hi Mal, for your security please remove your personal details off the public feed. As you already have a case reference,",Thu Oct 26 17:42:44 +0000 2017,False,True
1497469,1497468,Ridiculous waits at Heathrow only 4 people working at bag drop &amp; about 100 people in line. People are frustrated.,Hi Shannon. Please accept my apologies for the delays at the airport today and for any inconvenience this has caused. ^Kev,Fri Nov 03 10:05:50 +0000 2017,False,True
301995,301994,Yes brill time with you. Made it stress free for me with a 5 year old and 4 month old. I will be keeping a eye out for the flights. Thanks,Great to hear! Hopefully will be able to see you on board again soon ^Al.,Fri Oct 06 18:37:47 +0000 2017,False,True
2184894,2184897,"I do have access now, thanks ^Julie. I just assume that most people don’t bother reporting anything. They just go to Expedia.",Thanks for letting us know. We get lots of people Tweeting us with online problems. Gladly they fly with us once the Social Media team help^,Thu Nov 09 16:31:09 +0000 2017,False,True
2578373,2582445,What is the current status on improvement in wheel chair services at London Airport,"Any feedback we receive about wheelchair assistance is passed directly on to the team at the airport, Rajaram. They then use this to address any issues they're having and work on improving the service they offer. ^Leanne",Mon Nov 27 00:19:08 +0000 2017,False,True
1511081,1511080,I need to call you on my own time. How do I do this if you constantly fail to have enough staff to man phones / don't allow website changes,"If you provide us with the information we've asked for, then we will be able to call you at a time that is convenient for you. (2/2) ^N",Thu Nov 02 21:19:20 +0000 2017,False,True
316684,316685,hi me and 2 friends are flying out monday but booked separately. Can we merge bookings somehow?,"name, address and contact number. We'll give you a call to discuss this further.^Jo 2/2",Sat Oct 14 16:05:49 +0000 2017,False,True
256826,256824,Amusingly this kind attendant gave my arrival on board and our recording a little announcement!,"Hi Guy, thanks for sharing! We hope you'll be joining us on board again soon! ^L",Thu Oct 05 18:00:16 +0000 2017,False,True
850350,850348,Yes - not sure why this would help:I’m not using a web browser in the process-just your app and Apple Wallet,Hi Robert. I'm sorry this still isn't working for you. Where are you departing from? ^Kev,Fri Oct 20 11:46:08 +0000 2017,False,True
301996,301998,had a fab flight last Saturday from kos ba657 was looking to book flights for same time next year but no flights available?,and then the flights will become available to book. Our Sales team will also be happy to advise if you have any further questions. 2/2 ^L,Fri Oct 06 16:00:38 +0000 2017,False,True
1621697,1621700,"Yeah, it didn’t get delayed any further. I’m more annoyed by the lack of communication before I reached the gate than the delay.",2/3 are relevant and that you will find beneficial to your journey. I realise our Customer Service managers weren't as forthcoming with info,Sun Nov 05 16:53:50 +0000 2017,False,True
2828200,2828199,Gayle at check in at YYZ provided me with exceptional customer service just now. Her friendly demeanour and professionalism were very much appreciated.,"Hi there, thanks for taking the time to let us know about your great experience. We'll certainly pass your comments on. We hope you enjoyed your flight. We're here 24/7 if we can assist you. ^ Barbara",Mon Nov 27 00:35:53 +0000 2017,False,True
859545,859546,"Appreciate the apology, but think you’re missing my point. Several times both online and in person I was offered an upgrade and then told it wasn’t actually available. Your systems are not working properly and I am being mis-led. Stop offering upgrades that I cannot have. Simple","You're right, Alan. We've let you down by not providing you with the correct information. We've passed your comments to our Customer Experience team. Please accept our sincere apologies for the inconvenience caused. ^Linda",Sun Nov 26 07:37:23 +0000 2017,False,True
2393449,2393448,After several terrible flights this year I had some of the best customer service on my flight to #Edinburgh on Sunday👌#notcomplainingthistime,"Hi Naomi, we're glad to hear your recent experience was improved. ^Paul",Tue Nov 14 09:05:17 +0000 2017,False,True
2560062,2560064,"Thank you - i will need to check if the booking went through or not, first.","We hope it has Martin. If you are sent a reference number, it's confirmed. Please contact us back if you wish to double check. ^Oliver",Thu Nov 16 18:37:27 +0000 2017,False,True
548531,548530,"Best ever safety vid from ! Great way to make me pay attention for once, stellar cast ✨ should prob switch off phone now","Hi Carlotta, this is great to hear. We love it too ! ^Tom",Sat Dec 02 16:05:04 +0000 2017,False,True
1865093,1865092,Fair play .You figured out how to get me to watch a safety video -pack it chock full of famous people - I love,"We're so pleased you enjoyed our safety video, Lucie. We'll be sure to share your comments with our Customer Experience team. ^DaniH",Fri Oct 20 13:45:03 +0000 2017,False,True
1316589,1316588,can you please advise how I change my maiden name to married name on my executive club. It feels very hard!,"Hi Lynsey, use the following link to forward your support documents to our Executive Club team. ^Linda",Mon Oct 16 07:06:05 +0000 2017,False,True
2109262,2109261,7 years ago this week : Last #B757 flight (for ) #avgeek #Retro,"How fantastic do they all look! Thanks so much for sharing this, Max. A blast from the past is good for the soul. ^Kimbers",Tue Nov 07 19:28:54 +0000 2017,False,True
904100,904099,50monutes nearly ans still waiting to check bags in at Madrid airport?? 3 kids and no explanation??,"Hi Gill, we're sorry have you managed to check your bags in? ^Raj",Thu Oct 26 07:20:34 +0000 2017,False,True
599296,599295,"Off to Cairo with let’s hope we get off on time, tired 💤",Hi there. We hope you have a comfortable flight. I hope you catch a few zzz's. ^Neil,Sun Dec 03 17:24:48 +0000 2017,False,True
1185647,1185649,"Yes sure, I’m using both Safari and Internet Explorer","We don't have any issues reported, Billy. Have you tried clearing your browsing history? ^Jane",Mon Oct 16 23:25:20 +0000 2017,False,True
73033,2902092,"I was gold exec for years and still have over 500,000 air miles sorry Avios points. Totally shocked to have to pay for food on a flight to Marseille from LHR even thought the tkt price was 3 times Easyjet option where I expect to take my own food with me.","We understand your disappointment. Our Club Europe cabin still provides complimentary food and refreshments. However, the Euro Traveller offers passengers selections of savoury and sweet snacks from our partners Marks and Spencer. We're sorry you were unhappy about this. ^JL",Tue Nov 28 15:42:53 +0000 2017,False,True
2777040,2777039,Hi - I’m flying from London to Jersey in December and my passport is out of date. Guidance from Jersey is that I will be fine with other photo ID (driver licence) but they said to check with the airline too?,"Hi Em, as it's seen as a domestic flight, a driver's licence should be fine, especially if your local embassy has advised the same. ^Chris",Tue Nov 21 14:18:28 +0000 2017,False,True
2324907,2324905,is this your email address &lt;__email__&gt;,"It's not an email address we would use, Kaunda. Where have you seen this? ^AlexL",Mon Nov 13 13:11:11 +0000 2017,False,True
1173644,1173643,Thank you for a delightful flight on BA0035 yesterday. What are lovely bunch of people you have working for you ❤️👌🏻,You're very welcome. We're pleased to hear you enjoyed your flight. ^Linda,Sun Oct 15 16:31:27 +0000 2017,False,True
646399,646398,"This is so pathetic service on your side . If your scan shows bag is still in mumbai, why its taking so much time to get it and put it onto next flight. There is no progress i can see on your website.","We're sorry, Gagan. We're only able to provide an update when we have information to give you. We appreciate your patience at this stressful time. Please be assured we'll be in touch as soon as possible. ^Rach",Wed Nov 15 15:42:05 +0000 2017,False,True
446727,446726,"Hi There, I bought a ticket in a travel agent but I can't find on your website Could you take a look for me. Booking Ref: OR2N9C Full Name: Jailson Portugal Ribeiro E-mail: __email__ Thanks a million...","Hi Jailson, we would be happy to help but need a bit more information. Please can you tell us which flights you are on? The departure and destination and the dates. Also your telephone number, passport number and expiry and date of birth. Thanks ^Jools",Thu Nov 30 17:13:46 +0000 2017,False,True
1923495,1923494,hi - why can't I check in online for my 0059 flight tomorrow evening?,"Hi Adam, we're sorry online check in isn't working for this flight. We have no information about this, please check in at the airport. ^Dani",Thu Oct 26 22:15:39 +0000 2017,False,True
2627363,2627361,"Companies I'll not use in 2018: (they are good in losing bags and not refund it), (good in mixing up codes), (bad customer service). If we all say NO to brands that upset us this year, the world will be a better place #FridayFeeling",Hi Marcio. This doesn't sound good. Have you submitted a claim for your expenses while you were without your bags? ^Natalie,Fri Nov 17 14:50:22 +0000 2017,False,True
696752,696749,Hello! I am unable to access manage my booking for some reason .,We're sorry for the inconvenience. We are aware of the issue and our IT team are working hard to get this fixed asap. ^Jane,Tue Oct 10 16:16:48 +0000 2017,False,True
1050644,1050643,I send an email complaint on Monday and I still haven't heard anything back... Can you help?,"Hi Daniel. Our Customer Relations team will respond to you as soon as possible, but it may take up to 28 days. ^Natalie",Fri Sep 29 15:11:58 +0000 2017,False,True
903886,903885,and just made my day.,"I'm glad you enjoyed our new safety video, Sophie! Thanks for letting us know. ^BS",Fri Oct 20 18:27:50 +0000 2017,False,True
361826,361824,"disembarked into LGW terminal then rerouted outside onto a bus,waiting2fill it.im going2miss my train!why does this happen?","We hope you're not waiting too much longer, and you catch your train, Jessica. ^Lisa",Sun Oct 08 17:41:17 +0000 2017,False,True
757260,757259,"hi there, I sent a compensation claim letter on 18 August for flight delayed by 3+hours but no reply...please advise ASAP","Hi Rachel, we're sorry you've not had a response yet. Customer Relations will be in touch as soon as they can. ^Anthony",Wed Oct 11 16:35:24 +0000 2017,False,True
1618773,1618777,"I’ve contacted everyone &amp; no one has helped me, that’s the point of me getting a hold of you via Twitter","I'm sorry to hear you left your belongings on board your flight from Riyadh. Unfortunately, no one is allowed to re-enter the aircraft 1/3",Sun Nov 05 15:07:03 +0000 2017,False,True
820793,820792,"I've put my holidays in at work, so soon I will be able to book my flights to Orlando!","That sounds great, Judith. We look forward to welcoming you on board, hopefully very soon.^Jo",Thu Oct 12 20:31:34 +0000 2017,False,True
1376245,1376242,I have just arrived &amp; I have just been spoken to appallingly by a member of your staff! Please contact me ASAP,the name of the person you spoke with. It's not behaviour we would tolerate and gives us the chance to feed it back. (2/2) ^N,Fri Oct 27 17:58:47 +0000 2017,False,True
2194906,2194905,"delayed flight to Edinburgh, paid £200+ for the bloody tix and the staff was so rude! Investigate this please, I’d be skeptical to fly with you again","That's concerning, Vika. Click here to send our Customer Relations team your full complaint. ^Julie",Thu Nov 09 16:34:12 +0000 2017,False,True
801858,801860,Last chance to treat us lol sat in dep lounge 😉,"Hey, Shaun. I hope you enjoyed your flight and aren't too jet lagged! Enjoy your golf tomorrow! ^Lisa",Fri Oct 13 20:23:44 +0000 2017,False,True
325596,325595,Shout out to BA2036 crew for fantastic service on 4th October from to 👍,"We're pleased to hear you enjoyed your flight, Julie. Thanks for your positive feedback. ^Linda",Sat Oct 07 14:51:00 +0000 2017,False,True
42761,42764,Hi Natalie just landed at LHR was flying from JFK,sorry you didn't have a good experience at the departure airport. We've fed this back to the Airport Manager for you. You wouldn't hear 2/3,Wed Nov 01 19:29:13 +0000 2017,False,True
1484522,1484520,"Hi I just wanted to say I spoke to an employee Abel today from the NE, she was super helpful! She needs a pay rise please!",Hi Anisha. This is wonderful news. We're so glad Abel was so helpful. We've passed on your comments to their line manager. ^N,Fri Nov 03 01:11:20 +0000 2017,False,True
1014066,1014065,Thx Kieran. The Confluence lounge. I know. Does this lounge offer free entrance to BA Gold Exec Club members? Steve.,"Hi Steve, the Lounge does allow access to Gold Executive Club members. ^Kieran",Sun Oct 22 11:43:40 +0000 2017,False,True
2033876,2033878,No. Different ticket number as BA do not serve MBA. Now over 2.5 hrs late. Being told by BA staff that delay must be over 4 hours to claim. Is that true? Seems risky to use BA if you don't care for passengers connecting flights.,"Hi Chris, our airport staff will do all they can to assist you but if the tickets are on separate bookings they may have limited options. Please be assured they will do all they can to help, and we're sorry for the delay. ^Lacey",Sun Nov 26 12:37:38 +0000 2017,False,True
1190144,1190145,"useless. Cancel my flight so miss connection then want to charge me £1,000 for a ticket on an airline you own. Disgraceful","Hi Rob, please accept our apologies for any inconvenience caused by the cancellation of your flight. We're following you now so",Sun Oct 15 16:53:08 +0000 2017,False,True
2612145,2612143,"Seriously, what is up with #BA.com lately ? I’m only trying to spend money!",We're currently experiencing intermittent problems with Greg. We're working on a fix as a priority. Please accept our apologies for any inconvenience caused. ^Charlotte,Fri Nov 17 11:57:35 +0000 2017,False,True
1586430,1586429,Travel update: are bastards. Plane breaks = opportunity to gouge more money from passengers.,"name, postal address and a contact number for Data Protection. We would be happy to look at this for you. ^Kit 2/2",Sat Nov 04 13:33:12 +0000 2017,False,True
1419772,1419770,How much does it cost to bring on board golf clubs please? Do you have to pay for an extra bag?,"Hi, Lee. Here's a handy link, giving you all the info you'll need: Many thanks. ^Lisa",Wed Nov 01 10:56:25 +0000 2017,False,True
2215542,2215544,That's not right. I hadn't tried logging in at all before I attempted check-in. Look at your faulty systems. First time booking with BA and I'm not impressed at all,I'm afraid we won't be able to reverse this and you'll have to check in at the airport. (2/2) ^N,Fri Nov 10 17:42:40 +0000 2017,False,True
611325,611324,Thanks for your reply Sam. Can you give me your email address as it's a bit complicated?,"Hi, Rosie. Please can you also confirm your booking ref and contact number? Many thanks. ^Lisa",Wed Oct 04 15:56:17 +0000 2017,False,True
2527533,2527532,Hey - please help - she got stuck in traffic and all the British Airways Staff was gone so she couldn’t check in and missed her flight. Make her day and help her get to London and have her dream vacation!!,"If your friend is wanting help, she'd need to contact us, or wait until the desk opens. ^Hel",Thu Nov 16 04:43:38 +0000 2017,False,True
1121297,1121299,"Disappointed in , tried to switch a flight to earlier one, they want to charge me more than I originally paid just 2 switch!","Any change, would be as per the fare rules attached to the type of ticket originally purchased, Warwick. These terms would have been 1/2",Sat Oct 14 07:25:57 +0000 2017,False,True
806695,806697,"Hi, Every time we call we go in circles and feels like nobody is actually in Rome searching for our bag. I have purchased necessities and...",number for Data Protection. We will have a looka at this for you. ^Kit,Thu Oct 12 18:00:51 +0000 2017,False,True
852198,852197,just noticed on your drinks menu you have a picture of fever trees Mediterranean tonic but it's not on the menu 😮 could it be a mistake? I know the light tonic looks nearly identical,"We’re sorry about this David, we’ll pass this on to our Product and Innovation team. ^Kieran",Fri Oct 20 11:18:24 +0000 2017,False,True
1431150,1431152,Crap cust serv . Can't add bags to account and agent says no one can fix it. Go to airport and pay double the price! What nonsense. No escalation - wait till tomm and call another line. Is this #Ryanair #badservice #badairlines,"Hi Nick. We're sorry you're unable to add additional baggage to your booking. Our website is restricted, if there's other carriers 1/2",Wed Nov 01 20:27:41 +0000 2017,False,True
321285,321287,"tried paying balance of holiday. After entering all details, server down. Payment left credit card, site says still owe it!","Sorry to hear you've had issues paying your balance online, Alex. Please call our Holidays team, who will check your booking for you. 1/2",Sat Oct 07 11:13:21 +0000 2017,False,True
355227,355226,yes made them aware r/e tv...they reset it but it broke again within 15 minutes and wasn't much they could do about drinks,Please accept our apologies for any inconvenience caused. I hope these issues won't stop you from flying with us again. ^Monica,Tue Nov 07 16:33:22 +0000 2017,False,True
1108963,1108962,fail! Why you make check-in online if than for drop the bag I have to make all the line? #nosense,"I’m sorry you had to wait at the bag drop, Marco. My apologies for any inconvenience. ^Davina",Sun Oct 15 04:36:57 +0000 2017,False,True
702205,702204,My mom flew from Ghana to Canada with August 8th 2017 and arrived without her luggage. We filed a claim in August and till today is yet to come back to us on the status of the luggage claim. What happened to customer care???,directly. This needs to be in writing so can they send a signed letter of authority to __email__ with the case reference number in the subject field please. ^Julie 2/2,Thu Nov 23 13:57:39 +0000 2017,False,True
1383164,1383168,"I told him where emergency exits were, assisted opening his food, walked him to the toilets, walked him off plane and helped him with music","with a safety assistant. Unfortunately, we can't offer you a free upgrade, Ashley. Safe journey back to London on the 5th! ^Amy 2/2",Sun Oct 29 21:05:50 +0000 2017,False,True
349934,349935,"This ticket price, is their a world tour before landing Accra or what?","Hi Emeka, we're sorry to hear you're unhappy with the ticket prices available. Our Sales team are always happy to help find the",Sun Oct 08 08:33:39 +0000 2017,False,True
1124742,1124743,TBH I would now choose Anyone But BA in the future #ABBA I vote with my feet &amp; can't abide poor customer service,"We're sorry your experience has impacted your desire to fly with us in the future, Howard. Your feedback has been passed on. ^DaniH",Tue Oct 24 15:26:14 +0000 2017,False,True
1696111,1696113,Flight was brilliant but the experience for BA passengers at JFK is simply awful due to the TSA situation (not the airlines fault),"We understand and appreciate the feedback, Daniel. We'll make sure it's passed on to our Customer Experience team. ^Lolly",Tue Oct 17 18:14:36 +0000 2017,False,True
2432417,2432415,needs a lesson in customer obsession. They accidentally had row 5 sectioned as Bus class. Instead of letting it go they chose to humiliate us by bringing maintenance on to reposition the partisan. Only 2 people in Bus class. 4 ppl in row 5. But a round - nbd 🙄,"It certainly wasn't our intention to humiliate anyone, Alissa. We just need to keep our cabins separate. ^AlexL",Tue Nov 14 19:43:41 +0000 2017,False,True
989414,989413,. not covering themselves in glory today. Broken A380 delays flight by 8 hours and then no bags #fail,"Sorry about the delay, Guy. Have you had an update on your bag? ^Anthony",Sat Oct 14 02:23:55 +0000 2017,False,True
1447491,1447493,"Ok thanks Danny, that’s a bit rubbish then as it’s around $200 in a taxi, will see how I get on submitting a compensation claim","I'd strongly advise you to look at alternative options or ensure your travel insurance will cover this cost, Elly. ^Kimbers",Thu Nov 02 16:26:16 +0000 2017,False,True
901809,901808,Thank you for the amazing service (flight BA 244). The cabin crew was fantastic and the vegan meal better than expected!,"Thanks for the great feedback, Veronika! I'm glad to hear the crew looked after you and that you enjoyed the vegan meal. ^BS",Fri Oct 20 18:17:56 +0000 2017,False,True
2164906,2164907,your avios redemption map isn't working (again) and the website isn't letting me share Avios. Should be better!,"We’ll let our Web Support team know, Ben. We’re sorry for the inconvenience. If you need help sharing your Avios please call our",Thu Nov 09 07:53:54 +0000 2017,False,True
474101,474100,"if Digital is important, why is the Android app still broken after two weeks?",I’m sorry you’re experiencing problems with the app. This has been reported to our Wed Support team. ^Davina,Sat Nov 11 08:44:33 +0000 2017,False,True
1886522,1886521,My 150th flight today with,"Wow, this is a huge achievement! Well done! We look forward to the next 150! ^Kelly",Wed Oct 18 06:20:30 +0000 2017,False,True
544159,544157,12hr flight from LDN to Cape Town with a ‘non-functional’ entertainment system and no alternative. Worst flight ever!,"Hi Ariane, I'm sorry to hear this. Can you please provide your booking reference, email address and telephone number and we can take a look into this for you. ^Tom",Sat Dec 02 14:12:58 +0000 2017,False,True
1307889,1307890,why are your staff at terminal five so unhelpful and unfriendly? A smile is free and it doesn't hurt,"I absolutely agree, Esna! I'm sorry to hear you didn't get the service you should expect from us yesterday. I hope you enjoyed your 1/2",Thu Oct 26 18:40:41 +0000 2017,False,True
2117570,2117568,Got to fly on and had the pleasure of reading the interview of with !! Brilliant and mindopening!!,"Hi Paolo, I'm glad you enjoyed the magazine and I hope you enjoyed the flight. ^Tom",Wed Nov 08 12:06:13 +0000 2017,False,True
1106928,1106927,"so lose my luggage, phone for help and speak to 2 of the rudest staff &amp; now waited over 20 mins to speak to a manager","Here's the link, Let us know if you need advice about anything else. ^SR",Mon Oct 23 13:39:52 +0000 2017,False,True
1163947,1163948,But when I call your cust.service they say it will arrive in the next 24hrs!,"We're sorry we're unable to assist further, Emily. Please contact Gate 365 directly. ^David",Sat Nov 04 20:30:27 +0000 2017,False,True
2589816,2589815,"Flying with today, on a A319, first time I've had good leg room on Short Haul for a long time, top marks",We're glad to hear you had a relaxing flight. Thanks for letting us know. ^Kit,Mon Oct 30 19:18:50 +0000 2017,False,True
169127,169128,"I am not complaining because I didn’t get a pillow, this is about getting the same quality as every other fare paying passenger, lesser service and I paid to be upgraded.","Hi Yvonne, please accept our apologies for the issues you've experienced. We'll do all we can to make sure improvements are made and hope to see you on board again for an improved experienced. ^Lacey",Sun Nov 26 10:11:06 +0000 2017,False,True
2180476,2180475,I cannot compliment your staff enough for their help on my flight today. Will definately be sending some thank yous that I hope gets to them 😊,"Hi Leigh, thanks for sharing your kind comments. You can pass on your compliments using the following link ^Lacey",Sun Nov 26 12:49:50 +0000 2017,False,True
2620876,2620874,"The new safety video was funny the first time... 4th time this week, I’m going crazy... 🙄","It is important to familiarise yourself with the safety demo, Alex, even if you've travelled recently. ^Natalie",Fri Nov 17 13:19:48 +0000 2017,False,True
700105,700107,Selection of food is so limited and of poor quality. Certainly not the place for a meal.,"It is a BA operated lounge so this is surprising to hear, David. We're sorry you didn't enjoy your time in the lounge and we're passing your comments on to the Customer Experience team. ^Stephen",Thu Nov 23 16:56:41 +0000 2017,False,True
417134,417133,I don’t really feel like taking more than a week to respond is okay. Surely the CS team should have responded by now? Could you look into,"Hi Lucinda, we understand you wish to have this matter resolved as quickly as possible. We're sorry for the delay in our reply. ^L",Mon Oct 09 19:43:23 +0000 2017,False,True
230382,230386,"I submitted my claim, what is your turnaround time to deal with this as I've had no reply so far?","Hi Bob, it is taking us a little longer than usual to get back in touch. Please accept our apologies for the delay in our reply. A member",Mon Oct 16 19:35:47 +0000 2017,False,True
302775,302776,So does that mean I can our can't take a laptop / ipad into the cabin on my flight with you from Istanbul? Please just answer my question.,All information regarding this can be found on our website under FAQ's. I hope this helps you. ^Danielle. 2/2.,Sat Oct 07 12:08:59 +0000 2017,False,True
1544694,1544696,But surely you have to look at expanding this capacity? How early do you need to arrive to get an appointment?,"feedback about this passed to our Customer Experience team, as I'm sure they'll value your insight. ^Kev 2/2",Sat Nov 04 09:38:58 +0000 2017,False,True
529769,529768,"Hi, can you check in a small cardboard box not weighing over 23kg instead of a suitcase, please? Thanks","As long as it fits within the maximum dimensions of checked baggage, Susie. You can find out more, here, ^Teresa",Fri Dec 01 18:18:25 +0000 2017,False,True
985927,985929,this is not the Cabin Crews fault. Expensive Premium ticket which had the same facilities as economy. Terrible,some aircraft in our fleet that haven't been refreshed with our new cabin products. Which flight were you on? 3/3 ^Claire,Tue Oct 24 04:41:42 +0000 2017,False,True
1124206,1124205,Stuck &amp; Delayed on flight for 1.5hrs from AMS and not so much as a glass of water offered to those not in Business class.,"Thank you for your feedback on this, we'll ensure this is passed on. ^Danielle. 2/2.",Mon Oct 23 18:39:55 +0000 2017,False,True
1481528,1481526,so how does the BA461 suddenly go from landing at 1918 to landing at 1956 with no change in departure time?,This could be a result of flight restrictions due to adverse conditions. We hope you weren't inconvenineced. ^Kit,Mon Oct 16 14:22:46 +0000 2017,False,True
2415928,2415926,on Business to Funchal and no champagne and ran out of red wine.This is not good enough BA!,We're really sorry about this. You're absolutely right to expect a better level of service. Can you let us know your flight number? ^DaniH,Tue Nov 14 14:45:29 +0000 2017,False,True
2197589,2197590,stuck at NICE flight 349 where are the BA staff? All disappeared put us in hotel or on the plane,We're sorry for the delayed flight Phil. This was a result of the aircraft being checked after experiencing a lightning strike on the 1/2,Thu Nov 09 20:52:09 +0000 2017,False,True
423094,423096,Hi Thanks for rebooking my flight 48hrs later after offering me better choices that I couldn’t choose cause your site sucks,"Hi Julia, we're so sorry to hear your flight has been cancelled and you're having issues with rebooking online. (1/2)",Tue Oct 10 09:18:40 +0000 2017,False,True
2493407,2493409,Hi Rach thanks for the reply looking at the Caribbean never flown that far before massive step for me as always been scared of flying thought would be good to do it in comfort #justanidea,"Hi Marcus, I couldn't recommend the Carribean more! Mexico in particular is absolutely amazing, with culture for adventure days and white sand for lazy beers on the beach. Top tip: further discount rates on holiday packages usually appear around January. Keep your eyes peeled! ^K",Wed Nov 15 18:48:59 +0000 2017,False,True
2822479,2822478,Ah thank you so much. Purple gloop once more. My favourite starter. (See previous thread from me on your food in economy for us plebs),"Hi Craig, we're sorry for any disappointment caused. We'll pass your comments to our Catering team. ^ Barbara",Mon Nov 27 07:47:26 +0000 2017,False,True
2562231,2562233,Cool. So why did the front desk still check us in @ 10:55 if they already knew we weren't gonna make it to the gate? Just curious,"Hi Jonabelle, I'm afraid our check-in staff can't pre-empt the time you arrive at the gate. Sorry for any disappointment.^Jo",Mon Oct 30 16:49:09 +0000 2017,False,True
2651558,2651557,only one person at first class check-in at IAD and the staff manning it has the worst attitude..#goingdownhill,"I'm sorry to hear your check-in experience wasn't as you'd expected it to be. We'll be sure to pass this on as feedback to the Airport Manager. We would also politely ask that you take the photo down from the public feed, unless you have her consent to publish this. ^Linds",Sat Nov 18 21:49:08 +0000 2017,False,True
231406,231404,this 5am catching a flight with in London malarkey better be worth it! #lovelaughrun #tooearly #coffee #please,"Hi Linda, thanks for sharing! We look forward to welcoming you on board! ^L",Thu Oct 05 04:32:56 +0000 2017,False,True
8158,8156,"Been to many airports but this is the worst.45m pre-security,20m bag drop.30min security w/business class #BenGurionAirport","Sorry to hear that, Louisa. Are you on your way now? Let us know if we can help. ^Kimbers",Thu Nov 02 13:34:26 +0000 2017,False,True
1611130,1611132,"hi there. My suitcase has been damaged whilst travelling, trying to fit everything in 2 bags. 1/2","Hi Gemma, if your baggage allowance is one piece, you will need to pack your weight allowance within one bag. If you need to check in 1/2",Sun Nov 05 07:16:57 +0000 2017,False,True
2648158,2648157,"how is that when I pick your airline to fly to Cape Town &lt;&gt; Johannesburg, I’m delayed by over 3 hours each time? Disgusting!","Hi Kudzi, we're sorry to hear this. We hope this didn’t cause you too much of an inconvenience. ^David",Sun Nov 26 17:24:35 +0000 2017,False,True
576097,576095,"Hello. Just landed on BA112. Without doubt, the best customer service ever received onboard (and I’ve flown with you a lot). Angela upstairs in Club World was just terrific. Please pass on my thanks. Excellent flight.","That's great to hear, Tom. We'll certainly pass it on for you and you can thank her directly here, ^Ashleigh",Sun Dec 03 06:29:11 +0000 2017,False,True
2469854,2469852,Booked 2 flights premium economy British Airways frm Florida London. The area around the seats were dirty &amp; I had to clean this up with baby wipes as best as I could. complained &amp; sent pictures to BA...they accepted but not one penny back from them.,"Hi, Jo. Sorry you were unhappy with our response to your complaint. Please be assured this would have been fed back to the appropriate team, who I know will value your feedback. Many thanks. ^Lisa",Wed Nov 15 08:31:16 +0000 2017,False,True
1935180,1935182,hey if I’ve booked a flight &amp; hotel booking can I upgrade my flight after booking?,"Hi Doug. Yes you can upgrade your flight, subject to availability. You should be able to do this through Manage My Booking. 1/2",Sat Oct 28 19:36:17 +0000 2017,False,True
602607,602606,Finally commited and purchased our trip to New York with 🗽,Hi Dena. That's fantastic news. We hope the Big Apple shakes you to the core. Have a fab time. ^Neil,Sun Dec 03 18:19:32 +0000 2017,False,True
2189937,2189936,. did something amazing for this couple,What a great story. We're all very emotional about it here in Social Media ^Julie,Thu Nov 09 19:18:07 +0000 2017,False,True
1043360,1043359,. Amazingly helpful staff at Geneva airport this morning - moved me onto an earlier flight for free and saved 4h of waiting!,"Hi Ollie, that's great news. Hope you managed to do something with those 4 hours. ^Raj",Sun Oct 22 19:10:21 +0000 2017,False,True
101470,101469,I am constantly surprised by your inability to get any domestic flight to leave/arrive on time! You really are a poor airline that has a monopoly at Heathrow and screws domestic customers with high fares and piss poor service. Sort it out.,"We're sorry your flight has been delayed Derek. Obviously, many factors can cause delays but we hope your flight is not delayed for too long. ^Jools",Thu Nov 30 15:53:02 +0000 2017,False,True
1046297,1046296,"BA 582,appalling service,not the crews fault,loaded with minimum food,none left by row 23, premium fares and budget flight","We're sorry the catering service wasn't as expected on your way to Milan, Andy. We'll feed this back. ^Cec",Sun Oct 22 21:49:43 +0000 2017,False,True
2056530,2056529,absolutely cannot believe that my 12 yo and I aren't sitting next to one another on LHR- SIN. LAST TIME I ever fly BA.,"We understand, Jen. A passenger aged 12 years is classed as an adult. Have you checked the seating map for two seats together? ^Julie",Fri Oct 06 18:25:18 +0000 2017,False,True
1130026,1130029,Waiting almost 24 hours for a word about mt question,to Rio De Janerio when he returned to the airport. He would also need to make sure that he had the correct documentation in place 2/4,Mon Oct 23 21:33:59 +0000 2017,False,True
2026368,2026367,"Text from warns security can take 60mins, so arrive early. Lots of us have. Bag drop &amp; check in not yet open...","Hi Richard, we're sorry for the time it has taken to drop off your bag, and board the aircraft. We hope you're on your way now, and 1/2",Mon Nov 06 16:00:53 +0000 2017,False,True
1005935,1005937,"Your new safety video, it cringingly awful.","It's disappointing to hear you're not enjoying our new safety video, Tarka. Thanks for your feedback. ^Cec",Sun Oct 22 19:24:59 +0000 2017,False,True
2938477,2938479,Thank you for calling me and resolving the issue. You are guys are lit.,"Happy to help anytime, Vishu. Just shout up if you need anything else, we're here 24/7. Many thanks. ^Lisa",Wed Nov 29 22:44:46 +0000 2017,False,True
424113,424112,"9.40 flight to nice we are on the plane but they are saying 1.30pm take off?!awful service,not even a glass of water","We're sorry you've been delayed, Lara. If we're waiting for a takeoff slot we need to be ready to go. We apologise 1/2",Tue Oct 10 10:08:39 +0000 2017,False,True
1292593,1292592,hi there. Are there any problems with your website at the moment? System seems pretty slow. Many thanks. Oscar,We're not aware of any reported problems with the website today Oscar. ^Kit,Sat Nov 25 18:16:08 +0000 2017,False,True
2148788,2148792,I’ve been trying for days! Yes I wanted to have checked in and got my boarding pass for a flight. Now I want to check my account information.,you'll be able to check in when you get to the airport. We're sorry for any inconvenience. We hope you have a great flight! 2/4,Thu Nov 09 07:02:52 +0000 2017,False,True
784799,784800,"Thanks just tried that. They’re American airline flights, but that shldnt be a prob because I already have JFK-LAX AA flight showing in app?","We'll get this reported for you, Laura. In the meantime is there anything else you're needing to do with your booking? Maybe we can help. ^L",Thu Oct 12 10:44:01 +0000 2017,False,True
2984339,2984337,check in at Dubai is woeful this morning! Two guys on the check-in desk have been on the phone for 10mins and no movement!,Hi Ben. We're really sorry for the disappointing service you have received this morning. It's disappointing that you've now been downgraded also. Have the staff provided compensation for the downgrade at the airport? ^Neil,Thu Nov 30 04:13:52 +0000 2017,False,True
2732720,2732717,"Yet another reason to no longer be loyal to No complimentary water, tea or coffee, now this... You're not a budget carrier - stop behaving like one...","We're introducing new boarding procedures to speed up the process and make it simpler for customers to understand, Stephen. This method has been used by airlines around the world for a number of years, including by our partners American Airlines, Iberia and Qatar. ^Cec",Mon Nov 20 13:28:21 +0000 2017,False,True
1258652,1258651,Why do cabin crew give certain passengers an individual welcome when at their seat? Way to make the rest of us feel shitty,Maybe they had a specific need or had just been upgraded to Gold. They do try and accommodate everyone. ^Raj,Thu Oct 26 05:35:15 +0000 2017,False,True
533192,533191,First time ever flying the 747 upper deck after Christmas this year. Exciting stuff 😊,"Hi there, we look forward to welcoming you on board ! ^Tom",Fri Dec 01 23:53:34 +0000 2017,False,True
1565408,1565407,6 days to Edinburgh! Don’t know if more I’m more excited about the city or the flight there! 😁,"We look forward to welcoming you on board, Hannah! Edinburgh is a beautiful city to visit! ^Sophie",Sat Nov 04 08:31:10 +0000 2017,False,True
2148753,2148755,I don’t “feel” I was misinformed. I was misinformed. I should have been directed to this website before the flight by your employee. Still no bags either &amp; been awake 24 hours travelling &amp; trying to resolve. Appalled by the customer service received from BA.,"but we cannot guarantee a peanut free special meal. They could contain cashews and tree nuts. I'm sorry about your missing bags, (2/3)",Thu Nov 09 03:00:48 +0000 2017,False,True
2536556,2536555,Nearly done at work. Tomorrow morning you will be ferrying me and to Berlin for the weekend. Might see if I can get little cockpit visit before we leave #travel #longweekend,"Thanks for your lovely post, Ian. We hope you and Emma enjoy your time in Berlin. We look forward to welcoming you both on board your upcoming flight. ^DaniH",Thu Nov 16 17:28:38 +0000 2017,False,True
820611,820613,"ok, so if we go on holiday, how can I get her into first class lounge. Am I able to pay for her to join me in the lounge ?","It's not possible to pay for lounge access but this link should help, ^SR",Tue Oct 10 11:38:09 +0000 2017,False,True
469253,469252,I tried to purchase a ticket in Business. Can you tell me why three times more expensive than any other airline and your service is terrible,"Hi John, we're sorry you're unhappy. The price of our tickets is dependant on the availability and route you're looking to travel on. ^Jane",Fri Dec 01 01:46:54 +0000 2017,False,True
2471528,2471526,trying to book one way flight why is it over £200 more expensive to book one way from spain to London than it is if I wanted to book a return very unfair!,"Hi Polly, unfortunately that’s the Terms and Conditions of our tickets. A one-way ticket can be more flexible than a return ticket, meaning it can be more expensive to purchase. We’re sorry for the inconvenience. ^Amy",Wed Nov 15 09:09:42 +0000 2017,False,True
2514285,2514284,LGW to GLA first time in 15yrs we got an upgrade! Thank you very much. #karma BA2964 nice start to our working week!,Lovely to hear. We hope you had an enjoyable flight. Have a great week! ^Amy,Sun Oct 29 18:25:16 +0000 2017,False,True
1321372,1321367,your lost luggage hotline has been busy for 48hrs! Can somebody please get back to me.,Hi there. We're so sorry to hear you bag has been delayed. Have you checked for updates online? You can do this by clicking here 1/3,Thu Oct 26 22:46:22 +0000 2017,False,True
2842377,2842379,How would one go about that? What's the easiest way to speak to someone?,"Hi Ollie, if you've had an email from our Recruitment team you may be able to respond to that. Alternatively, they may be in contact to provide you with feedback. ^JulieR",Mon Nov 27 17:38:39 +0000 2017,False,True
438998,438999,"I know, but I’m asking the logic behind it, when it would clearly be more efficient for you and your customers to pack everything in one bag?","We appreciate your feedback, Vidal. We'll pass your comments to our Customer Experience team. ^Linda",Thu Nov 23 08:33:39 +0000 2017,False,True
87353,87352,"hello , my tier points expire 8 of Dec. I am due to fly that day. Will my tier points be counted for this year or next?","Hi Catalina, the points will count for the 8 December as your new year will not start until the 9 December. ^Alex C",Thu Oct 26 12:26:58 +0000 2017,False,True
1850697,1850696,Queuing up at Heathrow T5 for baggage drop for ...only 2 out of 11 counters open 😐,"We're sorry about this, Saurabh. We'll certainly feed this back. ^Alex C",Wed Oct 18 18:24:45 +0000 2017,False,True
2442578,2442577,"Hi Kieran. You are going to have to speak to your claims team again. Following our conversation, I proceeded to bank the cheque that was issued to me. Only to receive and email tonight telling me that the cheque has been cancelled.😡 This is becoming a bit ridiculous.","Hi there, I'm so sorry about what's happened. Would you be free for a call? ^Kimbers",Tue Nov 14 19:24:45 +0000 2017,False,True
2250646,2250645,The 'Queen Of The Skies' as she departs London bound for the US. #waynehickmanphotography,Hi Wayne. Thanks for sharing your pic. Looking as majestic as always. ^N,Fri Nov 10 15:33:13 +0000 2017,False,True
2974627,2974625,"won’t wave any fees for my friend due to a medical family emergency, wow... pretty pathetic","Hi Vinny. We're sorry your friend has a family emergency. Unfortunately, we wouldn't discuss it with you, but if they contact us, we might be able to explain why it's not possible. ^Neil",Wed Nov 29 23:51:51 +0000 2017,False,True
1423152,1423154,Some in cameras etc and some spares- maybe 8 or 12 spares?,"Hi Carla, this will be absoluteley fine. Please let us know if you have any further questions. We're always happy to help. ^L",Thu Nov 02 11:20:25 +0000 2017,False,True
77056,77058,"It means i need to exit check-in, note down my booking ref and then start the process again. The older version was much better and quicker. (also selling me upgrades now which i don't want either).","There should be an option to stay signed into your booking which might help, Colin. We do pass on your feedback so we can look at ways of making the app more user friendly.^Corry",Thu Nov 30 12:58:27 +0000 2017,False,True
524111,524113,"When I got off the plane, *everyone* who had been in the immediate vicinity commiserated with me on how foul he was.","We're sorry you had to endure that during your flight, Emma. You should not be made to feel uncomfortable by any means. This will be fed back, to stop something like this happening again. ^Pip",Sat Dec 02 14:31:35 +0000 2017,False,True
1601295,1601294,Hello! I need to take my PS4 in my hand bag. Is it allowed? I’m travelling tomorrow to BA. Thank you!,"Hi, you can check the most up to date Hand Baggage restrictions here ^L",Mon Oct 16 21:37:26 +0000 2017,False,True
2189955,2189957,Still no response from customer relations,"Hi Gilbert, your case is currently with our Executive Club. They'll be in touch as soon as possible. ^Chris",Tue Nov 14 11:55:40 +0000 2017,False,True
2504611,2504610,That has not been mentioned so far. I now have enough conflicting information to write a mystery drama. Just sort it out please.,"We understand your disappointment, Katia. Your refund will be processed in due course. ^Chris",Tue Nov 21 12:44:53 +0000 2017,False,True
323515,323513,"Stuck on the tarmac at Las Vegas for 4hrs with surly flight crew(Dawn)no AC poor info,old 747, BA or British Rail?? Joke!!","instructions for taxi and take off. We hope you're on your way soon. Try smiling at Dawn, she may smile back. ^Julie 3/3",Sat Oct 07 12:58:30 +0000 2017,False,True
1894187,1894188,i AM HAVING PROBLEMS EDING PERSONAL DETAILS ON MY EXECUTIVE CLUB ACCOUNT. WHO CAN I SPEAK TO? THANKS,and advice on editing your personal details on your account. You'll find all our contact numbers here 2/2 ^Claire,Mon Oct 23 19:39:40 +0000 2017,False,True
707103,707106,It just seems ridiculous! If I have already paid for a return what difference does it make if I don’t get on one of the flights ?,"Hi Brooke. I'm sorry you're unhappy with the response. When you buy a return ticket, one of the conditions is you must use the (1/3)",Tue Oct 10 17:09:06 +0000 2017,False,True
850198,850197,Why is it almost £2 per bottle?,I'm sorry you remain disappointed. I've passed your comments to our Management team as feedback. ^Marie,Mon Oct 09 12:26:42 +0000 2017,False,True
1373004,1373006,Disgusted can’t do anything about the fact I’ve paid over £100 more for flights than they’re now selling for #disappointed,"Many people use our website at any one time and can be holding off flights, but then choose not too book and it can go back into (2/3)",Fri Oct 27 15:18:36 +0000 2017,False,True
3038,3037,"Disgraceful , flew Club Europe got crushed knees. Flew Tui - loads of room. Not wasting money with again","We don't like to hear this, Julian. Our seat pitch is comparable to other airlines. ^Helen",Tue Oct 31 17:06:09 +0000 2017,False,True
856815,856816,"Another point, your customer relations number has been down all week. It just says “sorry we are really busy” and hangs up! Disgrace.","frustrating having to wait, but we have to remain fair and consistent with all of our customers. (2/2) ^N",Thu Sep 28 17:08:59 +0000 2017,False,True
1504202,1504200,Sunbeds empty. Almost time to leave JNB. Competition time! What will be our mpg/person tonight on BA54? Lanyard for winner.,"It looks nice and peaceful, Captain Dave! We hope you have a good flight later. ^JulieR",Fri Nov 03 16:04:33 +0000 2017,False,True
2250557,2250556,still waiting for my phone call regarding a flight change,We will take a look and give you a call. (2/2) ^N,Fri Nov 10 16:19:39 +0000 2017,False,True
563286,563288,"*Nobody* has the right connector for that. It was London to Delhi, but I see it on other routes as well.","Hi Dave, unfortunately we don't have charging points in some of our World Traveller and World Traveller Plus cabins. This is one of them. Only the newer or refurbished aircraft have the charging points in these cabins. ^Ashleigh",Sun Dec 03 03:53:29 +0000 2017,False,True
1120190,1120189,what’s happening T 2 Marseille airport closed by armed soldier,"Hi Kevin, we've checked and there was no disruption to our flights departing from Terminal 1. ^Gareth",Mon Oct 23 16:01:09 +0000 2017,False,True
963894,963896,just checked my family in online for a holiday I’m sat 7 rows away from them !! What’s that about ? Can you help ???,"I'm afraid you'll need to speak with the check-in agents regarding your seating, as we have no access to seating once online check-in 1/2",Sat Oct 21 13:11:04 +0000 2017,False,True
2190014,2190012,"Shocking phone conversation w customer relations today who basically told us to f*** off when we asked about compensation for extra costs due to 24 hr flight delay - now asked 3 diff ppl, still have no idea!","We're very disappointed to hear this, Helen. Did our Customer Relations team provide a reason for this? ^Jane",Thu Nov 09 16:16:44 +0000 2017,False,True
577351,577350,"hi, I'm flying with you next week...am I able to use my sister's air miles to upgrade?","Hi Katie, yes you can. She will need to use her card to pay any additional increase in taxes and charges to do so. It's probably best if you ring the call centre to do this, you will both need to be present for the phone call. ^Ashleigh",Sun Dec 03 07:15:45 +0000 2017,False,True
1569646,1569645,"honourable mention to pilots and crew on ba1444 today. Ophelia, smoke and big bumps, they brought us home safe. Thanks","Thanks for your kind comments, Tom. We hope to see you on board again soon! ^Jane",Mon Oct 16 17:49:19 +0000 2017,False,True
78368,78367,I do have a case number but the response I've had so far was just 'call customer relations' which I've done multiple times already,"They'll be in touch with you as soon as they can, Davina. We're sorry it's taking longer than expected. ^Cecilia",Sat Nov 25 12:42:08 +0000 2017,False,True
2556878,2556875,Your website seems to be down or non-functional for a while.,"Have you tried a different browser, Suresh? It seems our website is working fine with Explorer. Apologies for any inconvenience caused. ^Monica",Thu Nov 16 14:24:49 +0000 2017,False,True
257967,257969,I have added the nr in the app but I don’t see my flights from yesterday,We will pass your query to the Executive Club for you and they will look into this for you. (2/2) ^N,Thu Oct 05 20:08:19 +0000 2017,False,True
1410081,1410080,our travel agent has miss spelt my husbands middle name on our booking (BA2712) will we still be able to fly?,"because of an error, I would suggest to contact your travel agent.^Jo 2/2",Sat Oct 28 12:36:27 +0000 2017,False,True
1057587,1057590,So where do I stay? I have to pick up an extra day of expenses? And lose a day of pay at work?,"We apologise for the disruption Aakash. We're able to reimburse any hotel, meal and refreshments you've purchased. Please keep receipts. 1/2",Mon Oct 23 12:27:36 +0000 2017,False,True
991401,991403,Please explain why - this fligh was full every day and you are messing with people's life. No transparancy is an incredibly bad policy.,"We understand you're disappointed that this route has been suspended, but we won't be able to provide any more information. ^Gareth 2/2",Mon Oct 23 16:36:31 +0000 2017,False,True
924836,924835,"Hey hey we are flying long haul to Singapore with you, are travel pillows allowed?",Hi Alice. This will be fine to take on board with you. It'll need to go in your hand luggage too. Hope this helps. ^Kev,Fri Oct 20 07:51:16 +0000 2017,False,True
1439227,1439226,delayed GLA-LGW. BA2953. Praise for very helpful and friendly crew keeping us informed! Shame not all passengers appreciate,"That's really nice of you, Patrick! Hope you weren't disrupted too much. ^Danny",Thu Nov 02 07:43:57 +0000 2017,False,True
2444941,2444939,Has BA added any new flights lately?,"Hi Vladimer, we have added some new routes recently. For more information please use the following link: ^Natalie",Wed Nov 15 00:39:13 +0000 2017,False,True
380002,380004,Well that doesn't make sense!,"Hi Pam, we offer hand baggage fares and fares that include a checked bag. ^Raj",Mon Oct 09 10:35:09 +0000 2017,False,True
482195,482194,thanks a lot for loosing bags and your customer care is horrendous.Been online for over 10 mins.Is that normal??🤦‍♂️🤦‍♀️,We're sorry to hear your bags have been delayed. We're working hard to get them to you as soon as possible. Please keep checking online for updates. ^Jane,Fri Dec 01 09:33:24 +0000 2017,False,True
75315,75314,what is the point of priority boarding if you are only first on... And thus last off... A bloody bus....,Hi. Thanks for your feedback about this. We'll certainly pass on your comments to our Customer Experience team. ^Kev,Thu Nov 30 09:38:25 +0000 2017,False,True
2397854,2397852,Hi there. I have checked in online for a flight tomorrow and have been to able to print my girlfriends boarding pass however I am unable to print my pass as it says 'Boarding pass print not available'.,"Hi Neal, it seems like you've been selected randomly for extra security checks. It won't be an issue but you'll need to collect your boarding pass at the check-in desks. ^Chris",Tue Nov 14 11:38:39 +0000 2017,False,True
1084720,1084719,Thanks again for the ride back home BA217. Excellent crew.,Thank you Jonathan. That's always good to hear. We're glad to hear you had a good flight. ^Jools,Sat Oct 14 17:27:28 +0000 2017,False,True
271674,271675,Can I expect a call any time soon? Flight was over a month ago now.,"Hi Edward, we understand your frustration. We'll be in touch shortly with a response. ^Chris",Wed Nov 08 17:10:29 +0000 2017,False,True
1749055,1749054,was wondering if you could help with a query I have in regards to an upcoming flight ????,"If you booked through a travel agent, please also confirm your passport number and the expiry date. ^Cec 2/2",Tue Nov 07 15:17:44 +0000 2017,False,True
2617707,2617706,is the executive club site down. No links working so I can print off my boarding pass??,"We have been experiencing some intermittent problems, Louise. We're working to have this resolved as soon as possible. We appreciate your patience. ^Charlotte",Fri Nov 17 13:07:57 +0000 2017,False,True
45872,45871,"Next few days, Taunton, London, Taunton, Castle Cary, Taunton, Bath, Taunton, Acton, Heathrow, Chicago!","You have a busy few days ahead, Philip! We hope you have a great trip! ^Jane",Wed Nov 01 13:20:15 +0000 2017,False,True
1585750,1585749,didn’t appreciate being told “business class is upstairs” at the 1st class lounge at Heathrow when travelling 1st class.,Hi. I'm sincerely sorry to hear this and please accept my apologies too. I do hope you had a wonderful flight. ^Kev,Sat Nov 04 13:07:06 +0000 2017,False,True
2503135,2503134,"Ba81 said we would be leaving at 6pm, still sat here. Not boarded, no Information as to why. #neverflyingBAagain. Should have gone with",I'm sorry you weren't kept updated about the extended delay to your flight. I hope our cabin crew were able to explain the reason for you. I hope the 4 hour arrival delay won't be too inconvenient for you. ^Hel,Wed Nov 15 18:00:44 +0000 2017,False,True
1727544,1727546,"It's Momondo, a price comparison site. Could you offer any better quotes or is what's on your website the best price ?",Hi Corey. We can only offer the prices you see online on our website. ^Monica,Tue Nov 07 09:47:47 +0000 2017,False,True
1626888,1626889,trying to pay for an upgrade online but won’t go through. Can you help,"booking reference, email address, postal address, and details of the flight you wish to upgrade. One of the team will",Tue Oct 17 03:34:53 +0000 2017,False,True
1386977,1386979,Thaaank you! Didn‘t work 😕 Do we have to be earlier then at the airport. I already reserved some seats a while ago.,"You won't have to go any earlier, Melli. If we can help you with anything else, please let us know. ^JulieR",Sun Oct 29 12:21:57 +0000 2017,False,True
638576,638577,I have a tkt for a flt 2moro fm BHD-LHR AT 0645 which allows me to change the time of flight on the same day if there is1/3,"Could we give you a call please, Ryan? We'll need your booking ref, full name, email and contact number. Could you also let us know the 1/2",Wed Oct 04 23:40:33 +0000 2017,False,True
2607589,2607588,is there any update on the arrival of domestic Manchester bags at T5. Been waiting an hour. Thx,"Sorry for the late reply, Claire. We hope you weren't waiting too much longer. ^Jane",Tue Nov 21 08:30:35 +0000 2017,False,True
332139,332138,"Hello, is the LHR- YYC route operated by a Dreamliner? Flight no BA103? Thanks.","It is one of the aircraft that operate that specific route, Clare. When are you due to travel? ^Lisa",Sat Oct 07 16:44:11 +0000 2017,False,True
2563755,2563753,"Um, how? Are we taking the scenic route? Not sure I understand how it can take off on time but take almost 3 hours instead of about 2. fishy...","Hi there. If there’re restrictions of traffic in place, the delay must be due to these restrictions at Heathrow (for landing). As per our information, that flight departed at 18.30 and the arrival is estimated at 19.54. Apologies for any inconvenience caused. ^Monica",Thu Nov 16 16:42:59 +0000 2017,False,True
1187374,1187372,Hey is there a contact number or email for lost property? Looks like my Alta was misplaced on my flight earlier :(,...you land in. You can find their contact details here: 2/2 ^Lolly,Tue Oct 24 17:34:22 +0000 2017,False,True
1571934,1571933,- Bermuda. Lost case on outbound and now downgraded me on the way back. Apparently my business does not matter to you.....,We're sorry you've had a disappointing experience both outbound and return. Have you since received your baggage? ^Teresa,Fri Nov 03 23:16:35 +0000 2017,False,True
367110,367108,I don't need help rebooking I have had to book the flight the day before take a half day off work and pay for a hotel,"Hi Dougie, please be assured we do all we can to avoid any disruption for our passengers. ^L",Sun Oct 08 19:11:47 +0000 2017,False,True
2532608,2532607,Thanks staff at GLA for working magic &amp; getting us on a new flight after 3 hour stationary traffic made us miss ours,"Hi Samuel, that's great news. Hope you had an enjoyable flight! ^Amy",Sun Oct 29 21:05:09 +0000 2017,False,True
320494,320493,Bugger. have oversold my flight. May not fly to Singapore tonight at all. Told to come back at 2030. #fingerscrossed,"We're hopeful you got to travel on your flight to Singapore since we've not heard otherwise, Paul. ^Steph",Fri Oct 06 18:45:13 +0000 2017,False,True
914966,914967,"EVERYTIME I choose a seat it changes though, unless I'm in club Europe, which I no longer bother with","Hi, please accept our apologies that this keeps happening to you. We'll do our best to avoid it occurring again but cannot guarantee it. ^L",Sat Oct 21 11:55:21 +0000 2017,False,True
422571,422570,can you please tell me if flights will be available from Montpellier–Méditerranée Airport (MPL) to London in May 2018?,"Hi Linda, unfortunately, we don't have any plans to run this route in May at the moment. ^Sam",Tue Oct 10 07:45:14 +0000 2017,False,True
1730892,1730893,So there's no way to do it via phone or online with you or ? What about at the airport,"Hi Tom, they can check for upgrades at the airport for you. Please be advised they can't use Executive Club Avios at the airport. ^Marie",Tue Nov 07 11:47:36 +0000 2017,False,True
279092,279090,customer service is more than questionable on boarding for Palma 6.55 2day from my view #mannerscostnothing,"I’m sorry to hear this, Terence. Can you can provide us with a little more detail so we can feed back your comments. ^DR",Fri Oct 06 05:36:42 +0000 2017,False,True
1572326,1572325,Me and the Lovely on our way to Kingston 🇯🇲 A 16th b’day present from . business Class Baybeeee!!!,"We hope you have a fab time, and happy birthday, Talia! ^Cec",Mon Oct 23 11:02:11 +0000 2017,False,True
1280876,1280875,"Am I weird for looking forward to 7 hours on a ✈️ .... movies, reading and perfect service? #playingcatchup #NYC","Not at all, Adam! If this is weird, then we love weird and can't wait to welcome you! Just relax! ^Danielle",Thu Oct 26 13:11:39 +0000 2017,False,True
1567725,1567726,am flying from T4 with air Malta but am ba silver card holder. Which lounge can I use?,"Sorry for the late reply, Tom. Air Malta is not part of One World, so I’m afraid you cannot access 1/2",Sat Nov 04 09:06:12 +0000 2017,False,True
974997,974995,Sorry it's not working.,"We can only suggest that you keep trying, Alex. We're unable to offer any other means of checking in. It's either online or at the airport.",Wed Oct 11 13:29:03 +0000 2017,False,True
1030859,1030858,"Hi there, I am trying to work out why one of my flights is appearing as red when I manage my bookings? Shld I be concerned?",in touch with an update as soon as possible to assist you further. 3/3 ^L,Sat Oct 14 11:14:24 +0000 2017,False,True
812988,812986,Just managed to book a Award flight for tomorrow to - I love how easy it is to use the website. 👍🍽🥂✈️🍱👗👠👜,Exciting stuff! May I presume you shall be doing a spot of shopping? ^Lisa,Sun Oct 08 16:31:26 +0000 2017,False,True
367121,367123,I’m giving you feedback about how you need to improve your website,"Thanks for the feedback, Kano. I've passed it to our Web team to look at. ^Marie",Mon Oct 09 06:01:23 +0000 2017,False,True
921737,921736,Looking forward to a bit of time T5 before a week in Ohio #GearExpo,"We hope you have a great flight, Mark. Have fun at the GearExpo. ^Sarah",Sat Oct 21 05:43:53 +0000 2017,False,True
318497,318499,They were 4657 and 4656 - IAD and Heathrow,"Thanks, Suzanne. We'll pass your comments back to our Catering team. ^Linda",Sat Oct 07 14:59:46 +0000 2017,False,True
796783,796781,hellooooo 👋👋. I’m flying to Pisa tomorrow from and travelling Club. EXCITED! Can I use premium security?,"Also, access to our comfortable departures lounge. We hope you have an amazing experience and a fab time in Pisa! 2/2 ^Liz",Thu Oct 12 12:52:52 +0000 2017,False,True
2760090,2760089,"Is it required to get a transit visa if we have a layover in London? Bluru - Canada , layover : London for 4.5 hours",We're unable to give advice on visa issues Kiran. Please use this link for assistance. ^Oliver,Tue Oct 31 12:08:27 +0000 2017,False,True
1054417,1054416,Heading to Florence for a week of tennis in the clay with 16 Scottish players.......with,"Hi, thanks for sharing! We hope you all had a great time on board and have a fantastic week of tennis! ^L",Sat Oct 14 14:28:07 +0000 2017,False,True
2582876,2582875,think your website is down..... Start paying your IT team,"We're sorry about this, Scott. Our ICT team are working to fix this issue as quickly as possible. Are you trying to make a booking or access your account? ^DaniH",Thu Nov 16 19:49:52 +0000 2017,False,True
318335,318333,It was great x,"Hi Joanne, we look forward to welcoming you onboard in the near future. ^Tom",Sat Oct 07 00:01:25 +0000 2017,False,True
234423,234421,Booked holiday using my British Airways AMEX Card and got hit by £40 charge for the privilege! Poor show BA,"Hi Jimmy, this is a charge levied by the card issuer. ^Linda",Thu Oct 05 11:32:06 +0000 2017,False,True
2793993,2793992,"T5 arr lounge not good this AM. Wait for sausages, then eggs, all cold. Sorry guys not a good show this morning 😣","Ah, Tony! This is disappointing to hear. We hope you were able to get something hot. We'll pass on your comments to the Lounge Manager so this can be fed back. ^JulieR",Tue Nov 21 17:26:18 +0000 2017,False,True
253582,253583,Still no news from BA. Last update on the website is at 13:30 yesterday. Hiring bikes now but would still like my bike back.,"Hi, please accept our apologies for the delay with your bike. We'll have it back with you as soon as possible. ^L",Fri Oct 06 19:43:11 +0000 2017,False,True
531454,531452,. I quote one of your BA0441 flight attendants while I try to find overhead locker space: ‘you will have to find a space as you have an overwing exit seat’. Good customer service would be: ‘let me help you find space’. #basics,This is disappointing to hear. Can you let us know which date you travelled so we can feed this back? ^Teresa,Fri Dec 01 18:47:55 +0000 2017,False,True
2683208,2683207,great views of London coming in on BA993 from Berlin just now.#flying #london #Views,"Thanks for sharing those cool pics, Ian. We hope you had a great flight. ^Cody",Sun Nov 19 13:52:28 +0000 2017,False,True
631168,631166,Hi! My flight from Glasgow to Heathrow has been delayed and i have a connection flight from Heathrow to CDG! Am I gonna miss it? Can you help me because I cannot miss that flight. Thank you,"Hi Julie, I'm sorry to hear about the delay. I hope this wasn't too much of an inconvenience. ^Tom",Wed Nov 22 13:55:13 +0000 2017,False,True
2773490,2773492,"Was going to, couldn't find an XXL though😜","That's a shame, Charles. Fingers crossed you'll come across another one! ^Alex",Mon Nov 27 03:47:07 +0000 2017,False,True
2103949,2103950,"If I go into my Executive Club account and open ""purchase avios"" -&gt; ""treat yourself"" -&gt; it just leads me to my Executive Club front page where I can hit ""purchase avios"" again, it's a never-ending circle... How do I actually purchase avios?","Hi there, I'm sorry to hear this. I will pass this onto our Executive Club team who can look into this for you. Can you please direct 1/2",Wed Nov 08 10:13:51 +0000 2017,False,True
2385899,2385898,Never had such entertaining security instructions. Thanks for this amazing video. #mustsee,"We're pleased you liked it, Heiner. We've had great feedback about it. ^Gill",Fri Oct 20 07:20:32 +0000 2017,False,True
2143040,2143038,"I’ve written to you twice now, the last time 6 weeks ago and I’ve heard nothing back. Disgraceful.",Hi Louisa. We're sorry that you've not heard back. Our Customer Relations team will respond to you as soon as possible. ^Natalie,Wed Nov 08 21:13:26 +0000 2017,False,True
2538083,2538081,"Oh hi - I’m a silver card holder, im flying club to Iceland, there’s no lounge on the way back. Can I take 2 guests into the lounge today to make up for it?","Hi David, unfortunately you won't be able to take in additional guests. You could check with the Saga lounge if your departing Keflavik International Airport. ^Raj",Thu Nov 16 08:35:35 +0000 2017,False,True
2250545,2250548,I was a domestic flight so no security issues so why can’t it be sent directly from the aircraft to the lost property section which in 25 meters as the crow flys from where we disembarked. I’m flying back now so a wasted day as NO presentation. My fault but this new system is .,"We're sorry this has caused you problems today, Craig. Unfortunately it's not always as simple as sending the item to lost property. It 1/2",Fri Nov 10 20:36:05 +0000 2017,False,True
1992468,1992467,❤️ nothing more than sitting on Heathrow tarmac for 40mins when your comin from or tryin 2 get back 2 Glasgow #TravelGoals,Hi Craig. I do hope you're not delayed too much longer and please accept my sincere apologies for the inconvenience this has caused. ^Kev,Fri Nov 03 08:10:58 +0000 2017,False,True
779623,779622,is it your inability to handle and serve your customers that you need to involve a third party?,"I’m sorry you remain unhappy with our decision, Rajat, but our position will not change. Your comments have been fed back. ^Davina",Thu Oct 12 03:52:43 +0000 2017,False,True
1333864,1333863,Congratulations for making the free Coke cans even smaller. Hamsters will love it! 150ml,"From the image you've sent us, Eddie. They are the standard complimentary size. ^Linda",Fri Oct 27 09:24:39 +0000 2017,False,True
1119776,1119777,Was it because it was actually too easy to spend avois with the map function??,"That's certainly not the case, Neil! We encourage our Executive Club members to spend their hard earned Avios. ^1/2",Mon Oct 23 15:58:56 +0000 2017,False,True
2506539,2506541,Wanted to say a big thank you to Steve the cabin manager who sorted it straight away. Legend!,"Go Steve! Thanks so much for that, Samantha. I'm really glad to hear it all worked out in the end. ^Kimbers",Wed Nov 15 21:27:56 +0000 2017,False,True
241785,241787,"Thanks Tom. It will be convenient if you can call at around 2200 hrs(ie.15:00 GMT). Of course, I would like you Email to me at all time.","Hi Alan, I called several times including 15.00 GMT. Is there another number or a better time we can contact you? Thanks. ^Raj",Sun Oct 08 13:14:35 +0000 2017,False,True
674034,674035,"I'll try next time. If you get this question more often, please consider making this selection more fool proof","Thanks for your comments, Christoph. We'll be sure to feed them back. ^Paul",Thu Nov 23 18:14:50 +0000 2017,False,True
2115389,2115388,I fly today from Belfast through London and Moscow with British Airways and Aeroflot. How can I find out whether my flights are connecting or separate? Do I need to check in london again or not? (Arriving and departing different terminals in Heathrow),"Hi Anna, it would depend if they are all on the same booking. ^Tom",Wed Nov 08 11:48:51 +0000 2017,False,True
755903,755904,Made a hotel reservation through BA in April which I have paid for but it does not appear in 'My Bookings' how can I check it is all okay ?,"Hi Robin, if your booking is a BA Holiday booking please contact our BA Holiday team 1/2",Wed Oct 11 16:21:34 +0000 2017,False,True
2686340,2686342,Trying to get an update on case number 17169609,"Hi Kirsty, our Customer Relations team will be in touch with you very shortly. They're taking calls between 1 and 5pm, but the cases are still worked on throughout the day. ^Kimbers",Sun Nov 19 21:10:01 +0000 2017,False,True
1694699,1694697,Seats 1K &amp; 2K on 246 GRU-LHR overnight 🥂 cheers!,"Cheers, David! You both look like you're enjoying First. Have a great flight. ^Lindy",Mon Nov 06 18:47:11 +0000 2017,False,True
2397844,2397845,"So you are telling me you surveyed eco Passengers and the majority said they didn't want a free drink or snack, they would prefer to pay over inflated prices for MS food. I don't buy it, how much was knocked off the ticket price?","Feedback highlighted dissatisfaction with our previous catering offering. We've taken a new approach to airline catering and we're working with the perfect partner, Richard. ^Cecilia",Tue Nov 28 08:05:56 +0000 2017,False,True
2495007,2495006,"Hi i'm 15 and live in London 10 minutes away from Heathrow, I wanted to ask do you do work experience at the moment?","Thanks for your message. We do offer these opportunities. Take a look here, ^SR",Sun Oct 29 15:09:51 +0000 2017,False,True
2884357,2884359,"Yes, we,re trapped in Dublin til tomorrow after missed connection due to late BA arrival yesterday. Bags confirmed arrived Dublin. Can't be located here.","Have they provided you with a WorldTracer ref, Katherine? If so, this is the best way of tracing baggage. Please keep your receipts for any essentials you purchase while you're without your baggage. ^Cecilia",Tue Nov 28 12:47:53 +0000 2017,False,True
2744927,2744926,"In the 60s, we made our second-class citizens sit in the back of the bus. Today we make them sit in the back of the plane. #CapitalistPatriarchy is modern day Jim Crow.","This method has been used by airlines around the world for a number of years, including by our partners, American Airlines, Iberia and Qatar. ^Kieran 2/2",Mon Nov 20 14:53:20 +0000 2017,False,True
1356705,1356706,"Seems in realistic given Heathrow night flight restrictions, how will that work?","While we usually can't land after 23:30, we have been given special dispensation called night jet ban movement. 1/2",Fri Oct 27 18:58:21 +0000 2017,False,True
576101,576100,flight BA0274 LAS-LHR. Is that the oldest aircraft you have?! You should be flying these for free or award extra tier points and miles for making your customers fly in these. It is 2017 not 1969.,"We'll be sure to feed this back, Izabella. We do hope that you had a pleasant flight. ^David",Sun Dec 03 04:55:25 +0000 2017,False,True
1843065,1843067,My honest feedback is that: 1. 20 minutes is far too much time just for a survey. 2. You get a lot of honest feedback on twitter.,"We're sorry you're unhappy with the time it takes to complete our surveys, Gary. As Gareth mentioned they are completely optional. ^Beth",Wed Oct 18 06:51:11 +0000 2017,False,True
2054751,2054754,"hello I am currently waiting on delayed flight BA1333, with a connection to BA31 at Heathrow. Will there be any issues?","We're sorry your flight has been delayed, Sean. We can see this is due to rotational reasons, as the previous sector was delayed due to 1/3",Thu Oct 05 13:28:28 +0000 2017,False,True
2148878,2148877,"1/2 hi, my suitcase didn’t make it back to the UK yesterday. I was told it would be delivered today (it hasn’t) now told","Apologies your bag didn't travel with you from New York, Chris. I'm glad we're keeping you updated on the process of reuniting you. ^Hel",Wed Nov 08 20:03:37 +0000 2017,False,True
2731032,2731031,"Just thought I traveled back in time thanks to those hairdryers in the South Galleries at T5, which we always had to use after swimming lessions in school. Please think of replacing them with some femal friendly versions ;)",They don't sound great. I'll certainly feedback your comments to our Customer Experience team. ^Gill,Mon Nov 20 11:31:17 +0000 2017,False,True
807530,807533,Thanks for your help 🇬🇧✈️,"Hi Kirsty. Travel agents buy flights in bulk. They can then offer these at a reduced rate. Make sure you check the terms and conditions, 1/2",Fri Oct 13 08:41:47 +0000 2017,False,True
922939,922938,"Flight dep time changed approx 6 times ranging 00.37 to 21.15. Now 23.04 on screens at airport. I really like BA, but not exactly #BAmagic.",has now departed. Please accept our apologies for any inconvenience caused. 2/2 ^David S,Tue Oct 10 18:10:49 +0000 2017,False,True
2194894,2194893,THANK u for literally refunding me my money to a debit card that was cancelled 3 months ago which is attached to a bank account that closed two months ago. THIS ISN'T WHAT I ASKED FOR.,processes to pass on the refund to your current account. Have you checked with them? ^JL 2/2,Thu Nov 09 16:36:21 +0000 2017,False,True
2600144,2600146,"Screwed over passengers tonight by not notifying those who paid for seats that an aircraft change ended up moving people from the aisle &amp; window of a 2 person row to a 4 person row IN THE MIDDLE. I’m flying with my grandma with mobility issues, this is not OK!","Hi Katie, we appreciate your frustration and can only apologise for any inconvenience this has caused. However, we may need to change reserved seats, even after you have boarded the aircraft. Although we will do all possible 1/2",Fri Nov 17 00:46:42 +0000 2017,False,True
2473210,2473208,pre-flight champagne and finger sandwiches in the First lounge at LHR @ British…,They look lovely! Enjoy your flight. Are you going anywhere nice? ^Karen,Wed Nov 15 12:16:04 +0000 2017,False,True
1647090,1647089,need your help! Left my guide book on flight BA2203 to Cancun! Any chance of getting it back? Please help!,"Hi Babs, any items left on board will be handed in to the arrival airport. You can contact Cancun lost property on (52) 998 886 0739. We hope you're reunited very soon. ^Natalie",Sun Nov 26 03:24:57 +0000 2017,False,True
744583,744582,you really have no customer service. Missed flight due to bad weather. You canceled my return sector as well. #dontbookBA,"your full name, booking reference and email address for security purposes. Thanks. 2/2 ^JR",Fri Oct 06 19:49:17 +0000 2017,False,True
470646,470644,". are we still flying in the 1980s? Expensive ticket, knackered aircraft interior.","Hi Chris, we're sorry you're disappointed. Please can you confirm which flight you're travelling on so we can pass your comments on. ^Jane",Fri Dec 01 03:27:30 +0000 2017,False,True
1826109,1826107,Hi Guys! Are my flights fine from Seattle (tonight) and on to NCL (tomorrow) OK with the storm?? JC,"Hi Jamie, you will contacted directly if your flight will be disrupted by the storm. Please let us know if you need any assistance. ^L",Mon Oct 16 16:03:23 +0000 2017,False,True
1663717,1663715,I need to get in touch with the CDM office ASAP I’m arriving close to departure time of flight BA0242 due to traffic Thanks,Apologies for our delayed response. We hope you were able to make your flight. ^Alex,Mon Nov 06 01:37:04 +0000 2017,False,True
318965,318966,"Proper useless link. Could not be less relevant if it was a cat meme. Thanks for trying and all, but in this case, absolutely zero help!",We're sorry that the link doesn't cover the issue. It is a passenger's responsibility to ensure they have the correct documents. We 1/2,Sat Oct 07 06:07:28 +0000 2017,False,True
606047,606046,"#FlyBA Hi, 1. when is wireless onboard coming? 2. if service equals that of budget airlines, cost should match too. Thanks","Thanks for your question to Alex. 90 percent of our fleet will have Wi-Fi by 2019, with our short-haul aircraft receiving 1/3",Wed Apr 05 16:31:44 +0000 2017,False,True
2110421,2110419,"I would love your help with this codeshare thing: we are booked on AA6179 LAX-LHR 10 Jan 2018, AA PNR: ZTUVPA. AA and BA tell me I cannot book seats until 24hrs before. We are a family of 4 travelling - is there something you can do?",depending on if the booking was made directly with us. ^Jamie 2/2,Wed Nov 08 13:03:47 +0000 2017,False,True
391793,391791,great service (best in a long time unfortunately) in JNB today from Atou Mig getting us on an earlier flight. Superstar,"Thanks for letting us know, Jan. We appreciate your kind words. ^SR",Mon Oct 09 14:36:03 +0000 2017,False,True
2019724,2019722,Time to pack and checkout. #TimeToGoHome. 🛫 ➡️ 🛬 via (+ a day to kill in old Frisco.),Hi Michael. Apologies for the late reply. We're looking forward to welcoming you on board. I hope you enjoy your last day in SFO. ^N,Sat Nov 04 16:48:00 +0000 2017,False,True
2834566,2834565,Lot’s of us experiencing delayed flights in South Africa these days. Whats going on?,"We're sorry to hear your flight's delayed, Ian. Please follow this link to view Comair's contact details: We'd recommend speaking with them for more information. ^David",Mon Nov 27 11:57:34 +0000 2017,False,True
1036162,1036161,we enjoyed meeting the identical twin brothers stewards for 17 years. Mumbai to London today! #whocantellthemapart,"Sounds intriguing, Nina. How lucky they get to work together too. ^SR",Thu Oct 12 18:15:08 +0000 2017,False,True
1979871,1979870,"Could I get a business or first class flight to Dallas with 116,696.00 avoid points","Hi Jacqui, you should have enough Avios to purchase a return Club ticket from the UK in Club World. You can check availability by 1/2",Tue Oct 31 13:47:37 +0000 2017,False,True
922233,922234,"having trouble logging into my account as well as the Manage My Booking ending up in an ""Error""???","Hi Matthew, sorry to hear you’re having problem with our website. Our IT team are currently working hard to rectify this issue. 1/2",Tue Oct 10 17:32:24 +0000 2017,False,True
469828,469827,"Well, after speaking to regarding THEIR cancelled flight and them telling me to go ba k to my travel agent to sort out, my travel agent said it was not them that cancelled the flight and they have no say in the matter. trying to pass the buck.","Hi Mike. If the cancellation has been done prior to the outbound travel commencing and you have an travel agent booking, then they have to re-book you. We're unable to touch agency bookings at the pre-travel stage. ^Neil",Wed Nov 29 23:48:39 +0000 2017,False,True
1037293,1037292,Heading out on flight BA0099 to Toronto #BA #BritishAirways #Travel #AirTravel,This is a fabulous picture and I'd hope you have it in a frame! ^Linds,Sun Oct 22 15:45:37 +0000 2017,False,True
1108968,1108967,"OFI8C9, BA 278; delayed &gt;3 hours, 1hr 45 mins on phone with BA trying to find options and sort connecting Geneva flight...","I’m sorry your flight is delayed, Marc. If you make your way to the airport, they’ll be able to look at rebooking options for you. ^Davina",Sun Oct 15 09:23:44 +0000 2017,False,True
2161179,2161180,whilst checking in online I realise you have to book a meal for kids separately but I’m too late. We fly at 15:50 from LHR and really need kids meals as my 2 and 4 year olds won’t eat the normal food. Please help,"Ooh no! Unfortunately, it's too late to add special meals now, Paul. Are you able to take something with you? 1/2",Thu Nov 09 07:13:00 +0000 2017,False,True
1771905,1771903,The new design of is great but it is beyond me why is there no way to save my passenger info and have to re-enter it #UX,"Hi Lilyana, the only way is through the Executive Club. If you are not already a member, join and save your details! ^Jools",Tue Oct 17 14:30:23 +0000 2017,False,True
709167,709170,"It hasn't, it's still on the tarmac, what's going on?",Hi Matthew. We're really sorry for the hold up. There was French Air Traffic Control strikes that affected airlines flying through (1/2),Tue Oct 10 20:59:14 +0000 2017,False,True
989461,989465,The agent said you want to charge me more money so can you explain,"Hi there, we are adhering to the guidelines provided by the Foreign and Commonwealth Office for our flights to Antigua. Since we don't 1/2",Sat Oct 14 11:23:57 +0000 2017,False,True
2117536,2117538,"Dear, one question... have some customer service phone number in Chile?","Hi Peter, you will need to call your local office in Chile. If you go onto our website you can change the country to Chile 1/2",Wed Nov 08 12:22:55 +0000 2017,False,True
2728812,2728814,"BA should be working to add perks and enhancements to compete with other global airlines, not cut them away and then reinstate them for a fee. This, like M &amp; S meals, lack of WiFi, ancient fleet, are destroying the BA brand.","We’re sorry to hear that Ghanem, we’ll make sure to pass on your comments as feedback. ^Kieran",Mon Nov 20 19:46:52 +0000 2017,False,True
1242987,1242986,hi do u have a departure gate for 1496 to Glasgow yet thanks in advance,Hi John. We apologise for the late reply and hope you've had a pleasant journey. ^Oliver,Wed Oct 25 19:28:37 +0000 2017,False,True
1369215,1369213,I seem to have been credited the wrong number of Avios and tier points for a recent flight (too few). What’s the best way to get this fixed? Thank you,"Let us send your query to our Executive Club, Philip. They'll get this looked into, and get back to you directly. Please can you confirm the booking ref along with your Exec number, email, full address with postcode, dob and contact number? Many thanks. ^Lisa",Sat Nov 25 18:46:05 +0000 2017,False,True
1939089,1939088,"BA32 HKG to LHR, 19th October. My 45th Birthday on the 20th October. Woke up to a hand made card from the cabin crew 😊","Wow! We don't do that for everyone you know! Happy belated 45th Birthday, Clyde. By the way, you don't look a day over 44! ^Marie",Fri Oct 27 20:17:18 +0000 2017,False,True
1900185,1900184,Disappointed that both pizza meal options you have on-board have pesto in. Not great when you're allergic to it!!,We're sorry your disappointed Zoe. I can pass this to our catering manger. We hope they'll be another alternative meal option soon. ^Oliver,Mon Oct 23 13:01:19 +0000 2017,False,True
884193,884195,"I was able to finally get onto the website; however, prices were in a different currency than my home currency. I will just wait to check-in","Hi Nina, were you trying to purchase extra baggage? This needs to be done before going through the online check-in process. ^Sarah",Fri Oct 20 22:51:19 +0000 2017,False,True
2814831,2814828,"If I'm Gold and my husband is Silver, and we're flying long haul on the same PNR (which I paid for), when the new boarding by group comes in will he be able to board with me, or will I have to now wait to board with him?","Hi Simon, as long as you're on the same booking, your husband can board with you. ^Beth S.",Sun Nov 26 19:43:00 +0000 2017,False,True
232236,232237,When your T5 staff are too busy chatting to each other to inform you that your bag will be transferred automatically 1/2,"This is concerning to hear, Nicola. Could you provide us with your flight details and we can feed 1/2",Thu Oct 05 08:36:59 +0000 2017,False,True
2627353,2627352,Chinese people with Finnish residence permit，could transmit from London without transit visa by British Airways?,"Hi. We're unable to offer you guidance on entry requirements here. We would recommend you try this link, click on the Visa option and the IATA page will confirm if you need a visa or not: ^Natalie",Fri Nov 17 14:52:13 +0000 2017,False,True
1235833,1235835,There's no Club Europe lounge access at Seville? But access IS available for Veuling and Iberia. Really??,We're sorry you're unhappy about having no lounge access as a British Airways Executive Club member. We know this can be a comfortable 1/2,Wed Oct 25 16:44:07 +0000 2017,False,True
2739132,2739130,I prefer flying to easyjet because I feel they treat you better... why are they (now) trying to emulate easyjet...? 😡,We'll certainly feed back your comments. We are introducing new boarding procedures to speed up the process and make it simpler for customers to understand. ^Gill,Mon Nov 20 13:51:36 +0000 2017,False,True
1948801,1948803,i was told by the lass at check in that the flight was over sold so it is not an issue of me not picking a specific seat,figures wrong on the day you were travelling. We're sorry for the inconvenience caused. 2/2 ^Linda,Mon Oct 30 23:02:04 +0000 2017,False,True
1905296,1905295,Once again abysmal at Heathrow. Why bother #toflytowreck,"We're very sorry to hear this, Martin. What has exactly happend? ^Karen",Sat Nov 25 14:01:58 +0000 2017,False,True
690704,690705,"Hi, me again. Following your spectacular 90 minute delay on the way out. We now have a 150 minute delay on the way back. Absolutely shocking","Hi Alex, we're very sorry both of your flights have been disrupted. We understand this must be very frustrating for you. Please 1/2",Fri Nov 03 15:31:41 +0000 2017,False,True
2576538,2576537,what's happening with BA8735 from Frankfurt? Passengers on board that shouldn't be and flight stopped!?Security lapse?,Hi Mick. We apologise for the issue. We do need to investigate exactly what happened on the BA8735 today. The Flight has now departed safely. ^Oliver,Thu Nov 16 18:21:11 +0000 2017,False,True
1702428,1702426,"Hi, do you offer vegan options in your Gatwick South Terminal lounge?","Hi Clara, we do our best to provide for all dietary requirements in the lounge. We look forward to welcoming you on board with us. ^L",Mon Oct 16 16:44:52 +0000 2017,False,True
1014069,1014067,Lyon. You recently moved to T1A. What is the situation re lounges? Website has 4 year old out of date info.,"Hi Steve, there is a lounge at the airport, however it is not BA branded. If you have any other questions please let us know. ^Kieran",Sat Oct 21 21:37:02 +0000 2017,False,True
422557,422556,"Of the 11 flights I took over a 2 wk period recently, was my fave airline. I'm down for Spain! #travelblogger #onebusybee","Great to hear that, Bernadette. 11 flights in 2 weeks! You’re certainly a ‘busy bee’. ^Monica",Tue Oct 10 07:26:56 +0000 2017,False,True
65280,65281,Yes the car hire was booked as part of a package - so can you confirm the following.. you WILL cover the costs of hotel and car,"Hi George, if the claim is within the figures I sent, we'll reimburse you for this. ^Kimbers",Thu Nov 30 20:00:40 +0000 2017,False,True
2830969,2830970,I haven't got a few days so I guess I am looking at the train again if I am unsuccessful at booking with you.,We appreciate the inconvenience. We hope you'll choose to make a booking with us again soon.^Linda W,Mon Nov 27 13:13:56 +0000 2017,False,True
2543741,2543739,"I paid for my hold booking, but it's been about 30min and I haven't received a confirmation email. Also, after I clicked on ""pay"" it only took me to a break down of prices webpage. Does this mean the payment did not succeed?",Did you enter you payment card details? Have you checked your junk mailbox as sometimes our emails can go into them. Let us know if you dont receive a confirmation email within 24 hours and we can check the system for you. ^Sophie,Thu Nov 16 11:33:40 +0000 2017,False,True
2132722,2132721,Leaving on a jet plane... Heading for Montreal under a beautiful autumn sky,"What a lovely photograph. I hope you're wrapped up well, as it's a very cold week indeed in Montreal! ^Kimbers",Wed Nov 08 16:32:51 +0000 2017,False,True
256825,256827,"Thank you! Us cellists are very lucky to be looked after by British Airways, which is a lot more than can be said about other airlines",Hi Guy. Thanks for the lovely feedback. We're just to glad to make your journey easy and hassle free. ^N,Thu Oct 05 20:16:22 +0000 2017,False,True
2662313,2662312,Having #itchyfeet with 4wks until my next trip. Closest I am to travelling currently is wearing my #firstclass loungewear 😂,"Hi Sam, we can't wait to welcome you on board again. We're getting itchy feet too. ^David",Mon Oct 30 20:47:35 +0000 2017,False,True
741720,741718,are you ever going to respond to my email regarding compensation I'm entitled to for your delays?Appalling customer service,"We’re sorry about this Jenny, our team will be in touch as soon as possible. ^Kieran",Wed Oct 11 11:11:51 +0000 2017,False,True
319903,319905,Noooooo! Where will I find my laughs now 😭 ps: your lounge in Zurich is lovely ☺️,"We're rather partial to your sense of humour, Hilary. Even after a fix, I'm sure you'll keep us entertained with something else! Glad 1/2",Sat Oct 07 15:02:12 +0000 2017,False,True
2936101,2936100,"How embarrassing for that, at its own home airport, its customers now have access to significantly superior lounges operated not by one, but by two, of its OneWorld partners (Cathay Pacific, and Qantas).","We appreciate your comments and feedback regarding the lounge, Ayden. I will certainly pass this feedback on to London Heathrow. ^Pip",Wed Nov 29 10:47:53 +0000 2017,False,True
2066065,2066064,I left a hat on my flight to Helsinki on Friday. Any chance it was turned in to lost and found?,"Hi Dami, anything found on board is passed to airport lost property. You can find their contact info at ^BS",Sat Oct 07 22:34:35 +0000 2017,False,True
1277148,1277149,I get that. It's just your wording that is misleading.,"Which bit of the website are you referring to, Jojo? We do advise that flights start from May 2018. We'd like to pass this on as feedback.",Mon Oct 16 07:37:11 +0000 2017,False,True
1122973,1122972,"Dream flight, thanks it's good to be ""home"". #ExperienceBucharest","Hi Rayne, sorry for the late reply. We're pleased you enjoyed your flight home with us. ^Danielle.",Mon Oct 23 17:52:44 +0000 2017,False,True
1835234,1835236,I have an upcoming flight and need to speak to somebody about this.,please confirm your passport number and expiry date too. How can we help? ^Cec 2/2,Tue Oct 31 07:54:32 +0000 2017,False,True
2430656,2430658,You are missing my point. I am not disputing that it's your policy is to allow name changes. The point I'm making is that the seat has been paid for and who occupies it should make a difference to you. I'm disputing your policy.,"Our policies are frequently reviewed, and our Leadership team make changes based on feedback we receive from our passengers. We'll be sure to pass your comments on to them. ^Lindy",Wed Nov 15 06:41:56 +0000 2017,False,True
1811491,1811490,Hi having probs checking in online. Using 6 character booking ref and surname but getting an error message. Help please!,"Hi Bev, I'm very sorry for the delay in responding. It could be a system error? Did you book directly with BA? If not are you using 1/3",Sat Oct 14 16:12:28 +0000 2017,False,True
1150527,1150526,What is the difference between Premium Economy and Economy,"Hi, you can find out all about the different cabins available on board here ^L",Sun Oct 15 13:45:12 +0000 2017,False,True
297516,297514,242 Mexico City to LHR this evening. It’s v annoying!,"Thanks for letting us know, Paddy. We'll pass this on as feedback. We hope you have a pleasant flight. ^Steph",Fri Oct 06 16:38:07 +0000 2017,False,True
1590121,1590119,After the most horrific flight to MCO with my flight home tonight is ALREADY showing as delayed I’m absolutely dreading it,We're sorry to hear about your experience on you out bound flight. We hope you have a better time tonight. ^Kit,Sat Nov 04 16:36:16 +0000 2017,False,True
1932479,1932481,my gripe is about people taking on baggage that is too large to fit into containers. not about any restrictions you may have to put in place,"We appreciate your time letting us know, Steve. I've logged your concerns. ^SR",Sun Oct 29 15:33:37 +0000 2017,False,True
2721365,2721366,I understand that but when you book in advance by nine months and reserve a seat if configuration changes you should be able to change at no extra charge which is what i have always done now you want to charge extra misleading,"Hi there, you could if preferred have a full refund for your seating charge. However, as advised if the seats are more, you'll need to pay the additional cost. ^ Barbara",Tue Nov 21 06:37:30 +0000 2017,False,True
128551,128552,"I am a member of executive club on your website, i just want to book,help me",Sorry for the late reply. George. Have you managed to speak to our Sales team? I do hope they were able to help you. ^Karen,Sat Nov 25 10:26:43 +0000 2017,False,True
1460115,1460117,Fist 787 flight with .Super quiet &amp; great service w/ Amy&amp;Lucy. Chasing the sunset from Moscow #BA232#12D,"Hi Stephen. We're glad you enjoyed your maiden flight on the Boeing 787, Dreamliner. It's a smashing aircraft. It's good to hear (1/2)",Thu Nov 02 19:46:21 +0000 2017,False,True
323950,323952,Thanks so much for the speedy reply!,"You're most welcome, Mich. just shout up if you need anything else, we're here 24/7. ^Lisa",Sat Oct 07 15:08:26 +0000 2017,False,True
1525242,1525241,My friend and I had to sit on a bed bug infested plane for 7 hours with . I had to throw posessions away and I was,"Hi, Jane. I appreciate it's late, however are you free to take a call? ^Lisa",Fri Nov 03 11:28:44 +0000 2017,False,True
121727,121726,shout out to the two crew in Euro Traveller on BA2677 who basically delivered the service to the whole plane whilst the crew at the front did FA to speed it up! Poor show for national carrier. 👏 Hope you guys get a bonus.,"Hi William, we're disappointed to hear that some of the crew on your flight were unhelpful. Please rest assured this has been fed back. We'll also make sure your kind words are passed on to the two remaining crew members. ^Natalie",Thu Nov 23 22:34:47 +0000 2017,False,True
427497,427498,I went to the BA Baggage enquiry desk last thurs 12th. There is a match to my bag in Marsielle. The 2 women on the desk asked for that bag,2/2 the first available flight. We hope to have a further update for you soon. ^Linds,Mon Oct 16 12:38:09 +0000 2017,False,True
531449,531448,I am trying to get in contact about a bad experience with you guys,"Hi Nicole, this is concerning to hear. Can you tell us a bit more about your experience ? ^Tom",Fri Dec 01 21:01:49 +0000 2017,False,True
101492,101490,"Approaching the Mexican 🇲🇽 coast at dusk. The peaks give a clue to the particular challenges arriving in Mexico City, terrain and altitude. #pilotlife #avgeek #B787 #socialpilots","Great video, Mark. Thanks for sharing it with us here too! ^Kev",Thu Nov 30 17:27:21 +0000 2017,False,True
999427,999425,why is Mauritius not on your list of destinations in the information section of your website for food/entertainment ?,"Sorry about that, Jamie. Was there anything in particular you wanted to know that we could check for you? ^Kimbers",Sun Oct 22 11:25:48 +0000 2017,False,True
1782576,1782575,I haven't yet but I will now. What say you 6.40am from EDI to LGW and 7:25pm LGW to EDI? Incredible that literally every single person walked on both flights without a single ID being checked!,Hi Greg. Sorry for taking so long to get back to you. It's disappointing to hear this. We will feed back your comments about this. ^N,Tue Oct 10 20:39:18 +0000 2017,False,True
2392498,2392497,it seems you're charging for choosing seats now?? Then please explain this contradiction #RipOffBritain,"If you don't want to pay to select your seat, you can select it free of charge when online check-in opens. However, if you're travelling on a Basic ticket, your seats will be allocated for you, but if you choose to change this, you will be charged. ^Leanne",Tue Nov 14 09:22:36 +0000 2017,False,True
1816435,1816434,Why does it always take forever to deplane in EDI in the evenings?! Pilot error tonight!,"Hi Jerome, we always try to disembark passegners from our flights as swiftly as possible. We're sorry for any inconvenience caused. ^Kelly",Sun Oct 15 20:38:29 +0000 2017,False,True
989470,989471,. thank you for finally getting back to me. Outraged by the response. Have written to Mr Cruz about our experience,"We're sorry you feel this way, Victoria. We do however completely understand how frustrating the wait must be. Our Customer Relations 1/2",Thu Oct 12 09:39:10 +0000 2017,False,True
1314996,1922652,"Aware of that but even this sub-standard. My service light on 2hrs, didnt get my duty free, unhelpful crew - that's not good even in economy",We'll make sure your comments are fed back to the cabin crew on board. It's not the level of service you expect and we're sorry. ^Ashleigh,Fri Oct 27 06:09:29 +0000 2017,False,True
889,1937323,I hope you'll be starting a Scotland to Catalunya service 😍,"Thanks for your suggestion about our route network. I've passed it on, and you can see any changes at ^BS",Fri Oct 27 15:27:35 +0000 2017,False,True
671118,671116,hi how can I check my flight online. The reference is bringing up error message!,Sorry you've been unable to check your booking. Could you let us know the error message you're getting please? We'll then get this reported for you. Many thanks. ^Lisa,Wed Nov 22 19:37:05 +0000 2017,False,True
1718842,1718840,Pay premium prices for a 3.5 hour flight &amp; extra for snacks or a hot drink??? Trying to be are we? #tight,"Hi Mark, changes to our onboard catering service, would've been advised at the time of booking. ^Linda",Mon Nov 06 22:04:44 +0000 2017,False,True
2535099,2535097,"Morning. Checked in for GLA-JFK both legs for tomorrow morning. Mobile Boarding passes issued for all legs for all travellers apart from my LHR-JFK boarding pass, say’s I’ve to see someone at the airport. Any reason why, we’ve a tight connection at LHR. Thanks!","We're sorry Gary, however, they'll be able to look into this at Glasgow. They can issue a boarding pass for your JFK flight, as well. ^Raj",Thu Nov 16 07:17:58 +0000 2017,False,True
91220,91222,Hello I have messaged many times regarding my avois miles claim from the estore with no reply. Can you pls chase this up as it's been 6months and this is not acceptable. Regards Hardeep,Hi Hardeep. I'm sorry this isn't something we can chase for you. Please log into Gate 365 and follow the link to 'Missing Avios' at the bottom of the home page to view the claim form. ^Kev,Thu Nov 30 14:50:24 +0000 2017,False,True
2845924,2845923,Absolute waist of time trying to get Customer Service From BA. They don't want to know!,"Hi John, we're sorry to hear this. Is there anything we can help with? ^Alex",Mon Nov 27 16:23:59 +0000 2017,False,True
827293,827292,Great customer service this morning from ! #LastMinuteChange,Hi Simon. Thanks for kind response. We're glad we were able to help. We'll pass your thanks on to Beth. ^N,Fri Oct 13 01:24:36 +0000 2017,False,True
2109316,2109315,"I have a luggage issue, can you follow me so I can DM you.","Hi Kristopher, I'm sorry we now follow you. How can we help ? ^Tom",Wed Nov 08 03:57:39 +0000 2017,False,True
1853360,1853361,"Hi, I have two boxes that I need to transport on my flight tomorrow. Would I be able to check them as baggage?","Apologies for our late response, we've been really busy, Niks. If you've already checked in, additional baggage will need to be 1/3",Wed Oct 18 22:00:19 +0000 2017,False,True
886516,886515,How do I go about switching from executive club and taking avios pts with me?,The Executive Club team will be best placed to assist you with your query. Where do you plan to switch your account to? ^DaniH,Fri Oct 20 17:58:36 +0000 2017,False,True
746975,746978,I sent you a DM yesterday morning but no response yet. When should I expect a reply?,"Hi Tom, thanks for speaking to me today. I've started the ball rolling and will be keeping any eye on this for you. Please let me (1/2)",Wed Oct 11 07:25:28 +0000 2017,False,True
326277,326278,I have a driver waiting 2 hrs + &amp; charging me waiting time. Do I claim back from BA - I sincerely hope so. Cheaper than a lost bags claim..,"We're unable to offer compensation, as this is a consequential loss, Jo. We've passed your comments to the airport managers. ^Linda",Sat Oct 07 16:31:11 +0000 2017,False,True
2132502,2132499,"£27 for an emergency exit row on a 1.5 hr flight, what a bunch of jokers are! Even don’t charge that much!","Hi Paul, exit seats are popular. You can view our full seating policy on ^Bm",Thu Oct 19 06:38:16 +0000 2017,False,True
2412063,2412061,"Hi , if I register my flight with my lan pass member's number, could I select my seat like if I register my flight with my executive club?",Hi Pato. We're unsure what Ian pass member number is? Could you give us some more information? ^Beth,Tue Nov 14 14:47:29 +0000 2017,False,True
957914,957913,"There are many reasons to love . Today, it's all about the #biscuits.","We appreciate your support Jude, we hope you have a great flight. ^Kieran",Wed Oct 11 11:58:50 +0000 2017,False,True
492031,492030,"Amazing views of snowy Scotland from the flight this morning. Only five hours of delays on two flights this week , but the views make up for it...","Spectacular picture Gordon. We hope you weren't too inconvenienced, but thanks for sharing. ^Kit",Fri Dec 01 16:48:16 +0000 2017,False,True
2458283,2458285,Thanks. No joy in the end unfortunately.. flight cancelled. A broken 787. Overnight in Toronto it is..,"Hi Steve, we're sorry your flight got cancelled in the end. Hope you have a good night and you're on your way tomorrow. ^Lindy",Wed Nov 15 06:41:53 +0000 2017,False,True
59760,59761,"Hi,if I want to book 3 seats but only 1 with checked luggage do I need to buy 3 ‘Econ checked baggage’ fares rather than1 ?","Hi, Joe. The only way around this, would be to make a booking with hand baggage only for all 3 seats. You could then purchase an extra 1/2",Wed Nov 01 16:54:29 +0000 2017,False,True
320172,320171,There is no reference . I am looking to book flights on that day as stated above. It gives one flight and the rest unavailable,"Hi Robin, unfortunately we wouldn't be able to book through Social Media. You would need to give our Sales Team a call. ^Tom",Sat Oct 07 07:54:08 +0000 2017,False,True
1663722,1663721,Absolute waste of a day of our holiday! 6 months he has spent training for this race and you nearly ruining the lot! 2/2,"Was an explanation given as to why he couldn't have his bags delivered, Jennifer? We're very sorry for any upset caused. ^Alex",Mon Nov 06 01:32:29 +0000 2017,False,True
1458339,1458338,Back at waiting for my flight back to but stuck near the back of the plane 😔,Hope you have a great flight Yan despite the seat availability. ^Pip,Thu Nov 02 15:29:17 +0000 2017,False,True
2651628,2651627,"thank you to the member of staff at T5, section G just now for trying to sort me missing my flight and trying to get me on the next one. Although I can’t fly till tomorrow all efforts massively appreciated!","It means a lot to us hearing this from you, Nick! Thanks for sharing your lovely feedback. We'll be sure to pass it on to the staff member concerned and their manager. ^Linds",Sat Nov 18 18:33:57 +0000 2017,False,True
1541291,1541290,can you provide an update on flight BA2159 from UVF-POS today? Understand LGW—UVF is over 3 hours delayed. Thanks.,"you too badly. For future reference, you can check the latest flight info at or via our app. ^BS 2/2",Fri Nov 03 15:14:00 +0000 2017,False,True
1339957,1339956,bag delayed and then turned up broken. It's a specialist bag for kids pram. 1st stop on multi stop trip. Need new bag!,to discuss this further. Please accept our sincere apologies for the inconvenience caused. 2/2 ^Linda,Mon Oct 16 08:19:17 +0000 2017,False,True
2540929,2540931,"Hi Cody, thanks. Managed to book via a colleagues PC.","That's great to hear, Vikram. If you've any further questions, just let us know and we'll be happy to help. ^Cody",Thu Nov 16 11:24:06 +0000 2017,False,True
469807,469806,. Amazing flight to Phoenix. Do you realize how good you could be. You know what you do and you know how you do it. Please work out WHY you do it😉.,"Hi Matthew, we're pleased to hear you enjoyed your flight. Thanks very much for your feedback, we really appreciate it. ^Jane",Fri Dec 01 03:25:10 +0000 2017,False,True
674032,674030,"Thanks, can you please have your developers look into the selection issue for Firefox on Android?","You're welcome, Christoph. What issues are you experiencing on Firefox onAndroid? ^Linda",Thu Nov 23 09:21:20 +0000 2017,False,True
2338546,2338545,Which seats on BA planes euro traveller have the most leg room,"Hi Alex, the legroom tends to be the same throughout the cabin, although the exit row may offer a little more space. ^Gareth",Thu Oct 19 18:11:35 +0000 2017,False,True
1987136,1987137,Any idea when this will be fixed? Still can't book flights from #Gibraltar in 2018 😐,"Hi Emma, we don't have a timescale. Our IT team are working hard to get this resolved as quickly as possible. ^Sarah",Fri Nov 10 07:19:21 +0000 2017,False,True
740504,740505,17 hours in Amsterdam and now sat at gate D28 waiting for the return to,"How's this working out for you then, Sean? Was it a good drunken idea or not? I personally think it's amazing! ^Lisa",Thu Oct 12 11:18:18 +0000 2017,False,True
820795,820797,"well done fantastic new catering , menus and look — really enjoyed it on BA173 today with fab crew","Hi Lynden, we're so pleased you enjoyed our new menu today. We'll send your positive feedback to our Customer 1/2",Thu Oct 12 20:31:16 +0000 2017,False,True
1314995,1314994,It's a long fine since I flew econ but was shocked at poor &amp; disinterested service. I know they're busy but people still paid 4 their trips,"We appreciate your feedback, Mark. We'll make sure your comments are fed back. ^Linda",Fri Oct 27 06:37:42 +0000 2017,False,True
2148835,2148834,flying from Santiago to London on fri. Hoping for no flight cancellations/ lost luggage / schedule changes!,"I'd expect you've used your full complement of flight hitches, Aoife! Your flight looks fine right now. Have a very pleasant journey. ^Hel",Wed Nov 08 22:25:34 +0000 2017,False,True
2877173,2877171,Unexpectedly up at 4am thanks to - gonna be a long day,"We're sorry we've woken you up early, Ian. If you're flying with us today, have a great flight. If not, have a great day! ^Liz",Tue Nov 28 04:07:02 +0000 2017,False,True
1497476,1497477,"Hi, I can’t change a flight booking online and can’t get through to anyone on the phone. Flight is in 3 days. Can you help?",Hi James. I'm sorry to hear you've been unable to get through on the phone to change your booking. So we can take a look at this for 1/2,Fri Nov 03 10:00:16 +0000 2017,False,True
1945469,1945468,several emails no response calls not answered disgraceful service please contact re case id 16879862 delay compensation.,"We're sorry for the delay, Caroline. Our Customer Relations team will be in contact soon. ^Beth",Wed Oct 18 14:57:04 +0000 2017,False,True
1004857,1004860,Yes I did and they too were unhappy and embarrassed by it as it was a company policy recently introduced by BA. I think this got to stop!!,We do appreciate your frustration and will certainly forward your comments on to our Customer Experience team as feedback. 1/2,Sun Oct 22 21:23:41 +0000 2017,False,True
763183,763184,"hi My uncle was on BA208 on Oct 5th and was wondering if the plane had 2 decks. Also, does business on upper deck cost more","Hi Simon, yes the BA208 from Miami has a Club World cabin on the upperdeck. The prices are the same for Club World. However, if you 1/2",Sat Oct 07 10:13:49 +0000 2017,False,True
1881499,1881498,your jobs site is down,"Hi Chris, apologies for the delay in responding. Try deleting cookies and changing browser if you still have a problem. It seems ok! ^Jm",Sat Oct 21 11:03:10 +0000 2017,False,True
2887588,2887587,One thing with : it leaves on time #goodbye #TweeYouSoon,"We certainly try our best to, Jacob. We hope you have a great flight. ^Chris",Tue Nov 28 12:59:42 +0000 2017,False,True
2612141,2612140,trying to book flights on BA website using Safari 11.0.1 and keep getting “this page is not available“. #frustration,the number below if you're still unable to access the site. 0844 493 0787 option 2 Calls cost 7p per minute plus your phone company's access charge Daily 07:30-21:45. 2/2 ^Cody,Fri Nov 17 11:14:43 +0000 2017,False,True
1661194,1661193,Fun fact of the day: Did you know that according to #Marrakech is a capital of #Morocco? #PRFail,"We’re sorry for the error Tanya, we’ll make sure to feed this back. ^Kieran",Sun Nov 05 19:25:08 +0000 2017,False,True
138745,138747,I just can't afford to lose it at security as it's worth a lot of money.,"Hi Daphne, as long as there isn't a bottle attached to it, it should be fine. As far as I can see from the video, there aren't any wires or bits sticking out to flag up at security. Is it still in the box? ^Marie",Fri Nov 24 11:17:25 +0000 2017,False,True
2771560,2771559,By Stockholm it’s been great. Looking forward to boarding a warm flight #0779 to LHR,We'll be sure to crank up the heating for you Pete! ^Teresa,Tue Nov 21 12:02:01 +0000 2017,False,True
2472184,2472183,Our view from the business lounge.....looking forward to getting aboard that big bird now.... Rome here we come!!,"Hi Jade, we hope you enjoyed our lounge, and that you're now enjoying your flight to Rome. Have a lovely time there. ^Lindy",Wed Nov 15 09:36:44 +0000 2017,False,True
1487064,1487063,I saw someone try that on . The stewardess took the bags out and gate-checked them. Nice move by her. 👍,"Hi Richard. We understand that this is a very irritating thing to happen, but we need to be more consistent about carry-on luggage. ^N",Fri Nov 03 00:38:12 +0000 2017,False,True
2013217,2013216,Logged into my booking to pay. Can do everything apart from pay. Any ideas?? Thanks,"Hi Corrine, we're sorry about this. If you contact us using the following link: then we can take payment. ^Raj",Sun Nov 05 12:41:06 +0000 2017,False,True
1350514,1350513,what are your rules on taking vapes on planes with us? Travelling to the USA so would like to know ? 🙂,"Hi there, you can take them on board, but they can't be used. Click on the link for more info: ^Linda",Mon Oct 16 09:46:42 +0000 2017,False,True
2356417,2356414,Hey ! Thanks for the quick work reassigning my flight! (BA0018) just curious: could I know the reason for the cancellation? Thanks again!,"Hi, Enrique. We can check this for you. What date did you travel on the BA0018? ^Pip",Sun Nov 26 15:32:57 +0000 2017,False,True
1956377,1956378,not able to book additional luggage..don't want to pay a fortune at airport.. booking reference PSD5DY. Plz help,checked in. If you have you will have to pay the price at the airport. 2/2 ^Beth,Mon Oct 30 15:13:44 +0000 2017,False,True
1924852,1924851,6 minutes to check-in and get through security - love T5 on calm mornings #Heathrow,"Hi Adam, we're very happy to hear you had a smooth check in experience today. We'll pass on your feedback to the airport. ^Claire",Fri Oct 27 06:29:38 +0000 2017,False,True
2599620,2599619,"I'm intrigued. How can I buy a flight and 7 nights in a hotel in Orlando from London for £499, but a flight only return to London from Bermuda costs £1,120? #heldtoransom",number below. 0844 493 0787 option 2 Calls cost 7p per minute plus your phone company's access charge Daily 07:30-21:45. 2/2 ^Cody,Fri Nov 17 00:10:14 +0000 2017,False,True
2103910,2103909,"Hey , are you ever going to fix the ""invalid_grant"" bug on your Android app?","Hi Richard, I'm concerned to hear this. We will make sure this is reported to our I.T team. ^Tom",Wed Nov 08 11:02:00 +0000 2017,False,True
2893540,2893539,30 minutes on hold #awfullcustomerservice,"We're disappointed to hear this, Tim. Did you manage to get through? Is there anything we can assist with? ^Chris",Tue Nov 28 13:27:00 +0000 2017,False,True
1278382,1278384,I have finally managed via a different browser. I swear you &amp; are in cahoots to not let me log into both at the same time!,"We're glad to hear you managed to get this resolved, Karen. ^Lolly",Thu Oct 26 16:19:57 +0000 2017,False,True
2663458,2663456,do you have a friendly relationship with finn air lines thanks for the great information prior that you globally provided,"Hi Emmanuel, Finnair is part of the oneworld alliance along with British Airways. ^Davina",Mon Oct 30 21:46:36 +0000 2017,False,True
230427,230437,"And it's now 11 weeks with no reply . Just reply to me, no more excuses!","We appreciate your frustration, Birgitte. Please be assured a member of our Customer Relations 1/2",Wed Oct 04 22:39:12 +0000 2017,False,True
1641101,1641105,Indeed - but why won't either the app or the website bring up the Club section to allow me to choose my seat? Seems odd.,"It is a bit odd, Daniel. I've replicated the issue and I can see that the First cabin is being shown when you try to select a seat 1/4",Sun Nov 05 23:52:30 +0000 2017,False,True
1370674,1370675,"Ok so trying to check in but website says advanced information required but when i click, it won't let me add it and says it's all OK? Flight BA227 to ATL 15:55 from Heathrow.","If you continue to experience issues, we can only advise you to check in at the airport instead, Lorenzo. Please...1/2",Wed Oct 18 20:21:23 +0000 2017,False,True
933479,933477,take me home again...,"Where is home, Sion? Are you planning a trip there soon? ^Danielle.",Sat Oct 21 05:19:39 +0000 2017,False,True
2952776,2952774,are we really at a stage where you can’t even provide a sandwich on a three hour flight. #wheresmylunch also the coffee is on par with British rail pre privatisation #sortitout,Hi Oliver. I'm sorry to hear this. Did the crew run out of options before they got to your row on the flight? ^Kev,Wed Nov 29 15:39:15 +0000 2017,False,True
1384986,1384988,How long am I likely to be kept waiting? They are very straightforward claims.,"We're not able to provide a specific timescale, Laura. Our Customer Relations team are working hard to respond as soon as possible, ^Sarah",Thu Oct 19 10:30:29 +0000 2017,False,True
1122418,1122420,"They did indeed, but it didn’t improve my journey!!","It's always helpful to have this type of feedback, Jolyon. Thanks for taking the time you share this, ^Teresa",Tue Oct 24 07:37:56 +0000 2017,False,True
981676,981675,first your check-ins didn't work and then security was very slow. Come on and improve next time.,"We're sorry it took longer than expected to travel through the airport, Chris. Can you let us know which zone this was? ^DaniH",Fri Oct 13 18:38:54 +0000 2017,False,True
319571,319574,MMGV8G due to unavoidable circumstances o might not travel using this ticket that's why I needed to know what is the ticket status,"Hi Maina, I've just tried to call you but couldn't get through and wasn't given the option to leave a voicemail. 1/2",Sat Oct 07 18:55:10 +0000 2017,False,True
289956,289957,Once again BA website failure.Not even Ryanair standard now.,"We're concerned to hear this, John. Can you tell us what's happened? It would be useful if you could send some screenshots, 1/2",Sat Oct 07 15:09:38 +0000 2017,False,True
1225443,1225441,"2 mnths since my claim has bn submitted, written ovr 10 times, ws told it would be settled but its been 2 months, poor CR","booking reference, email address and contact telephone number. We can contact you for an update on your claim 2/2. ^Oliver",Wed Oct 25 13:24:53 +0000 2017,False,True
2376916,2376918,"Expedia can’t help,as they its all booked through AA even though our flight is BA! Would we be able to upgrade our seats at the airport??","Depending on the type of ticket you've purchased from your travel agent, you may be able to upgrade at the airport if there's availability. ^Leanne",Tue Nov 14 11:42:50 +0000 2017,False,True
1626882,1626883,I have been trying to make on line payment for 5 Eco tkts but your website has been failing. Is it a fault on your side?,"Apologies for our late reply, Adbool. Please tell us what web browser, mobile device or operating system you were using. Are you able 1/2",Sun Oct 15 12:47:07 +0000 2017,False,True
533165,533167,"Thank you so much. I think you need to follow us in order to send you a DM. Best, Pedro.","Hi there, we now follow you so how can we assist ? ^Tom",Sat Dec 02 11:47:16 +0000 2017,False,True
381285,381287,Still no response. It's been weeks now........,fully reviewed. Please accept our apologies for the inconvenience caused. 2/2 ^Linda,Mon Oct 09 09:04:34 +0000 2017,False,True
2498071,2498070,- very annoyed costumers! We’re stuck in Larnaca - no seats left&amp;unable to check in online due to error in ur system! 😤😤😤,"Sorry about that, Di. We're sure the guys at the airport will be able to help you out on this occasion. ^SR",Sun Oct 29 16:17:47 +0000 2017,False,True
2944704,2944702,hi guys. Can you tell me why you get free food if you fly out city but not your other airports?,Our Buy on Board catering facility is not currently on our flights operating to and from London City. ^Leanne,Wed Nov 29 13:04:53 +0000 2017,False,True
346812,346811,Polite note: please remind your crew to arrive promptly to ensure flight leaves on time (as traffic to JFK often bad) BA114,"Thanks for taking the time to send us your feedback, Reg. Please be assured I've passed it on. ^BS",Sun Oct 08 01:07:40 +0000 2017,False,True
2904134,2904135,"Ok I give up. When the above numbers is dialled, it's answered by automatic machine saying please add 6 before the number. Your contact details for Kenya clearly needs an urgent review.","So, if you add a six in front of the number, does it work? We're given the same numbers as on the website and so have no more to give you. We're sorry. ^Julie",Tue Nov 28 18:57:35 +0000 2017,False,True
2963023,2963022,"hello, I’m trying to change my seat during online checkout but first seat taken before payment completed, now app keeps cycling back to step 2/6. Is there anything I can do? Visiting E’burgh for first time since moving away &amp; would love a window view flying in :)","Hi, Miriam. Sorry you've had issues with your seating choice. If you've already checked in, you'll need to speak with staff at the airport. Sorry for any disappointment. ^Lisa",Wed Nov 29 19:39:54 +0000 2017,False,True
1986141,1986138,"It's not all bad. Disappointed my flight was overbooked but the team are amazing, very helpful esp Matt Powell","While it's disappointing to hear your flight was disrupted, we're pleased to hear our team were able to help you, Joanne. 1/2",Wed Sep 20 11:48:55 +0000 2017,False,True
1478021,1478024,"I would appreciate a phone call and a guarantee that either the same won't happen on our return via Chicago, or getting changed to a direct.",be delayed as things can happen which are outside of our control. 3/4,Tue Oct 17 23:02:08 +0000 2017,False,True
1376592,1376588,HELP PLEASE I am blocked out of booking my seats on you website for our flight tomorrow,"Hi Tom, I'm sorry you haven't been able to check in and select your seats. I'm afraid you'll need to do this at the airport on this occasion",Thu Oct 26 19:39:01 +0000 2017,False,True
655449,655448,"Homeward bound (@ BA Galleries Club Lounge South - in Hounslow, London)","Good to have you back on board, Michael. Enjoy the ride. ^SR",Thu Oct 05 09:53:31 +0000 2017,False,True
1187709,1187707,The excitement of flight,"Thanks for sharing your pic with us, Thomas. Is this your little one's first flight? ^Linda",Sat Nov 25 10:44:17 +0000 2017,False,True
2948659,2952760,I have attempted to log in too many times now I’m locked out.,"I'm afraid you'll need to follow the steps online and request a new password, James. We hope you get this sorted as soon as possible. ^Rach",Wed Nov 29 16:48:27 +0000 2017,False,True
607128,607129,Another superb display of appalling customer service from this evening. Well done guys!,"We're sorry to hear this, Annie. Is there anything we can help with? ^Lynn",Tue Nov 21 22:03:25 +0000 2017,False,True
1301128,1301129,"...like banks marketing papers without real backing but just a probability of profit, ""occasionally"" causing the whole economy to crash 2/2","Hi Gurur, we're so sorry about this. Did you manage to get rebooked or anything at the airport? ^Alex C",Mon Oct 16 11:45:31 +0000 2017,False,True
476999,476998,"I am a silver tier frequent flyer member, flew flight BA0143 on 29/11/17 from LDN to ND. Very old flight, very uncomfortable cushion/ padding on seats and old entertainment system. Did not expect this from BA. I always fly BA, expect better.","This isn't good to hear, Amit. Did you mention your disappointment to our crew? ^Lisa",Thu Nov 30 01:45:19 +0000 2017,False,True
526449,526451,"Thank you. I think what made me lose it was when I was finally seated, on a broken seat, reporting it and then hearing: ‘for takeoff and landing just don’t lean back’. Cooled off this morning. Already looking to book my next flight again.","Yeah, I can understand your frustration at that. We’re sorry we let you down on that occasion. Hopefully we can make it up on the next flight. ^ Pip",Sat Dec 02 07:07:50 +0000 2017,False,True
2412081,2412080,Hi I'm travelling to Toronto tomorrow and have eTA but can't check in as says problem. Entered passport no but says problem Tried ringing but phones jammed. Help!,We're disappointed to hear you've been unable to check-in online. We'd recommend going to the airport in plenty of time. Our staff will be able to complete this for you and print your boarding pass. We're sorry for any inconvenience caused. ^DaniH,Tue Nov 14 13:39:03 +0000 2017,False,True
2752604,2752606,"It must have cost you some money, there were 3 of them in the same hotel Sunday night!","Sometimes we get the numbers wrong, Vicki. We collect all data and use that to make decisions in the future. Thanks for your concern. ^Julie",Tue Nov 28 18:34:20 +0000 2017,False,True
2189756,2189755,"Ah, okay, so for the return flight to LHR, BA208?","Hi, which date of travel would you be travelling on BA208? ^TonyM",Sat Aug 05 08:28:27 +0000 2017,False,True
1074298,1074300,"Flight from Mumbai delayed 18 hours, no offer of support/recompense/explanation - very disappointing.","We're sorry you're so delayed, Ellis. The aircraft was delayed on its journey to Mumbai due to technical reasons. 1/2",Mon Oct 23 10:16:34 +0000 2017,False,True
2569326,2569327,I’ve noticed that TPs and Avios are wrong for future booking - do I let you know b4 flights or after ?,"Hi Andrew, please click on the following link to contact our Executive Club, they'll 1/2",Mon Oct 30 13:43:59 +0000 2017,False,True
1106134,1106133,"With the number of 747s declining, I’m excited about my LHR to DXB upper deck flight in a few weeks. #alifesjourneys","Hi there, have a great flight to Dubai in a few weeks! ^Davina",Sun Oct 15 01:07:20 +0000 2017,False,True
1351943,1351942,He just sat down and said his seat was cramped. I told the crew but they said that the plane was empty so people are free to move about.,Hi Yan. Apologies for the late reply. The crew can use their discretion and allow passengers to move seats. As long they return (1/2),Sat Nov 04 17:41:42 +0000 2017,False,True
2562191,2562190,. haven’t recd response to complaint that staff shook my baby in carseat &amp; effectively accused me of child neglect #17139914,"Hi Priya, apologies for the time taken to resolve this for you. Our Customer Relations team will be in contact as soon as they can. ^Lindy",Fri Nov 03 09:34:47 +0000 2017,False,True
823305,823307,"What’s up with the app, unable to reserve seats?!","reference, email address, postal address and a contact number for Data Protection. We can assist if the flight is not in 24 hours. ^Kit 2/2",Tue Oct 10 21:56:56 +0000 2017,False,True
1597826,1597825,if I need to carry medication in my hand luggage and it’s a 60g bottle of gel. What do I need to do,Hi Nate. Sorry for the late reply. Please use this link for further information. ^N,Sat Nov 04 18:23:33 +0000 2017,False,True
1520845,1520843,Hey 8 students stuck in EDI airport due to Ophelia. No info from your partners Can you give us a place to sit?,I'm sorry for the late reply. Did you manage to get rebooked? ^Linds,Mon Oct 16 14:46:42 +0000 2017,False,True
897820,897821,how many aa lithium batteries (unopen do sealed 4 pk) can I take on a flight in hand luggage? Ta!,HI Emma. Up to 4 spares per person (incl. Power Banks) kept in original packaging or insulated/protected from contact with metal 1/2,Tue Oct 10 07:08:11 +0000 2017,False,True
1520060,1520059,So are offering a refund on my taxes only - only a fifth of the full ticket price. Still waiting for to respond.,"Hi Louise, you will need to contact your original booking agent for assistance on any applicable refund. ^JR",Fri Nov 03 11:58:25 +0000 2017,False,True
1423150,1423149,why has flight BA0604 to PSR been cancelled?,"Hi Will, the flight has been cancelled due to the weather. Sorry or any inconvenience. ^Sarah",Thu Nov 02 09:30:11 +0000 2017,False,True
2677173,2677171,"Hi ! I'm flying Barcelona - Heathrow and then to Seoul Incheon. My question is, can I bring an Eastpak Austin as my handbag (42 x 34 x 11 cm) ? Thank you very much!","Hi Enrique. You can bring your Eastpak Austin on board as your cabin bag. For further cabin baggage information, click on the following link here: ^Linda",Sun Nov 19 11:44:06 +0000 2017,False,True
1057006,1057005,the male Portuguese steward on flight 0209 today was fantastic! Absolutely made our day. ⭐️⭐️⭐️⭐️⭐️,We're thrilled to hear that. Thanks for taking the time to let us know. We'll pass on your comments.^LW,Mon Oct 23 01:14:00 +0000 2017,False,True
1956330,1956331,Having issues checking in online? Says details are wrong and can't try again for 24hrs but flight is early tomorrow morn!,to the airport and our staff will be happy to check you in and provide your boarding pass. 2/2 ^L,Mon Oct 30 11:24:44 +0000 2017,False,True
3026,3029,Thanks. Do you know if you will be running it winter 2018? Specifically Dec 2018 - Jan 2019. Planning a hol and was hoping to use this route,"We can't confirm next winters plans at the moment, Diz. We always reviewing our schedules and we’ll update our 1/2",Wed Nov 01 06:56:45 +0000 2017,False,True
2947406,2947405,Hi BA! I thought regular seats are supposed to be free of charge during check-in? The system keeps asking me to pay. BA431/30NOV surname Vanbedaf. I’d prefer an aisle or window seat. Your help would be appreciated!,"Hi Marloes, are you travelling on a Hand Baggage Only fare? If so, unfortunately you'd need to pay to select your seat. ^Rach",Wed Nov 29 13:30:44 +0000 2017,False,True
2530289,2530288,Ive been on hold for an hour to try to get through to an agent!!! Why is this acceptable?,"It's not acceptable, Monsey. We're sorry you had to wait so long. Is there anything we can help with? ^Beth",Sun Oct 29 20:14:27 +0000 2017,False,True
176218,176217,can you tell me what happened to flight london to glasgow ba1494 fri 24th nov scheduled at 2140,"Hi, I'm really sorry but the flight has been diverted to Prestwick due to an incident at Glasgow airport this evening. ^Jools",Fri Nov 24 22:09:57 +0000 2017,False,True
2874297,2874295,"just booked a flight, I’m One World Sapphire thru AA, how can I register my Avios account to receive benefits? I added my AA # at time of Booking.","Hi there, Jeremy. You'd only be able to do this through the booking agent. Just so you know, you'll only be able to have one frequent flyer account in the booking. ^Stephen",Mon Nov 27 22:21:08 +0000 2017,False,True
1276994,1276993,why the long delay on BA56 Jo'burg to Heathrow tonight?,"We're sorry we don't have the info yet, Ann. Please accept our apologies for the inconvenience caused by the delay to your flight. ^Linda",Sat Oct 14 17:57:50 +0000 2017,False,True
2120784,2120780,outright lies &amp; patronising rudeness by gate agent in priority boarding line. Have a word with LHR staff. #loyalty? #gate9,"We're concerned to hear this, Jennifer. Could you explain what happened? ^Chris",Wed Nov 08 14:27:46 +0000 2017,False,True
1644217,1644218,Thanks for that. It’s just that the pilot said someone was removed from the plane.... ?,"2/3 delay terminology for this occurrence is 'Passenger convenience'. However, it's not easy to put this into context, as what is convenient",Mon Nov 06 00:41:36 +0000 2017,False,True
686529,686528,The new flight safety video is adorable.“Wizard pipes are completely out” killed me,"We're pleased we're able to get an important message across, Josh. Thanks for your positive feedback. ^linda",Thu Nov 23 11:29:46 +0000 2017,False,True
665978,665980,he's having a ball #cbc 💙 #adventure #babylossawareness #snowangel,"Nice snow angel, Cormac's Bear. Looks like a lot of fun! ^Paul",Thu Nov 23 11:00:44 +0000 2017,False,True
1272202,1272204,"Thanks, but we’ve kept an eye on these flights for over 2 weeks. I can always find cheaper ones than her. Why can’t she see the price I see?","Hi Sophie, if you wish to be sure of the best possible fare available you can always speak with our Sales team. They will be more",Mon Oct 16 16:30:36 +0000 2017,False,True
1282573,1282574,GLA-LHR to see #ROHmacmillan,"Hi Christopher, any items left on board are handed in at the arriving airport. Please use the link to find out contact details 1/2",Thu Oct 26 13:23:25 +0000 2017,False,True
1178135,1178134,"1/3 absolutely disgusted with the service received. 48 of chaos! Cancelled flight, then diverted to a different location!",contact number? We can then look into this for you. Thanks. ^Jane 2/2,Sun Oct 15 16:37:06 +0000 2017,False,True
1177131,1177134,Traveling from Linate Milan airport on and I have never been treated so badly from you gate staff. #rudebitch,"We're concerned to hear that, Gary. Please provide us with the flight number, so we can pass your comment to the airport managers. We're 1/2",Sun Oct 15 12:52:49 +0000 2017,False,True
1221526,1221528,"It’s telling how you avoid point 2, what you could have done to provide an acceptable outcome but completely failed to do. If you had at least sorted out a place on the flight that left 1,5 hrs later it would just have been annoying but no big deal. Instead you’ve lost a customer","Hi Harald, we understand this has been a frustrating experience. You have been advised correctly but we'll pass on your comments to our Customer Experience team for consideration next time this policy is reviewed. ^Lacey",Sun Nov 26 09:24:33 +0000 2017,False,True
2787533,2787532,Whilst waiting for my delayed flight I witness for myself how incredibly rude and incompetent #Aviapartner staff are dealing with #customers Still no word on my #child #harassment complaint!,"This is disappointing to hear Robert. Thanks for the information, we'll feed this back to the airport. We hope you're not too delayed during the weather, radar failure. ^Kit",Tue Nov 21 16:46:33 +0000 2017,False,True
484952,484951,just want to send a shout out to cabin crew in Euro traveller on the 21.40 GVA to LHR last night. #greatcustomerservice #justhowBAusedtobe #banter #bringoldBAback,"We're really pleased to hear this, Punam. I'll pass your kind words on to the crew. Thanks for getting in touch. ^Chris",Fri Dec 01 15:02:25 +0000 2017,False,True
30903,30905,Why is the list a secret. BA claim I can access 650 lounges. How do you know? Presumably someone counted them. Please justify your claim.,"There isn’t a list as such, Jonathan. Our website will direct you to our oneworld page, where it gives information about providing",Wed Nov 01 07:14:40 +0000 2017,False,True
1124751,1124750,Very disappointed at first class menu. It feels like they’ve given up...,"We're disappointed to hear this, Johnny. Your feedback will be passed on to our catering team. ^Danielle.",Mon Oct 23 18:52:15 +0000 2017,False,True
116087,116089,"Defeats the whole purpose, but thanks nonetheless.","We understand your disappointment, Maryann. We hope it isn't too inconvenient for you checking in at the airport. ^Chris",Fri Nov 24 07:13:38 +0000 2017,False,True
2132730,2132732,Not on the way out because it was full of the oversized hand luggage other people had brought.. they could stretch their legs!,"We're so sorry you were uncomfortable, Andrew. Please confirm the flight and seat number you were sat in. We'll make sure this has 1/2",Thu Nov 09 10:22:36 +0000 2017,False,True
1495749,1495747,"my bag MIA AA 50432 in Miami since Oct 23. Send to #Gibraltar. MIA do not reply to messages, email, or phone 1/2","soon. For your own security, we recommend you remove your personal details from your public feed. Thanks. 2/2 ^Liz",Thu Nov 02 16:46:45 +0000 2017,False,True
1471969,1471970,baggage lost - not on BA2155 to Barbados - we have no clothes and no comm to confirm bag on today's flight - talk to me,"We're sorry your bag is delayed and for the inconvenience caused, Carl. You can use your WorldTracer reference to check for updates 1/2",Sun Oct 15 21:10:02 +0000 2017,False,True
1495757,1495758,Thanks much. But it’s been more than 2 weeks 🙁,"Hi Bua. Was the purchase made through Gate 365? If so, the Avios can take up to 60 days to appear on your account. If after this date, 1/2",Fri Nov 03 09:49:11 +0000 2017,False,True
1845199,1926272,"Then in all honesty, don't bother offering £20, it's an insult. Like having a faulty car an being offered an air freshener. Pointless. 1/2",We didn't mean to insult Paul. We're sorry for your bad experience on your journey. ^Oliver,Wed Oct 18 12:29:18 +0000 2017,False,True
2541656,2541655,waiting at Malta airport for desk number. All previous and latter flights checking in.. . We're waiting for your staff 😣,"Hi Becky, I'm sorry to hear this. I hope the delay wasn't too long. ^Tom",Thu Nov 16 09:40:15 +0000 2017,False,True
910879,910880,"1-Terrible experience last week.Long time customer &amp; exec club member.Check in Prior to flight,boarding told not recognised","Hi Asuku, please accept our apologies for our late reply. We appreciate this has been very frustrating for you. 1/2",Fri Oct 20 19:23:21 +0000 2017,False,True
1670431,1670429,12 hour long flight on and my TV wasn’t working so I couldn’t even watch anything😤😡,"We’re sorry to hear this Geri, did you report this to the crew? ^Kieran",Mon Nov 06 11:52:26 +0000 2017,False,True
780113,780112,Do you have 234hr support as my bag has be checked onto the wrong flight. been checked on an earlier flight than I'm going,using the following link If you still require assistance place contact us. ^KIt,Thu Oct 12 02:56:31 +0000 2017,False,True
761881,761880,I need to correct a name for a reward flight. I corrected it in 'family &amp; friends' but its still wrong in the booking.,"contact number. If not, you'll need to contact your booking agent. 2/2 ^Linda",Sat Oct 07 09:02:46 +0000 2017,False,True
2354841,2354840,"I am trying to book flight/hotel/car through your website, it won't let me proceed???","Hi Lucy, have you tried deleting your cookies and changing the browser (so if in Google chrome try Internet explorer.) If this doesn't work please send us the error you are getting and how far you get before the appears? Thanks. ^Jm",Mon Nov 13 16:26:53 +0000 2017,False,True
2882915,2882913,Could you explain to me why I have to pay to check in my luggage and those with too many hand luggage don’t? Even though our already delayed flight gets even more delayed while the crew sort out full head lockers!,"If your bag is bigger than what we allow on board we will charge you to check this into the hold, Joel. This will also apply to any bags you take that exceed your checked baggage allowance. If a flight is full, we'll ask for volunteers to check their cabin bag in to the hold. ^SH",Tue Nov 28 08:39:04 +0000 2017,False,True
2272185,2272184,Thanks again from myself &amp; for returning us safely in style to the best place in the world NEWCASTLE!! from our week in Hong Kong for,"Thanks for sharing the cool pics, Graeme. We're glad to hear you had a great flight back to Newcastle. ^Cody",Sat Nov 11 10:41:51 +0000 2017,False,True
728864,728866,Morning. Are flights leaving Barcelona back to the Uk today?????,Hi Rob. Our flights are departing from Barcelona today. Please check or 1/2,Wed Oct 11 06:49:05 +0000 2017,False,True
457462,457460,Still no funds!!! You are treating my case with utter disdain. #BAjustdoeantcare,"We'll be in touch as soon as we have a response, John. We appreciate your continued patience. ^Leanne",Wed Nov 29 09:44:51 +0000 2017,False,True
877966,877965,"No, I can't. I'm trying to find out how many Avios it will take to fly into an airport serviced by your partner, American Airlines. 1/2","Hi Linabella, you can ask our dedicated Sales team using this link: ^Alex C",Fri Oct 20 16:30:22 +0000 2017,False,True
2535105,2535104,hi can you dm me about a avios back track claim?,Hi Paul we're following you now. You can also claim missing Avios by logging into your account. ^Raj,Thu Nov 16 07:09:38 +0000 2017,False,True
2949735,2949733,"and are in cahoots to ruin my family's Christmas holiday. BA cancelled flight, provided no notice and cheap fare scam artists are giving runaround on rebook. Do better. BA's fuzzy teddy bear ad is a joke.","We're sorry your flight has been cancelled, Charlotte. If you made your booking through a travel agent, you will need to contact them directly to rebook. ^Leanne",Wed Nov 29 15:12:10 +0000 2017,False,True
1498813,1498812,"hi, flying GVA-LHR-DUB today. GVA-LHR at 13.30 cancelled. I'm going on earlier flight GVA-LHR , but need to change LHR-DUB",sincere apologies for the disruption caused to your flights today. ^Kev 2/2,Fri Nov 03 10:12:10 +0000 2017,False,True
774745,774743,So. overnight trip from Edinburgh to Zurich. Delayed and missed connection both ways. Now overnighting in Heathrow. Grrr.,"Hi Fiona, we are sorry to hear this. Have you been rebooked for your connection? ^Jools",Wed Oct 11 21:34:08 +0000 2017,False,True
2367153,2367155,"So we have to pay twice for the same bag, once to you and once to Cathay, when the bag anyways will be transfered onwards on our journey, when connecting? Sorry if I am a bit confused.","It would depend how the flights have been booked. If they're all on one ticket, then the allowance would be with the carrier who has the longest flight. It might be worth checking with the people you've booked through, to clarify this. ^Paul",Tue Nov 14 08:52:17 +0000 2017,False,True
2513745,2513744,En route to Singapore with for #InflightAP. Looking forward to another #A380 experience with . #PaxEx #avgeek,Travelling in style on the A380. Have a great flight to Singapore. ^Pip,Sun Oct 29 17:44:22 +0000 2017,False,True
1876585,1876584,I left my book on the plane today 😢.. can you check if it’s been handed in please?,"Hi Mary, you’ll need to contact lost property directly. Please follow this link for their contact details. ^Kieran",Sat Oct 21 20:35:15 +0000 2017,False,True
793506,793505,is a UK photo driving licence OK for EDI to LGW or does it need to be a passport?,Hi Andrew. A photo driving licence will be fine to travel EDI/LGW. ^Davina,Thu Oct 12 11:48:15 +0000 2017,False,True
137907,137906,"Hi, I need help with choosing my seats &amp; checking in.","We're sorry you're having problems checking in online. Unfortunately, we're unable to assist with check in, so this will need to be done at the airport. We're sorry for any inconvenience caused. ^Charlotte",Fri Nov 24 07:54:33 +0000 2017,False,True
1606798,1606800,our flight arrived 20 mins early from tenerife. While waiting for luggage 2 members of staff closed desk with this sign,"Hi Philip, please accept our apologies for any inconvenience you experienced last night at Tenerife. We've passed on your",Mon Oct 16 22:10:09 +0000 2017,False,True
2510163,2510162,"Upgraded my seat online and paid significantly for the legroom, only to discover that the seat wasn't an emergency exit seat. Expected more. A380 flight 57","Hi Johannes, all of our emergency exit row seats are labelled and come up with a safety message to read before confirming. I'm really sorry you didn't get the extra leg room you were hoping for. ^Kimbers",Wed Nov 15 21:13:20 +0000 2017,False,True
1103777,1103778,"having problems doing online check-in, is your site having issues?","Apologies for our late reply, Celina. If you've not managed to check in online, please check in at the airport. We're sorry for any 1/2",Sat Oct 14 21:11:34 +0000 2017,False,True
1380399,1380400,just had to virtually beg staff 4 towels in IAD lounge and got this. Photo dark cause half lights not working #notSoPremium,"We're sorry to hear that, Jennifer. We've passed your comments to the lounge managers. Please accept our apologies for the 1/2",Fri Oct 27 20:48:05 +0000 2017,False,True
1618808,1618807,is the white company items coming out on all routes soon? Or only selected ones?,"Hi they're on certain routes, before being rolled out to other flights. ^Raj",Sun Nov 05 10:52:20 +0000 2017,False,True
1825599,1825598,"I am very disappointed with BA, bought tickets to india, pay the fare and also pay addition for reserved seats.","2/3 your seat, as we may need to make changes to your seat for safety, security and/or operational reasons. In this event we'll do all",Mon Oct 16 15:28:53 +0000 2017,False,True
1783224,1783223,"for all those experiencing problems log on to their main site not via the app to manage your bookings, it works!!!",Hi Jonathan. We're glad you've found a device that it works on. Our IT team are still working on fixing Manage My Booking. ^N,Tue Oct 10 21:12:18 +0000 2017,False,True
672915,672913,is the current safety video going to be a permanent feature on your flights? Any chance of going back to old one?,"Hi Will, our customers are loving the current safety video, it's a bit too soon to say at the moment. ^Lynn",Wed Nov 22 07:37:27 +0000 2017,False,True
2646063,2646062,on the BA179 and haven’t been on such an old plane since 2002! Can’t even pick a movie! Not looking forward to the next 7hours. Even paid extra to fly BA! Nice to know where my money is going! Await my letter of complaint! 😡,"We don't like to hear this. You can contact our Customer Relations team using the online form, or we can set a case up for you. ^Helen",Fri Nov 17 18:07:12 +0000 2017,False,True
981074,981073,Trying to throw a significant (approaching 5 digits) amount of money at but their crappy website won’t let me #fail,Please find their contact number on under “Make a new booking or check prices...”. ^Monica 2/2,Fri Oct 13 21:29:38 +0000 2017,False,True
1017372,1017373,Wow. What a response. Took the words outta my mouth. I do have more complaints from the flight itself as well. 🙈🙉🐒 💩,"Hi Dominic, we're sorry to hear you've had an unpleasant experience. Can you give us some more details such as flight details? (1/2)",Fri Oct 13 14:07:45 +0000 2017,False,True
976318,976319,"No, this is a pre-organised cancellation, my fiancé is flying back from the States and has been told the best BA can manage is for him 1/2","Hi Anna, we're sorry for any inconvenience you and your boyfriend have experienced due to the cancellation of his flight. Please ask him",Fri Oct 20 22:36:18 +0000 2017,False,True
492022,492021,I love the ad but (apologies if I'm missing something) why do the bears turn into people? Why aren't they (a) people in the first place or (b) just bears that remain bears? ❤️🐻 ? #confused #sorry,That's the magic of the advert Princess Anna. The bears are timeless and bring back the wonder we've all felt when travelling. ^Kit,Fri Dec 01 10:37:40 +0000 2017,False,True
1196015,1196017,haha. The (only) way to restore my faith now is to re-open the direct flight to EVN :-D #toflytoserve,"Maybe one day, Narek! We'll certainly put your suggestion forward however! ^Lolly",Wed Oct 25 02:33:58 +0000 2017,False,True
30912,30911,BA say I have access to 650 lounges. I’m asking to have a look at the list. Where is it? Can you give me a straight &amp; honest answer please,Hi Jonathan. You can find all of our lounge locations by using this link here ^Davina,Sun Oct 29 10:03:02 +0000 2017,False,True
2907019,2907021,BA2037 10/11/2017 &amp; BA2036 24/11/2017,"Thanks for providing us with your flight information, Stephen. We'll be sure to pass on your feedback to the relevant managers. I know it won't change how your journey was affected but it will highlight areas that need improvement. ^Leanne",Wed Nov 29 15:24:59 +0000 2017,False,True
1847776,1847775,We are waiting an answer,We're more than happy to help if we can. What was your question?,Thu Oct 19 11:13:56 +0000 2017,False,True
1378884,1378885,We are liaising with them and they're liasing with you but you've told them a decision takes 6wks - they've been great 1/2,with them and you'll need to contact them directly regarding any refund. 2/2 ^Cody,Sun Oct 29 09:27:18 +0000 2017,False,True
2553674,2553673,Clearly the and security measures are not working because the person in front of me from IST - LHR had a banned power bank onboard.,"This is concerning to hear, Sam. However, please be assured all items taken on board are checked in accordance with highly detailed security measures. ^Cody",Thu Nov 16 15:06:01 +0000 2017,False,True
2856951,2856953,"I’m not at the airport, I have rebooked a room at hotel as 24hrs at airport not an option! Not a happy or impressed customer, No information given just cancellation email",We've managed to move most people to alternative flights to Heathrow. Has this not been offered when we let you know about the cancellation? If you've incurred expenses please let us know. ^Stephen,Mon Nov 27 21:44:24 +0000 2017,False,True
1823883,1823885,Took 4.5hrs to get resolved. told me seats on other flights were not opened up by you until late #OnlyAPassenger BA unhelpful,"We're unable to amend your booking because your contact is with your travel agent, Rose. We're pleased to hear it's now resolved. ^Linda",Tue Oct 17 21:38:40 +0000 2017,False,True
2570523,2570524,what’s happening to BA2774? Pilot not available so means we will be late. Check-in staff are clueless,"We're sorry your flight departed later than expected, Graham. We can see you've just arrived in Jersey as expected. 1/2",Mon Oct 30 15:44:58 +0000 2017,False,True
711282,711283,Bf is the one flying. Not informed of French ATC strike during checking. Need to improve your communication!!!!!,We're sorry for the lack of communication Nauzet. We hope you weren't too inconvenienced. ^Kit,Tue Oct 10 21:44:48 +0000 2017,False,True
1186331,1186334,Only gave me tier points for 3/4 flights to Qatar. I lost Silver status as a result and they didn’t reply to emails. Scam.,"Hi Andrew, our Executive Club team will be happy to see if you have been advised correctly and we're following you now so",Sun Oct 15 16:52:00 +0000 2017,False,True
2036946,2036945,I am an airline employee struggling to gain access to loads on 0499 LIS-LHR for 11/7. Could you DM me the loads please? Thx,"Hi Jennifer, I'm afraid this isn't something we can advise you of through Social Media. We'd recommend speaking with your manager. ^JR",Mon Nov 06 19:26:11 +0000 2017,False,True
2942345,2942344,"I know I do a lot of tech stuff, but I'm definitely not a robot. Unfortunately your Android app seems unconvinced despite selecting many many street signs. Tried force closing + restarting.",Hi Robert. I'm sorry to hear you're having issues with the app. Have you also tried uninstalling and reinstalling the app? Please let us know if this resolves the issue. ^Kev,Wed Nov 29 09:50:39 +0000 2017,False,True
1490984,1490982,A foggy start at to the 193 for a 9:47 to . Here we come #Texas... &amp;,"HI Scott, have a great flight to Dallas Fort Worth today. It is a bit foggy in London Heathrow. ^Lindy",Fri Nov 03 09:36:13 +0000 2017,False,True
2552154,2552156,"Thanks for the reply. Once we got off, the flight was fine.","Glad to hear it, Tim. Thanks for keeping us in the loop. Many thanks. ^Lisa",Thu Nov 16 23:24:36 +0000 2017,False,True
1370437,1370436,can I bring empty glassware in my carry on?,Hi there. Sorry for the late reply. Please use this link for our baggage information section. ^N,Fri Oct 27 14:21:05 +0000 2017,False,True
1134288,1134290,Incredibly now there's no immigration booth open for non-EU passports. That's pretty shabby and a terrible 1st impression,Hi Les. We're delighted you had a great experience on your flights to Toronto. 1/3,Sun Oct 15 10:15:37 +0000 2017,False,True
648106,648111,you have cancelled my flight!!! I need to get to my brothers wedding. Why are you not picking up your phone!!! 😢,"Sorry for our late response, we've been really busy, Philip. Did you manage to get through to us and get re-booked? If not and you still 1/2",Wed Oct 04 19:36:56 +0000 2017,False,True
163134,163133,I had two flights with today. BOTH delayed because 'the arriving plane is late'. Good job mates!,"We're sincerely sorry about the delays, Miguel. We hope you enjoyed the flights once on board. ^Paul",Fri Nov 24 16:50:53 +0000 2017,False,True
2942286,2942288,May I ask why you can't increase this? In the past I have recieved vouchers where it entitles you to a drink and a snack with no official value. Would this not be a better option? You're replacing lounge access which gives somewhere quiet to sit and food/drinks with £5. Very poor,"We appreciate your disappointment but we must remain fair and consistent to all of our passengers, Ciaran. We also can't guarantee lounge access in every airport. ^Leanne",Wed Nov 29 14:56:19 +0000 2017,False,True
2966794,2966792,concerned my wife can check in to Doha flight tomorrow night but not me. How’s that work from same booking?,"This is unusual, Mark. It could be an issue with our system. Have you completed your APIS details? ^Rach",Wed Nov 29 21:21:46 +0000 2017,False,True
2477259,2477258,Just watched all of the flight safety information and thoroughly enjoyed it! Well done and,We're pleased to hear that. We hope the important information was taken note of too and that the flight was a pleasant one. ^JL,Wed Nov 15 13:44:12 +0000 2017,False,True
2428836,2428834,I wish this was still around. Come on get your act together!!,She's a miss to the fleet and all those how flew with her Pablo. ^Kit,Tue Nov 14 18:02:19 +0000 2017,False,True
505580,505579,Thank you so much for calling back. The most POINTLESS phone call ever! Absolutely no attempt to resolve the complaint from BA.,"I'm sorry you feel that way, Kelly. Please be assured I've passed your comments to our Customer Experience team as feedback. ^Beth S.",Fri Dec 01 13:10:26 +0000 2017,False,True
2065737,2065735,inconsistent info when changing seats. Standard should be free when selected but it's not?,Sorry about this. Have you managed to resolve this? You may need to choose another seat. It depends on the particular type of seat. ^DaniH,Sat Oct 07 19:56:48 +0000 2017,False,True
2631134,2631133,advise on BA249 to Rio hearing stories of engine fire and dumping fuel. Terrified mother-in-law waiting for the next flight,"The BA0249 is delayed until 18:30 but is operating as normal. We hope that helps, Bryan! ^Amy",Fri Nov 17 16:07:26 +0000 2017,False,True
2617730,2617729,what is wrong with your website? Can’t book anything. And please don’t suggest using the app instead because that’s not working either. What a shambles.,able to look into booking things for you. 0844 493 0787 option 2 Calls cost 7p per minute plus your phone company's access charge Daily 07:30-21:45. 2/2 ^Cody,Fri Nov 17 14:01:57 +0000 2017,False,True
814680,814678,trying to get through about a flight tomorrow bt all of your numbers send me to the auto flight service 😫🔫 can you help?,help with. We'd be happy to call if you need help. Sorry for the late response. (2/2) ^N,Thu Nov 02 22:04:20 +0000 2017,False,True
2960319,2960321,"It’s taken 2 days of calls to book assistance, only after asking for management, your team kept saying my passport details hadn’t been updated so they couldn’t talk to me. Also talking about a customer in Hindi about him whilst he’s on the line is a little disrespectful!","This is concerning to hear, Hassan. We'll ensure your feedback is passed on internally. Have a great flight! ^Rach",Wed Nov 29 20:29:48 +0000 2017,False,True
1432806,1432805,The amazing service of is on another level! #BAExecutiveClub,"We're very happy to hear, Dani. Hope to see you flying with us again soon. ^Pip",Thu Nov 02 09:32:34 +0000 2017,False,True
1402504,1402506,It is a week short of a month now and still no response!!! I paid for selected seats. My seats were changed. I was told to send an email and they would refund me but they are not responding!!!!,I'm sorry to hear you're still waiting for your seating refund. You can also apply for the refund here: ^Gill,Tue Nov 21 11:23:52 +0000 2017,False,True
1910466,1910465,Alex BA pilot at LCY hero of the day Removed a stuck earphone foam protector from my ear at baggage security. Top service,"Whoa! That's scary stuff, Mark! We're glad Alex was there to lend a hand however! ^Lolly",Tue Nov 07 20:43:50 +0000 2017,False,True
1904397,1904396,any talk of strike action this year? Flying out of lhr on xmas day,We've no information about any strikes. You can keep updated with any news and information on our website. ^T,Wed Oct 25 05:39:20 +0000 2017,False,True
698879,698880,BA increase their charge for carriage of firearm and ammunition to £500 return. Time to take the train.,The fee's changed to more accurately cover the cost and value of service provided by our specialist firearms 1/2,Tue Oct 31 10:20:57 +0000 2017,False,True
1417465,1417467,Reinstalled several times but still doesn't work.,"We apologise for the problems this is causing, Chris. We've reported the error to our Web Support team and we hope to have this fixed soon.",Fri Nov 03 19:42:12 +0000 2017,False,True
291526,291528,we have directly contacted you multiple times and still no help or anywhere closer to getting her case,"Hi Perri, you can check the status of your mum's bag here: Our Baggage team will update her file, once 1/2",Sun Oct 08 10:00:06 +0000 2017,False,True
859485,859483,So how are we able to change the booking? There must be a way if the passenger is unable to speak in hospital?,"Hi Joe, if your mother in law has a British Airways Executive Club account she can nominate someone from the membership page. Other than that she would need to speak to us to authorise someone to access her booking. I'm sorry if this is not the response you we're hoping for. ^Kit",Sat Nov 25 15:32:03 +0000 2017,False,True
2743962,2743963,"Ah, good ol' reinforcing the engrained British class system... #shameful BBC News - British Airways to board passengers in cheap seats last","Hi Billy, we are always looking for ways to improve and simplify the airport experience for our customers. Next month we are introducing new boarding procedures to speed up the process and make it simpler for customers to understand. 1/2",Mon Nov 20 14:30:37 +0000 2017,False,True
1576829,1576828,"Hi, when are reward flights usually released? Looking for LON &gt; YVR but can't find any after June 2018. Am I too late?",to see if they can help? Their contact details can be found here ^Marie (2/2),Mon Oct 16 18:55:54 +0000 2017,False,True
1551911,1551910,Can you tell the reason why BA795 tomorrow is going to depart 1 hour later than scheduled?,We're sorry your flight is delayed. Unfortunately we don't have any information on the delay at this time. ^Natalie,Fri Nov 03 18:23:48 +0000 2017,False,True
1672892,1672891,pls could you announce on all flights arriving in Cape Town that the city is in a severe drought and too be water-wise,"Hi Sherene, thanks for your suggestion. I've passed it on the the relevant team. ^BS",Sat Oct 28 14:25:30 +0000 2017,False,True
189399,189398,Your are always my best choice but pls upbyour game on inflight forgotten items we are human please,We understand this must be frustrating. I'm afraid we aren't liable for any item left on board. Many thanks. ^Lisa,Wed Oct 04 16:40:01 +0000 2017,False,True
228917,228920,"I'm not sure it was much of an explanation, but surely the worst customer experience I have ever experienced.",We're sorry our team were unable to provide you with the response and resolution you hoped to receive. 1/2,Fri Oct 06 13:27:20 +0000 2017,False,True
1939713,1939711,"Was trying to book to Dallas, Texas- Do I require a transit Visa? I will accompany a Minor 4 year old?","Hi John, we're unable to give documentation advise you would need to speak with your nearest embassy about this. ^Alex C",Wed Oct 18 13:23:13 +0000 2017,False,True
1124727,1124729,Hope so. Trying to get the seats I paid extra for on a LHR-ORD leg. Should we move to DM to discuss?,"Feel free, Michael. Please include your full name, booking reference and email if you choose to do so. Thanks. ^Lolly",Tue Oct 24 15:08:29 +0000 2017,False,True
1010704,1010703,please help me get my flight worked out ! I was not able fly because I was sick. I have been with American Airlines.,If your ticket was booked with American Airlines or an agent only they will be able to assist you. If you booked directly with 1/2,Thu Oct 12 10:33:12 +0000 2017,False,True
1196016,1196014,An aged 747 to replace the 787… Such a shame that will stop flying the Dreamliner to Austin… #thrillisgoingtogo,"Hi Narek, we're sorry to disappoint you. Hopefully this won’t take the thrill away from flying with us too much. ^David",Wed Oct 25 02:01:08 +0000 2017,False,True
254194,254192,Can I at least reserve our seats? Because otherwise it's basically first come first serve and we don't have cabin luggage,"Hi, you will need to select your seats at the airport. Arrive as early as you can to have more choice in your reservation. ^L",Thu Oct 05 16:08:43 +0000 2017,False,True
109241,109240,why is the flights to Cape Town from OR Thambo delayed? Its been 2 hours,"I'm very sorry about the delay, Carel. The airport staff will be in a better position to let you know the reason behind it, I'm afraid. ^Kimbers",Thu Nov 23 19:08:05 +0000 2017,False,True
563280,563279,"Looking forward to a 12-hour flight to #Tokyo, followed by another 3 hours to #Okinawa with the Little, #20monthsold... #WishMeLuck😨😨😨","Hi there. You don't need any luck. Just kick back, relax and enjoy the ride. Have a great time in Okinawa. ^Neil",Sat Dec 02 18:37:13 +0000 2017,False,True
1163964,1163963,I placed order for wine and I haven't received it what number shall I call you on!?,"Hi, Emily. Sorry you haven't received your order. You'd need to contact Laithwaites directly, I'm afraid. The number you need is 1/2",Sat Oct 28 12:46:44 +0000 2017,False,True
544134,544135,"Ahh, thanks, and that’s it. Given it’s not the first time it happens which the cabin crew willingly volunteered and suggested contacting you I think you can do better. What happened? 2 sandwiches on a full plane? That’s bad news!","We do apologise, Ivar. We ask this as we try to keep an eye on particular flight that sell out quickly. The stock is loaded in London so if the outbound flight is busy it can impact availability on the return. We'll use the feedback to send to our Catering teams. ^Claire",Sun Dec 03 09:25:07 +0000 2017,False,True
369344,369345,Those number are office hours only. Not really helpful advice on a Sunday night....,"Hi Keith, my colleague gave you the link which also has the times of opening. I'm afraid you'll not be able to contact them 1/2",Sun Oct 08 20:36:45 +0000 2017,False,True
844633,844632,"Despite having been in many lounges around the world, the Galleries First Lounge at Heathrow is p…","Thanks for your Tweet, James. I hope you enjoy the lounge and have a wonderful flight later too. ^Kev",Fri Oct 20 14:01:29 +0000 2017,False,True
1073045,1073044,Travelling with to NewYork at 9.40 tomorrow to start the honeymoon after fridays wedding...would love a cheeky upgrade 😉,"Congratulations! If only we could, Mark. Sorry, but we hope you both have a fantastic flight to New York, and honeymoon. ^Cec",Mon Oct 23 09:54:47 +0000 2017,False,True
1148179,1148177,Hi - any ETA for fixing your mobile check-in issues?,"Hi, these should all be corrected now. Are you still having problems with our Mobile App? ^Lindy",Tue Oct 24 14:06:58 +0000 2017,False,True
2890938,2890940,Thanks for explaining...Don't suppose you would consider discounting my LHR-LAS package to match the MAN-LHR-LAS price to support environmental friendliness? 😬,"No problem, Daisy. Unfortunately that's not something we could do. We don't decide the tax amounts and have to remain fair and consistent with all of our passengers. ^Chris",Tue Nov 28 15:00:31 +0000 2017,False,True
1858518,1858523,"why am I still waiting at baggage claim, over 30 mins after going through passport control? ba108 from Dubai","Hi James, we can see the flight arrived a little early today and there having been some problems with offloading today.",Thu Oct 19 14:12:08 +0000 2017,False,True
1857791,1857792,"hi, do you have an office in London where I can discuss an issue face to face with a BA representative.","Unfortunately, we don't have offices where we speak to the public face to face, other than at the airport and the staff there may not 1/2",Thu Oct 19 11:07:49 +0000 2017,False,True
2418828,2418827,Do you offer upgrades to Seafarers with a valid Seamen's Book?,"reference, email address and home address. We can get you a price to upgrade if you're interested. 2/2 ^Cody",Sun Oct 29 07:41:33 +0000 2017,False,True
113002,113000,"Lovely flight , keep it up...",Thanks for the great feedback. Can you let us know your flight number and we can make sure this is passed on? Thanks. ^Natalie,Thu Nov 23 19:32:26 +0000 2017,False,True
750628,750630,"Hard to find indeed. This makes you...well, amazingly brilliant! Thanking you kindly #RollOnMay2018 #1stBAflight","Hi Mark, it's our pleasure! We're available 24/7 so feel free to get in touch if there's ever anything you need. ^L",Wed Oct 11 17:48:27 +0000 2017,False,True
611147,611149,Thank you Lisa! All tucked up in bed now and so happy to be home! X,"There's no place like it apparently, Gabriella. According to Dorothy anyway! Here's hoping you have a couple of days off work. ^Lisa",Wed Oct 04 22:00:56 +0000 2017,False,True
2493423,2493421,"Hi British Airways, I am trying to help my brother and sister claim EU compensation. Can you help me? I filled the form in online but I made a mistake! I also do not have a confirmation email! Thanks",Hi Carolina. If you've submitted a claim online our Customer Relations team will investigate this and be in touch in due course. ^Rach,Wed Nov 15 16:25:41 +0000 2017,False,True
969495,969493,got the response. Main issue of my complaint completely unacknowledged. What a farce.,The agent will address any further issues you have. Thanks. 2/2 ^Liz,Sun Oct 15 06:21:26 +0000 2017,False,True
1885925,1885924,quick question on baggage weights. Family of 4 traveling is it the combined weight of luggage or the individual cases?,"The allowance is per bag, Ben. They can't be combined across each piece. We look forward to seeing you and your family on board! ^Cec",Sun Oct 22 22:17:36 +0000 2017,False,True
402303,402304,no point in being loyal customer changed seat again shameful,Please let us know if you need help with this. ^Monica 2/2,Mon Oct 09 18:23:57 +0000 2017,False,True
1676564,1676567,Thanks and just to clarify is the cancellation timeframe within 24hrs of booking for a full refunf?,charge. Please click on the following link for our Executive Club details They'll be happy to help you.^Jo 2/2,Mon Nov 06 14:34:24 +0000 2017,False,True
1535212,1535211,Delayed from GLA to LHR on BA1489 (15.25) by 2.5 hours. What’s wrong? Any way to transfer to the 17.35 flight?,disrupted due to fog in London. We hope it didn't cause too much inconvenience. ^Natalie 2/2,Fri Nov 03 15:41:12 +0000 2017,False,True
1324730,1324732,Hi sophie. I am an airline employee so would my company id be ok as photo id? Unfortunately it is a regular id card and not an airport pass,"You would only have problems if the biometric system went down, or if you are checking in a bag. 2/2 ^Sophie",Fri Oct 27 11:02:34 +0000 2017,False,True
1087626,1087625,thank you to the lovely crew on flight BA1416 on 7/10/17 who gave my mum champagne for her 80th birthday 😊,"We're pleased to hear your mum enjoyed both her flights, Sharon. Thanks for your positive feedback. ^Linda",Sat Oct 14 18:03:41 +0000 2017,False,True
30945,30947,"It is not at my end, I spoke to yr Ssles team they had same issues. It is yr systems not working properly. U should be calling me","Hi David, I'm afraid we can't call you out on this. Please call Sales Team on the number on our website. We're sorry for the problems 1/2",Thu Nov 02 07:53:47 +0000 2017,False,True
579972,579974,This was LHR-MIA back in February-I think I got in touch at the time anyway. Always amazing crew!,"That's amazing to hear, Kate. We always love these stories and we look forward to seeing the both of you again. Thanks. ^Raj",Sun Dec 03 12:09:12 +0000 2017,False,True
1033946,1033945,Missed flight but nice cabin crew manager richard was fab at helping us very impressed with service thanks,"That's great to hear our crew were helpful, Catherine. Thanks for the feedback! ^Beth",Sun Oct 22 16:47:45 +0000 2017,False,True
1838187,1838185,I’ll make sure my wife gives me 72 hours notice next time she plans to get sick.,"Hi Dharwin, we're sorry you're disappointed. We wouldn't need 72 hours notice, but we could have been contacted before travel. 1/2",Wed Oct 18 17:40:13 +0000 2017,False,True
1420901,1420900,Excellent customer service by - will be using them for all future flights domestically. Very impressed &amp; thank you.,"Thanks for your fabulous message, Roddy. Can you let us know your flight number? We'd love to share your comments with our crew. ^DaniH",Tue Oct 31 12:07:36 +0000 2017,False,True
1330296,1330299,not happy that no attempt has been made to put things right. Still waiting for call from customer service 😂,"We can appreciate its frustrating when you're waiting for a response, Caroline. Recent disruption has 1/3",Mon Oct 16 07:55:20 +0000 2017,False,True
2434937,2434936,Not sure that BA will like my tweet or should I call it a complaint! Awful awful company and service. Never ever again,"We don't like to hear this, Barry. Can you tell us what happened? ^Helen",Fri Nov 17 20:57:29 +0000 2017,False,True
708118,708116,Hi Q; From Portugal bronze member wanting to book a return using companion voucher and avios at 6am what number and #option,Hi there. Please use this number 49 421 5575 737 to call your local Sales team. ^N,Tue Oct 10 17:16:13 +0000 2017,False,True
891593,891594,"No. It wasn’t just the system, the screen was broken.","Thanks for letting us know, Beth. We'll pass this on as feedback for you but feel free to contact us using the earlier link. ^SR",Sat Oct 14 15:05:35 +0000 2017,False,True
156273,156271,Well has definitely gone downhill quite sharply recently. This is the current food situation in the Business Class lounge. 📸 by my Dad.,Hi Michelle. Sorry for the late reply. I hope the food situation has improved since. Please pass our apologies on to your dad. Which airport are we talking about so we can feed this back? ^Monica,Fri Nov 24 15:56:18 +0000 2017,False,True
145510,145507,Yet again another call to to get another story about where my bag is - now potentially sent back to JFK #badcustomerservice,"Hi Hannah. Sorry to hear you haven’t been reunited with your delayed bag yet. In general, it takes 48-72 hrs to get a clear update about the location of a delayed bag. Please, keep checking the online tracer. Thanks. ^Monica",Fri Nov 24 13:35:07 +0000 2017,False,True
541432,541431,official spelling of Bengaluru is 'Bengaluru'. Please ensure this is consistent across all your display/services.,"Thanks for the feedback, Suhruta. We'll ensure this is passed on for you. ^Steph",Sat Dec 02 12:56:00 +0000 2017,False,True
318121,318120,"here we are waiting at Verona airport having come via Venice! No taxis, car hire not open - details on compensation pls","We're sorry for the inconvenience caused, Emma. You can submit your claim here: ^Linda",Sat Oct 07 00:34:59 +0000 2017,False,True
2679180,2679183,We have no BA staff at the airport! Let me know when you hear anything.,"We’re sorry to hear this Jason, we will let you know if we have any new information. ^Kieran",Sun Nov 19 14:31:33 +0000 2017,False,True
1663716,1663718,Thanks for your reply. I didn’t make it in the end. But booked a trip on the next available flight.,Oh sorry to hear you didn't make the flight. Hope you have a good day. ^Gill,Mon Nov 06 10:00:54 +0000 2017,False,True
1956253,1956255,May I have a phone number or email to contact them? Thank you!,"Hi Guillermo, we would recommend you speak to MyIDTravel if you have tickets issued through them. ^Kit",Mon Oct 30 17:08:34 +0000 2017,False,True
1918939,1918938,"Hi, If I bought twin seat, does that mean my travel partner (adult) does not need to purchase any seat ?","Hi Hins, a twin seat means there's only two instead of three seats in the row. Your friend would need still need to purchase their seat. ^DE",Thu Oct 26 09:34:00 +0000 2017,False,True
2136004,2136002,"Hey , you’re making quite an assumption about my trip to Amsterdam there 😡","That is unfortunate, Ian. Would you like us to try and change this? ^Chris",Wed Nov 08 17:35:11 +0000 2017,False,True
323505,323506,"Hi. I think I’ve left my glasses on the plane 😭. It was BA08 (HND&gt;LHR) today (07/10), seating in 28A. Who can I contact?","Hi Corinne, we're sorry you've left your glasses. They haven't been handed in yet. It can take up to 24 hours before they get to our 1/2",Sat Oct 07 14:06:34 +0000 2017,False,True
1009367,1009368,Rebooked for tomorrow. Desk staff lovely and very helpful but could have done with reinforcements.,"We're pleased you've been rebooked, Geraldine. We'll pass on your comments to the Airport Manager. ^JR",Sun Oct 22 21:57:47 +0000 2017,False,True
99136,99135,At Heathrow T3. staff including manager turning us away from flight because they don't know SA rules properly. Had to fight them and when proved wrong no apology. Area gang manager just walks away. Had past problems and can't believe how bad they are.,Hi. Please accept my sincere apologies for this and I do hope you have a wonderful flight. I'll certainly ensure your feedback is dealt with internally at London Heathrow. ^Kev,Thu Nov 30 14:52:42 +0000 2017,False,True
120775,120777,Thanks for coming back to me. I have just emigrated to the states and realized I have BA points. Stupidly I put my recent AA points on my BA acccount and I shouldn’t. Just wondered if there was anything I could do with them as I will be flying AA from now on.,"Unfortunately, Avios can only be transferred between British Airways and Iberia. We recommend you contact American Airlines to confirm what they are willing to do. ^Julie",Thu Nov 23 23:21:53 +0000 2017,False,True
2202962,2202964,5hrs delayed and not even offered a drink disgusting and yes we were inconvenienced!!!@,"were provided for you. Which airport was this at, so we can feed it back? (2/2) ^N",Fri Nov 10 17:00:50 +0000 2017,False,True
1047575,1047574,3rd day running flt to Cairo BA155 2-3 hours late. What’s going on BA?,"Hi Irfan, we're sorry for the inconvenience this has caused you. ^Raj",Sun Oct 22 22:46:35 +0000 2017,False,True
30642,30639,So so disgusted at treatment of my property!! Vintage antique wartime case absolutely ruined in your 'care'. #RuinedTrip.,We're so sorry to hear this. Have you reported this at the airport and been provided with a World Tracer reference? 1/2,Wed Nov 01 07:23:33 +0000 2017,False,True
921062,921063,travelling with you next month for our honeymoon. Any chance of an upgrade/special treat if available? Regards George G,"Hi George. We do get lots of requests from customers for upgrade for special occasions. However, we do have to turn them down. (1/2)",Tue Oct 10 17:15:28 +0000 2017,False,True
27986,27987,What scared me was my BA holiday last week very upset about it. I am an executive member aswell :-(,"This doesn't sound good, Jonathan. Can you give us more info about what happened? ^Rach",Wed Nov 01 11:18:25 +0000 2017,False,True
101483,101484,"All on android 6.something to 7.0. I open and it instantly tells me I was logged out. It directs me to login page but every attempt says same error as before, like photo.","Thanks for confirming that, Nick. We'll get this reported from our end for you. ^Ems",Fri Dec 01 06:59:24 +0000 2017,False,True
1845191,1845192,"Hi BA,travelling Thurs &amp; need to take a 👶🏻 car seat, pls advise how? Can go in the hold, does it need to be in a bag/box?",your choice if you want to bag/box your car seat. You can find more info about our baggage policy here: 2/2 ^Linda,Wed Oct 18 07:23:29 +0000 2017,False,True
1226771,1226773,Ticket sold as operated by means no pre-check?? So much for smooth travel experience! Fail!,Hi Joe. We apologise that we don't participate with TSA pre checks at the moment. We hope your flight is a lot smoother for you. ^Oliver,Wed Oct 25 19:22:38 +0000 2017,False,True
2194986,2194988,Finally got it to reset my password and I’m in now. Sat at Dulles enjoying the hospitality in the lounge,"Hi Natalie, we're so pleased you were able to get this sorted. We realise how frustrating issues like this can be. It 1/2",Thu Nov 09 21:30:09 +0000 2017,False,True
235055,235053,The crew was very friendly on the aircraft and the flight was short. But the situation was a bit weird.,"Glad to hear this, Annette. Sorry for any weirdness though, that certainly wasn't our intention. ^Lisa",Thu Oct 05 12:12:34 +0000 2017,False,True
1916745,1916744,once again you seem to make me feel like an unimportant passenger! Thanks again!,We do take your concerns seriously. You can use this the following form: so we can investigate your concerns. ^Raj,Thu Oct 26 02:01:55 +0000 2017,False,True
1662381,1672396,"No, I’m not delayed. Just checking if my 09:05 flight will give me enough time to transfer to next flight at 11:25.","We’re sorry, Natalie. BA1387 today currently has a delayed arrival time of 10:45. This would be under our minimum connecting time. 1/2",Mon Nov 06 08:11:59 +0000 2017,False,True
183465,183463,is a complete let down- every time delays or cancelled flights- whilst easy jet are still flying out of Glasgow... explain that one of “too icey”,"Hi Clare, we're sorry your flight has been disrupted. Unfortunate, the circumstances surrounding the cancellation of our flight is outside of our control. We hope our staff have been able to assist you. ^Natalie",Fri Nov 24 22:48:55 +0000 2017,False,True
582903,582902,Need help checking in! Customer service number please?,"I'm afraid we're unable to check you in from this side for security reasons, Nathalie. We'd recommend allowing a bit more time to check in at the airport. Please accept our apologies for any inconvenience caused. ^David",Sun Dec 03 12:03:22 +0000 2017,False,True
1430612,1430614,What will you feedback and what positive action will be taken to improve business class (&amp; our negative thoughts about our experience)?,...and discuss what changes we can make in order to improve the service we offer. 2/2 ^Lolly,Tue Oct 17 17:46:59 +0000 2017,False,True
874116,874114,I’m trying to contact you rgding BA0106 Dubai London....seems your phone lines are down as I keep getting hung up on! (1/2),"that there aren't any seats available on the earlier flights, which is why you've been put on the 20:55 service. ^BS 3/3",Fri Oct 20 17:11:11 +0000 2017,False,True
729395,729396,why is it every time I look to upgrade from premium to business I get quoted over 6000. So bloody annoying the limits,"Hi John, we're sorry you're disappointed. Our prices are based on current availability and also any applicable charges. If you'd like us 1/2",Fri Oct 06 18:12:49 +0000 2017,False,True
1919636,1919635,whats the point allowing ppl with infant to select seats early then change aircraft and we no longer have bassinet seats...,"We understand your disappointment, Maciek. We only change an aircraft when it's absolutely necessary. We apologise for the inconvenience. ^C",Thu Oct 26 09:50:29 +0000 2017,False,True
2690410,2690408,A flyer for years &amp; will continue to be in the future. But please treat your customers who ask for tap water with equal respect and promptness as you do those who ask for alcohol and coke.,Hi Arnika. Our staff will be happy to provide some free once the trolley service has been completed. Thanks for your continued loyalty and we hope to see you on board again soon. ^Natalie,Sun Nov 19 14:44:44 +0000 2017,False,True
1534504,1534503,"Disgraceful service from BA at Heathrow. Flight delays due to fog, ok. 3 hour queues to re book and no help or advice.","Hi Mo, I forgot to say that we'll also need your full name in my previous Tweet. I apologise for the oversight. ^BS",Fri Nov 03 15:23:52 +0000 2017,False,True
787243,787245,Flight bkd thru with u 4 Mon has name&amp;surname backwards. Do i need 2 visit desk 4 checkin?,"Hi Gary, this would need to be corrected before travel. We're unable to amend this as it wasn't made directly with us. 1/2",Thu Oct 12 08:10:51 +0000 2017,False,True
287327,287326,I'm working on a music/travel project w/ &amp; would love to talk to someone could you help? #12photos12tracks,Hi Luke. What is it you would like to talk about? ^Natalie,Fri Sep 29 10:41:36 +0000 2017,False,True
1481538,1719394,Thanks but I’m still missing a day of my holiday. Also having to alter hotel and hire car bookings that will now be more expensive.,"We understand your disappointment, Damian, however, this isn't something we could cover. 1/2",Tue Oct 17 17:06:46 +0000 2017,False,True
1100183,1100182,"is it possible to notify the crew that you are celebrating a special occasion onboard? If so, how do I contact you?","Hi James, it'll be easier to let the crew know when you board the flight. ^Linda",Sat Oct 14 20:08:10 +0000 2017,False,True
1492864,1492863,how can you cancel a flight with 2 hrs notice when we are on the way to the airport and just advise to book another flight,"flights. Have you now managed to be rebooked? If you still need assistance, please let us know. ^Kev 2/2",Fri Nov 03 08:49:03 +0000 2017,False,True
1904338,1904337,I was wondering if I could take a penny board with me (handbags only) on the flight from Austria to London and back?,"As long as the item fits the maximum dimensions, you can take the item in your hand baggage. You read more here, ^T",Wed Oct 25 04:44:04 +0000 2017,False,True
963903,963904,Could you check to see if there are any redemption flights on BA1493?,"You'd need to tell us which date and cabin you're looking for availability on, Trixy. ^Teresa",Tue Oct 24 08:23:27 +0000 2017,False,True
71526,71527,"3 times I’ve been moved out of an exit row aisle, to a middle seat at the back. This is for a flight next month. Seat reserved as silver. Each time you’ve not emailed me, I rely on a 3rd party service to notify me. Each time my vacated seat is empty and I’ve moved myself back.","We’re disappointed to hear this, Thomas. We’ll always try to seat you in your preferred seat but sometimes it’s not always possible. It is concerning to hear that you’re moved from a seat that then remains empty. 1/2",Thu Nov 30 08:06:12 +0000 2017,False,True
947608,947606,"Hello, I would like to to ask you a few questions. Could you follow me ? Thanks",Protection. We can look at this for you. If the flights are Iberia planes we will not be able to add baggage unfortunately. ^Kit 2/2,Wed Oct 11 05:18:23 +0000 2017,False,True
438226,438225,I saw this on via,"Hi Samuel, sorry to see you're having problems logging into your Executive Club account. Our IT department 1/2",Tue Oct 10 15:13:25 +0000 2017,False,True
2117566,2117567,Thank you for calling and for the apology,"Thanks for taking the time to speak to us, Priya. Please do let us know if there's anything else we can help you with. ^Fiona",Fri Nov 17 14:32:32 +0000 2017,False,True
2693400,2693398,"He can not sit unaided, how is removing his seat prioritising his safety. We specifically called to confirm",Did you have a conversation with the crew about this on the flight? The seat you have would have needed to be approved and would need to fit our aircraft correctly. I'm sorry that this wasn't the case and that your son travelled without his seat. ^Danielle.,Sat Nov 18 13:49:51 +0000 2017,False,True
1804465,1804464,Thanks for boarding me on a plane with leaking breaks and 2 hours later telling me to get off to board again in 6 hours...,"Safety is our highest priority and we'll only operate an aircraft when it's safe to do so, Tessa. The voucher you were given was for 1/2",Fri Oct 13 12:46:16 +0000 2017,False,True
2392503,2392501,if 2 passengers are flying will you allocate seats together or am I going to need to pay extra for that?,"Hi Rachel. If two people are travelling on the same reference, then they would normally be sat together. If there were particular seats you wanted, then you could pay in advance to reserve these. ^Paul",Tue Nov 14 08:59:05 +0000 2017,False,True
1461791,1461796,£400+ to upgrade from LHR to EDI this Sunday. You do know it's not April fools right?! #CustomerService #HavingALaughRight,"Hi Keeley, this is because if you change your booking, both flights are repriced by today's rates. The screenshot only shows a oneway. 1/2",Thu Nov 02 15:37:15 +0000 2017,False,True
339227,339229,What do you call an Ironman world champs without a bike? Your fault #pleasefindmybikebox #lostintransit,"Hi Jools, I'm sorry to hear your bike's delayed. Our baggage team are working hard to return it and you can see any updates online at 1/3",Sat Oct 07 18:05:25 +0000 2017,False,True
380851,380850,"leaving our bags behind is one thing, but letting it make a massive detour is a massive let down. #fail #notimpressed","We're sorry for the inconvenience caused, Sander. Have your bags been returned? ^Linda",Mon Oct 09 04:28:42 +0000 2017,False,True
2190010,2190009,"Quite clear that everyone being told not to discuss issue of compensation. Staff we spoke to re rebooking v helpful &amp; polite, but customer relations rep shockingly rude. We just want to know who will pay hotel, dog boarding costs etc!",number for data protection. We can look at your situation. ^Kit 2/2,Thu Nov 09 18:26:38 +0000 2017,False,True
9901,9899,30+ attempts over last 6 weeks to call you about compensation MasterCard that doesn't work. Department not taking calls!,"We're sorry to hear that, Jon. Our Customer Relations team are available on 0344 493 0787 option 3, followed by option 2, 1/2",Thu Oct 26 20:58:49 +0000 2017,False,True
859275,859276,do you know why the 16:35 flight from Gatwick to JFK has been delayed? No info here just says more info at 16:35 🤷🏼‍♀️🤷🏻‍♂️,Hi Len. I'm sorry for the late reply and for the delay to your flight this evening. Please accept my apologies for any inconvenience 1/2,Mon Oct 09 15:14:16 +0000 2017,False,True
82297,82296,"hello, I am a first time flyer and I’m just curious if I can bring my Nintendo 3DS with me in my carry on?","Hi, Owen. Yes you may take this on board but we'd recommend you double check the policy for the particular country you're travelling to. ^Julie",Thu Nov 30 12:31:00 +0000 2017,False,True
2258991,2258990,"Hi, i would like to reserve this flight but I have question about the baggage. Do I have to have to take and checked again at the stop in London ? Thank you","Hi there. Sorry for the late reply. The flights are oneworld partners and as long as it's on a through ticket you will check your luggage in Paris and collect it on arrival in New York, JFK airport. ^N",Fri Nov 10 20:40:22 +0000 2017,False,True
1129522,1129523,. forced me to check a carry-on bag and then promptly lost it. No offer of compensation. I have no clothes nor toiletries.,waiting for it. Keep the receipts and use this link to reclaim the costs I hope it's with you soon. Here's 2/2^LW,Tue Oct 24 01:19:20 +0000 2017,False,True
872972,872970,literally just boarded and yet another filthy seat on a flight back home... #poorsstandards #alwaysthesame,"This is disappointing to see, Nora. Which flight were you travelling on? We'll certainly make sure this is fed back. ^DS",Mon Oct 09 19:23:49 +0000 2017,False,True
2620864,2620863,"And #Commair an hour’s delay and counting isn’t funny at all. No communication zero, nothing, naught 😫","Hi, so sorry you're delayed on our franchise partner Comair. We hope you get away soon. ^Danny",Fri Nov 17 14:08:34 +0000 2017,False,True
2651556,2745712,Day 3. Still sick. Still in the hotel. Still no word from BA other than a call to ask about his symptoms. Our full week in Paris has been chopped in half at this point.,"I do understand how miserable this is for you, Danielle. As Linda explained, we've given your case to our OpenSkies colleagues to respond to and they will be in touch once they've reviewed the complaint fully. ^Hel",Mon Nov 20 15:30:05 +0000 2017,False,True
490066,490065,Thanks for the welcome champagne with a deathly glass shard in it - I feel very welcome,We're very disappointed to see this Murray. We hope the crew were able to offer you a replacement. ^Kit,Fri Dec 01 10:36:25 +0000 2017,False,True
2060298,2060300,"No! Nothing. The curt flight attendant said passenger system is down, he can’t check, Flight is late, take it up with customer services!","Hi Sarah, please see the following link to raise this with our Customer Relations team ^Bm",Thu Oct 19 06:52:57 +0000 2017,False,True
1369217,1369219,It was long wait with no one telling us anything. Then a very unhappy lady at the desk was not pleasant! But just about to board so hopefully better from here !,"Hi Tara. We're very concerned that our staff were less than helpful with information and one lady in particular was very unpleasant. Did you get her name, as we can feed it back to the local manager in Miami airport. ^Neil",Sat Nov 25 21:33:26 +0000 2017,False,True
820612,820610,"once I get gold status as a frequent flyer, is there a way to get tier points for my wife ? Or does she need to fly ?","Hi Will, your wife would have to travel in order for her to earn Tier Points. ^Rach",Sun Oct 08 17:26:24 +0000 2017,False,True
1786784,1786785,"Yep, it is when transferred that site shows the error / doesn’t work. There is going to be a very unhappy toddler and two stressed parents if this delay in check in means don’t get seated together... thanks again for response /sentiment, tho",Hi Paul. Qantas will do their best to allocate seats together for you. Your comments have been passed to our Customer Experience team. ^Linda,Sun Nov 26 06:49:32 +0000 2017,False,True
2010760,2010759,can you please give an updated on my luggage’s whereabouts?,with post code and your temporary address where you're staying. We'll take a look and check for an update for you. (2/2) ^N,Sat Nov 04 19:17:32 +0000 2017,False,True
2536542,2536544,"Hi Monica, so then why was my flight sold as a BA flight with a BA number?",This is because we have a codeshare agreement with Aer Lingus to give our passengers a great choice of routes and flights. ^Fiona,Fri Nov 17 07:05:58 +0000 2017,False,True
2143012,2143013,what’s the point of a loyalty system booking your seat in advance only to have it change and be moved at check in !!!,"Hi Phil. We'll always endeavor to meet seating requests, but sometimes we have to make changes to accommodate families with children or 1/2",Wed Nov 08 21:22:43 +0000 2017,False,True
442514,442515,Find it ridiculous that is completely ignoring my complaint on,"Hi Sian, please be assured we do all we can to answer all our passengers as quickly as possible. Have you contacted our",Tue Oct 10 11:59:14 +0000 2017,False,True
2602796,2602795,Your Technology not working this morning Can’t get a board card for some reason,"Hi there, we're sorry to hear you're unable to retrieve your boarding pass online. If you're still unable to retrieve this then you'll need to proceed to the airport and retrieve it there. We can only apologise for any inconvenience this may cause. ^Cody",Fri Nov 17 07:32:51 +0000 2017,False,True
1552320,1552319,Very excited boy traveling Miami from Orlando especially to travel home on a A380,"We understand his excitement, Caroline! Do you think he'll manage any sleep? ^Lisa",Fri Nov 03 18:56:44 +0000 2017,False,True
2607578,2607576,Flying in December JNB-LHR return. Unable to log into booking online and no help from customer services despite 3 calls and 2 hours on phone. No improvement whatsover. Poor.,"Are you getting an error message, Rohan? Maybe try logging out completely and then back in. Here's the link: ^Gill",Tue Nov 21 09:27:17 +0000 2017,False,True
2541673,2541671,pls can someone help me urgently. I need to check in and the site is not accepting my booking ref. I have tried calling and been on hold for 30 mins,"Hi Trish, we're sorry to hear you're unable to check-in online. If you're still unable to check-in online you'll need to proceed to the airport and check-in there. We can only apologise for any inconvenience this may cause. ^Cody",Thu Nov 16 10:29:53 +0000 2017,False,True
2258959,2258962,Are you mocking me?,"Hi there. I'm sorry, but my messages was not meant to cause you any offence. I meant to say that these seats are normally restricted for those passengers who are travelling with infants. However, we can appreciate your frustration if the seats isn't what you're normally (1/2)",Sat Nov 11 04:51:12 +0000 2017,False,True
1649225,1649224,we have a flight booked with you from Heathrow to Toronto are we able to purchase a meal for our infant?,"You can do this via Manage My Booking, Helen. You can find more information here: ^Alex",Tue Oct 17 06:58:05 +0000 2017,False,True
2324954,2324952,- online checkin for flight BA2154 today not working. Is there a system problem? Need to ensure an aisle seat for my wife.,"There's nothing reported, Simon. You will need to check in at the airport and speak to them about an aisle seat for your wife. ^AlexL",Mon Nov 13 11:35:18 +0000 2017,False,True
2764885,2764887,Thank you for the clarification! Done one leg of my trip anyways. 💃🏽,"Hi Darshan, we’re sorry for the confusion. We hope you had a great flight! ^Amy",Tue Nov 21 09:45:57 +0000 2017,False,True
1869864,1869863,"I want to travel before new year with you but my passport expires 8th Feb 18, would you allow me to travel?","Hi, Kayleigh, it depends where you're travelling to, and the documentation requirements for the country you're arriving into. ^Cec",Tue Nov 07 10:49:37 +0000 2017,False,True
664590,664589,Actual 14:19? We're still on the tarmac at LHR! Over 2 hours now. Why didn't you tell us about the delay before we boarded?,"Hi Rick, sorry to hear you're heavily delayed. Please click on the following link for live updates",Tue Oct 10 15:14:27 +0000 2017,False,True
1881240,1881241,yet AGAIN! BA have managed to cheese me not alllwing me to pay for seat change &amp; CS no help,Hi Sarah. We're sorry you've been experiencing issues. We would recommend that you speak to a...1/2,Tue Nov 07 20:00:42 +0000 2017,False,True
2576540,2576539,No flights on Christmas Day direct from Scotland to London to catch my flight to Australia 🤔 no trains either . My options are.....,"so you know, if you've booked through a travel agent, you'd need to contact them directly to make any changes. Many thanks. ^Lisa 2/2",Thu Nov 16 18:24:55 +0000 2017,False,True
1502231,1502229,been queuing for 2 hrs at #LHR trying to rebook #YYC flight missed earlier due to connection delays from fog! ☹️☹️,"Hi Louise, the staff at the desks are working as quickly as possible to get all passengers rebooked. ^Sarah",Fri Nov 03 15:27:35 +0000 2017,False,True
329028,329027,Thank you but neither option helped. Still get this unhelpful error message #fail,"We’re sorry to hear this Jonathan, if that didn’t work you’ll unfortunately, have to print your boarding pass at the airport. 1/2",Wed Oct 11 17:16:27 +0000 2017,False,True
2430671,2430669,#pricepromise only on same day even though YOU sent me the link the DAY AFTER I booked #bad #CustomerExperience,We're sorry you remain unhappy with our Price Promise policy Jade. ^kit,Tue Nov 14 18:47:39 +0000 2017,False,True
2536554,2536553,Can I take kindle onboard LHR to JFK?,"Yes you can Nicola. Make sure it's fully charged when you travel. They are banned on some routes, however, you're able to take it on board your flight to New York. ^Oliver",Thu Nov 16 17:18:47 +0000 2017,False,True
36191,36189,"Hey I have questions on my exec club profile and combining avios, what email can I use to contact you as it’s not clear?","of address and postcode for data protection, as well as your questions. ^HP 3/3",Wed Nov 01 09:40:05 +0000 2017,False,True
328639,328637,"Yeah 3hours, but if I miss the connected flight, will I be able to get the next flight for free?","Hi, Quentin. As long as both flights are on the same booking, then yes our airport staff would rebook you. Many thanks. ^Lisa",Sat Oct 07 16:13:30 +0000 2017,False,True
800522,800521,where can I fill in the address where I will stay in the US?,"Hi Niklas, you can log the US address in Manage My Booking next to your name where it asks for the passport details. ^Kit",Thu Oct 12 14:39:37 +0000 2017,False,True
391792,391794,Good to get a response. Seen such a terrible decline in one of my favourite brands recently that reluctantly I am about to move to Virgin,We're sorry to hear this Jan. Hopefully you next flights will be just as enjoyable and help change your feelings. ^Kit,Mon Oct 09 17:21:18 +0000 2017,False,True
1365247,1365246,how can I check about flight delays and cancellations due to #opheliahurricane ??,"Hi there, you can check for latest updates on under flight information. Hope this helps. ^Alex C",Mon Oct 16 11:00:35 +0000 2017,False,True
1998342,1998341,My bf is @ Hamburg and flight is delayed &amp; he is gna miss his connection flight. Can't get thru on phone or there plz help,"Hi Joana, as his bag will be checked in, he'll need to speak with the airport staff. This is so his bag can be reflighted correctly. ^Kimber",Fri Nov 03 13:42:46 +0000 2017,False,True
1644887,1644885,hi! My parents flight was cancelled yday and I was wondering if this affected their car booking hire in FL?,3/3 0208 707 4460 opt 1. The team are available 24/7 on this number. ^Linds,Sun Nov 05 15:34:33 +0000 2017,False,True
607177,607175,#OnThisDay 40 years ago the first Concorde G-BOAA flew to New York - find out more about Scotland's Concorde at National Museum of Flight here,"Hi there, what an aircraft it was and still is ! ^Tom",Wed Nov 22 11:13:05 +0000 2017,False,True
987587,987589,that's the problem with corporate policy that comes before good customer service.Flexibility is the sign of a good company.,"We’re sorry for the inconvenience Paul, we’ll pass it on as feedback. ^Kieran",Sun Oct 22 12:04:22 +0000 2017,False,True
136650,136649,Katie call centre in Didsbury - super helpful and very cheery first thing this morning. It must be Friday 😂,"Thanks for your lovely comments about Katie, James. If you have time would you mind using this link? Have a great day. ^Gill",Fri Nov 24 09:22:39 +0000 2017,False,True
1435201,1435203,"hi, is there a lagos flight booking number? Trying to book a flight with Avios and cash. Thanks.","You can find our contact details here: If you’re a Blue member of our Executive Club, you can make your 2/3",Thu Nov 02 09:51:53 +0000 2017,False,True
1738474,1738473,hi - if I buy a ticket partly with avios do I still earn tier points?,"If you book a commercial fare and reduce the cost in exchange for Avios you'll still earn Avios and Tier Points, Lisa. ^Steph",Tue Nov 07 08:00:15 +0000 2017,False,True
328632,328634,Now arrived in B'ham. Someone appears to have forgotten to pay for the steps....we've been at the gate for 10 mins. Not going well is it?,I hope you didn't have to wait much longer for your bags to be delivered to the carousel. ^BS 2/2,Sun Oct 08 00:06:09 +0000 2017,False,True
993635,993639,It's shameful how airlines charge the earth for one way journeys. I'm looking at you. 🧐,"We understand your frustration, Mark. We'll pass your comments on. Often, the one way fares available are only those which are flexible, 1/2",Sun Oct 22 10:53:29 +0000 2017,False,True
2022159,2022158,explain the purpose of a tracking number for your luggage when it's not used to track it? #lostluggage #uselessBAasperusual,"We're sorry your luggage has been delayed, Nikita. If it's only recently been registered, it can take some time for the first update. ^GH",Sun Nov 05 17:38:48 +0000 2017,False,True
109256,109255,aaaaaaaand if you dont live in London???,"Hi there, Declan. What is it you're trying to do here? ^Stephen",Thu Nov 23 17:08:49 +0000 2017,False,True
2821669,2821668,"just wanted to thank Emily from flight BA793 GOT -&gt; LHR for both being nice, friendly and helpful as well as staying cool, calm and collected whilst dealing with some tricky customers on arrival in Heathrow","Hi Gavin, thanks for taking the time to let us know. Very much appreciated we'll certainly pass your comment on. ^ Barbara",Sun Nov 26 21:29:20 +0000 2017,False,True
1059982,1059981,Top marks Thanks for the kids entertainment pack and the visit to the cockpit.,"That's great, Jonathan! What an experience. We hope to welcome you both on board again soon. ^Cec",Mon Oct 23 07:35:04 +0000 2017,False,True
1836783,1836785,travelling back from Jed on sat am I allowed to check in a bottle of zam zam water for free on top of my 1 bag allowance,not be able to accept it. You can check this in along with your checked in baggage allowance. 2/3,Wed Oct 18 16:05:41 +0000 2017,False,True
1292606,1292608,My flight has been canceled ! ! ! ! ! ! ! ! ! ! ! ! ! ! !,We're sorry to hear this Julie. Has the staff at the airport managed to rebook you? ^Kit,Sat Nov 25 20:33:13 +0000 2017,False,True
659288,659287,"how long does a direct flight from Heathrow to Haneda, Japan take?","Hi Jodie, that's a flight time of 11 hours and 45 mins. ^Helen",Wed Nov 22 19:13:16 +0000 2017,False,True
2744931,2744932,The slow demise of continues... British Airways to board passengers in cheap seats last -,"Hi Russ, we are always looking for ways to improve and simplify the airport experience for our customers. Next month we are introducing new boarding procedures to speed up the process and make it simpler for customers to understand. 1/2",Mon Nov 20 14:53:07 +0000 2017,False,True
1960761,1960760,Coffe &amp;cake #turinsirport on the inaugural flight to #Heathrow T5 but no inaugural prosecco on board,"Hi Luisa, thanks for sharing! We hope you enjoy your time on board and we have another tipple that takes your fancy! ^Lacey",Sun Nov 26 09:40:38 +0000 2017,False,True
1585285,1585287,"Thanks. I’ve been on E170s where the ground crew have said, “The flight’s full, no way it’ll fit”, then there’s been a dozen empty overheads","Hi Antonio, this is disappointing to hear. We understand how important it is to keep musical instruments safe during travel and we'll",Tue Oct 17 08:50:52 +0000 2017,False,True
1420173,1420185,I now we get the primary meal - it’s the lack of the 2nd selection that I have the problem with. Is there more on offer than a biscuit?,"Hi Michaela, I'm sorry you're disappointed with your 2nd selection. I'll pass your 1/2",Sat Oct 28 19:57:25 +0000 2017,False,True
1436873,1436875,Making travel plans? Stay far away from ...suitcase is still missing after a week &amp; I get a new story everyday #ridiculous,"Hi, Sarah. One week is unusual for a bag to be delayed. Perhaps the tag has come off and so we have to manually look for it rather than 1/3",Thu Nov 02 10:13:21 +0000 2017,False,True
2673841,2673840,"Thank you to the lovely crew on BA10 who provided a lovely surprise for our honeymoon back from Bangkok with champagne, dessert &amp; this card","That’s fantastic to hear Urmita, we’ll make sure to pass on your kind words. We hope you have a lovely honeymoon. ^Kieran",Sun Nov 19 10:55:26 +0000 2017,False,True
1312240,1312239,"I'm fortunate. I'm a Gold Guest List member and normally fly 1st. This time economy - no service, no washpack, no manners!","If you'd like to send us some more information, we can feed this back to the cabin crew on board. 3/3 ^Ashleigh",Fri Oct 27 05:39:18 +0000 2017,False,True
39836,39834,"Thanks, I called London and got it sorted out.","We're very pleased to hear this, Asa. Please let us know if we can help you with anything further. ^Jane",Wed Nov 01 11:54:42 +0000 2017,False,True
2723883,2723885,"Keiran, would you be able to send me an email address please. Thank you","Once we have the requested details, we'll pass on to our Executive Club and they'll contact you directly. Alternatively follow this link: ^Gill",Mon Nov 20 13:53:09 +0000 2017,False,True
1643428,1643427,Not impressed Just drove an hour for LHR flight to Leeds. Turn up and can’t get through. Flight cancelled no notification.,if you need any help rebooking your flight. Our airport staff will also be happy to help you. 2/2 ^L,Tue Oct 17 06:37:26 +0000 2017,False,True
189636,189635,someone left their headphone jack in my seat - no entertainment for 8 hours :(,"We're sorry to hear that, Kris. Did you mention this to the crew on board? ^Linda",Sun Oct 01 14:26:51 +0000 2017,False,True
542823,542822,finally managed to get someone to take my complaint seriously. Natalie at BA lounge Heathrow really helpful... the BA exec club line failed me twice. #learnfromyourmistakes,"We're glad you got through to someone, Vicky. Let us know if you've any further queries. ^Paul",Sat Dec 02 13:31:37 +0000 2017,False,True
673812,673811,your celebrity safety video is far more enjoyable to watch than the usual dribble! Genius idea,"We're glad to hear you like the new safety video, Chris. ^Cody",Thu Oct 05 14:08:11 +0000 2017,False,True
1744715,1744714,flew to Heathrow this morning and thought the comic relief safety video was really funny with all the celebs in it! 👍🏻👍🏻,"I know what you mean, Scott. Have seen it a fair few times myself and hasn't got boring yet. It's informative and raises a smile. ^SR",Thu Oct 05 15:44:42 +0000 2017,False,True
624685,624687,You had a thing where you could win free tickets like a game in the station,Hi Emily. That was some time ago. We're not aware of any plans for this to happen tomorrow. ^N,Thu Nov 02 21:13:59 +0000 2017,False,True
1906925,1906924,unable to make a complaint through your website. Your phone number doesn’t allow me to speak to anyone. Totally...1/2,We're sorry you haven't bee able to get through to us. Click here to send our Customer Relations team the complaint^,Wed Oct 25 11:25:50 +0000 2017,False,True
381324,381323,CRACKED computer screen caused malfunctioning BA seat recliner. Offered 50 pound rebate towards a BA flight. Cheap n nasty,"Hi Christian, if you're unhappy with the response from our Customer Relations team, we'd recommend you email back using the link available.",Tue Sep 12 13:22:41 +0000 2017,False,True
819092,819091,The wedding dress has layers of netting etc. and a train - it’s quite heavy. How do I get it to my daughter???,"Hi Jacqueline, the link sent to you by my colleague in the previous message will help you.^Jo",Thu Oct 12 20:07:17 +0000 2017,False,True
678910,678912,The ground staff and lounge staff at Gatwick deserve a special shout out. They have all been lovely!,We'll certainly pass on your postive comments. I'm sure they will more than appreciate them. Thanks Tony. ^Raj,Thu Nov 23 07:37:56 +0000 2017,False,True
387747,387746,203 arrived 15 min early but only got us a gate 20 min late = 35 min waiting. WTF?!,"I'm sorry to hear that, Stephen. I'll pass your comments on to our Management team to look at. ^Marie",Mon Oct 09 01:43:40 +0000 2017,False,True
887243,887244,"Hi Kieran, as a IAG customer I would hope the situation is taken seriously, happy to provide on business AC number or EC number if it helps","Hi Richard, I can understand your frustration. While BA and IB are both part of IAG, we're still run as separate companies and we can't 1/2",Fri Oct 20 17:45:25 +0000 2017,False,True
1372150,1372149,"great service from Beverley &amp; Cat on BA208 this morning - they were brilliant with our small kids, thanks!",Cabin Services team who will let the crew members know you've been in touch. (2/2) ^N,Fri Oct 27 15:07:57 +0000 2017,False,True
1926268,1926269,"That's your interpretation, it's not clear, otherwise I wouldn't have booked those seats. Didn't get what I thought I was buying!","We're sorry you feel this way, Alex. We'll certainly feed back your comments. ^Alex C",Wed Oct 18 18:17:57 +0000 2017,False,True
963558,963557,"poor service today, bumping me off 1st flight &amp; 2nd due to man and computer error. Poor compensation &amp; 4 hrs late 4 my mtg",to hear the service you received was so bad. Tell us the flight you were originally on and we'll feed it back to the duty manager. (2/2) ^N,Thu Sep 07 15:46:13 +0000 2017,False,True
2590233,2590238,hi how long does a refund take? Thanks,"Hi Pete, this will depend on the complexity of the refund and how soon your bank clears the payment into your account. ^1/2",Mon Oct 30 18:11:52 +0000 2017,False,True
230461,230460,Still no reply! Can you please confirm your customer relations team have received the complaint?,All cases are being dealt with in order of date received. A member of the team will be in touch as soon as possible. ^Lisa 2/2,Sun Aug 06 21:41:47 +0000 2017,False,True
384368,384367,"Wow that is revolutionary, thanks for that information. I was informed that I would get an email within 3-5 days from it being requested","As advised, Billy, your refund will be with you as soon as possible. ^Jamie",Sat Sep 02 09:55:23 +0000 2017,False,True
164471,164470,Will I get tier points if I pay partially with my Avios?,"Hi, Ambar. If you would be looking to reduce the cost by part paying with Avios, then yes you would receive any eligible Tier points. I hope this helps. ^Lisa",Fri Nov 24 19:11:08 +0000 2017,False,True
949359,949358,Someone booked a hotel on my Avios fully fraudulent - can't figure out who to contact. I got a confirmation # NEED HELP.,"number, email address and full home address. We'll see what we can do to help. 2/2 ^Amy",Sat Oct 14 00:48:45 +0000 2017,False,True
1235062,1235060,Is there any disruption to flights from Belfast (BHD) to Heathrow and on to San Francisco due to Hurricane Ophelia tmrw?,"Hi Laura, there are some cancellations tomorrow. You can see the latest news online at ^BS",Sun Oct 15 18:16:01 +0000 2017,False,True
1115549,1115548,Never flying again. Old and dirty plane and to top it up sure had food poisoning from the meal. #avoidbritishairways,"We're sorry you didn't enjoy your time on board, Patricia. Can you let us know which flight this was? ^SR",Mon Oct 23 13:59:38 +0000 2017,False,True
2324985,2324984,"16 days until we jet off to Las Vegas with . Maybe, just maybe we might get a free upgrade this time?! #wishing 😂😁🏜✈️","Hi Emma, it'll be here before you know it. We're looking forward to welcoming you on board. ^Bm",Mon Nov 13 12:43:26 +0000 2017,False,True
387351,387349,HellO trying to verify if my husband and his mum has ben rebooked for paris tomorrow as flight cancelled,refund the ticket or rebook the passengers on to the next available BA flight. ^Julie 2/2,Mon Oct 09 12:51:46 +0000 2017,False,True
137902,137901,"hello, I did the online check in but I want to change the seat. How to contact u to change the seat??","Hi Anoud. Once you’ve checked in, you’ll have to ask at the check-in desk at the airport, as we won’t be able to help. ^Monica",Fri Nov 24 08:28:53 +0000 2017,False,True
1715517,1715516,"I’m at Lisbon Airport, air side. 18:50 flight to LHR is now 2+ hours delayed. Are you supposed to give us food and drink?","Hi Wes, we're sorry your flight has been delayed this evening. Have you spoke with a member of staff at the airport? ^JR",Tue Oct 17 16:35:43 +0000 2017,False,True
114840,114839,Throwback to my first club world flight with back in March 2016! Bound for a Phoenix for my hour building &amp; CPL! The upper deck was an incredible experience! The crew were extremely accomodating &amp; friendly! The flight deck was awesome! ✈️,"And the habit of a lifetime was born! Thanks so much for sharing, Joshua. I'm very glad you're a fan. ^Kimbers",Thu Nov 23 19:28:07 +0000 2017,False,True
819650,819649,"hi, how would i request a refund for taxes and charges for a flight I did not fly that was booked via a travel agent?","Thanks for your Tweet, Lorenzo. You'd simply contact the travel agent and they'll make the arrangements for you. ^SR",Thu Oct 12 19:59:57 +0000 2017,False,True
1614859,1614862,Why would you think anyone would be anything but disappointed? Especially for something that most airlines don't charge for.,"Sorry you remain unhappy, James. If we can help you with anything else, please don't hesitate to contact us further.^Jo",Sun Nov 05 14:01:13 +0000 2017,False,True
234436,234437,"Come on guys, u must have some sort of update by now surely?! Was the box even loaded in Barcelona?! If so, it should've arrived in LHR!!","Glad to hear your bike has been located, Shane. I’m sorry you were without it. ^DR",Fri Oct 06 10:28:02 +0000 2017,False,True
1019655,1019653,And I’ve received no reply from your customer service since I complained a week ago! Case reference: 17009954,"Hi AJ, our Customer Relations team will be in touch with you to discuss these issues as soon as they can. ^Kimbers",Sun Oct 22 08:43:23 +0000 2017,False,True
1762622,1762620,I've been getting this message from the app for 4 days now. Is there an issue? Works fine on website.,We're sorry about this. Have you tried uninstalling and reinstalling the British Airways app? ^DaniH,Fri Oct 27 08:25:17 +0000 2017,False,True
2563722,2563720,what's up with your website? Tried different browser and device. Lots of others tweeting the same and you're claiming it's not an issue your side?,"We're sorry about this, Liam. Are you trying to access your Executive Club account or use Manage My Booking? If you're wanting to make a new reservation, our Sales team will be happy to help. You can find their contact details here: ^DaniH",Thu Nov 16 17:02:49 +0000 2017,False,True
5071,5073,"Wasn’t told I had to when speaking to BA, conveniently forgot to tell me that very important fact","Hi Chris, when you were speaking to someone about this did they give you any reference number? ^Jane",Wed Nov 01 07:15:18 +0000 2017,False,True
1505170,1505168,"Hello - flying LHR-ORD on BA295 this Wednesday, just wondering if it's one of the 747s that now has wifi?","Hi there, Ben. We do have WiFi in operation but I'm afraid there's no way to confirm whether you will or wont have it, sorry. ^SR",Mon Nov 06 20:05:32 +0000 2017,False,True
700109,700108,A huge thank you to for the swift resolution to my damaged case claim. Much appreciated.,"We're glad to hear this, Michelle. Please let us know if there's anything else you need a hand with! ^Kimbers",Thu Nov 23 13:08:54 +0000 2017,False,True
988524,988525,I paid for upgrades for us all. we couldn't book online &amp; flight was considerably overbooked we were told we we lucky 2b on flight at all,"We're sorry the process before your flight wasn't as expected, and you weren't all sat together, especially on such a special occasion. ^Cec",Mon Oct 23 09:16:34 +0000 2017,False,True
635237,635236,Service on board flight BA98 from Toronto to LHR was excellent...loved the pre-flight safety video too #speedbird,"So pleased you had a great flight with us, Reuben. The safety video is a hit with all of our passengers. Hope we can welcome you on board again very soon?^Jo",Wed Nov 22 14:25:45 +0000 2017,False,True
1479228,1479227,app not working. Not helpful!,"Hi James, we're sorry for the problems you're having with our Mobile App. Do you need any help with your booking? ^Lindy",Fri Nov 03 05:36:51 +0000 2017,False,True
60471,60472,Time to make the long journey home with,"Apologies for the delay in responding to you, Adam. We hope you had a pleasant flight! ^David",Wed Nov 01 20:38:07 +0000 2017,False,True
1236734,1236733,checking on flights to Dublin Airport on 10/16.,"Hi Kirstie, there are some cancellations tomorrow. You can see the latest news online at ^BS",Sun Oct 15 18:33:05 +0000 2017,False,True
826018,826017,"Can't really complain, the crew was great 😊","That's good to hear, Guillaume! I'm glad the crew made the flight enjoyable despite the lack of power. ^BS",Fri Oct 13 01:00:43 +0000 2017,False,True
928,2532610,"I have flights to Barcelona on the 23rd of Nov. I can't travel now, what should I do? Can I re-book for a future date, they're not flexible","Hi Helen, what date are you looking to change to? Can you send us your full name, booking ref and email address please? ^Amy",Sun Oct 29 20:59:32 +0000 2017,False,True
1885,1884,"Find this terrifying. Hard to use self check out kiosks, grateful &amp; let me go human recently.",ask if you wish for any help or questions. We're here 24/7 and will respond as quickly as we can 2/2. ^Oliver,Tue Oct 31 16:49:44 +0000 2017,False,True
2535096,2535094,"correction, the expenses claimed was file in September 30,2017. Please let me know how long I should wait ?","Thanks for sending in the details we needed to settle your claim. I have arranged a bank transfer for $1180.40 in to your account, using the details you provided. If there is anything else we can help with, just Tweet us. We're here 24/7! ^Marie",Tue Nov 14 03:07:06 +0000 2017,False,True
2139083,2139082,just heard you are restarting flights to Pakistan? Is it true?,"As we advised before, Umair, we have no information about this. All new routes are announced on ^Hel",Wed Nov 08 19:16:49 +0000 2017,False,True
839555,839554,Is it true that there is no lounge access in FLL for Biz Class Guests?,access at the airport or online with a 3rd party company. I've passed on your comments to our Management team. ^Marie (2/2),Mon Oct 09 02:23:46 +0000 2017,False,True
1906860,1906859,Could you please follow so that I can DM regarding something? Thanks.,"We are following you now, Jacobo. Remember to quote any references you may have with your full name, address and telephone number. ^Julie",Wed Oct 25 11:35:43 +0000 2017,False,True
2444301,2444300,terminal 5 self service is the worst airport experience i have ever had.,Hi Tom. Is there anything in particular that makes you feel this way? ^Natalie,Sun Nov 26 15:47:01 +0000 2017,False,True
20831,20833,this is more than inconvenient. Would you prefer I pursue through small claims court or can you refund now instead ?,"Hi Sally, I'm sorry for the delay in responding to you. Are you available for a call? ^Kit",Sun Nov 05 08:47:46 +0000 2017,False,True
388139,388142,Have a compensation claim thay has been going for nearly 2 months with reasons keep changing. Why?,"We're sorry you're not happy with the outcome so far, Chris. We can only recommend you keep in touch with Customer Relations. ^SR",Mon Oct 09 14:15:30 +0000 2017,False,True
2825910,2825912,London is just amazing - but I just booked Miami in February with you - what a great deal it was. Looking forward for the ☀,"Exciting times, Christian! Will it be your first time visiting Miami or have you been before? ^JulieR",Mon Nov 27 20:07:41 +0000 2017,False,True
2839034,2839033,how do I get a cancellation letter from you as we cannot travel and it was non refundable? I can't find the help and contact that your operator suggested I find to obtain this and invoices showing what had been paid for my booking. Thanks,"Hi there. Please visit to attain a copy of the invoice. Alternatively, you can view your e-ticket receipt in Manage My Booking. ^David",Mon Nov 27 11:17:18 +0000 2017,False,True
1818731,1818732,"Hey , I'm flying from Lon Gatwick to Lima Peru,flight BA2239 this Sunday 22nd October, is WIFI available on this flight?","We're slowly rolling out WiFi, James. We wouldn't be able to guarantee that it will be available...1/2",Tue Oct 17 18:15:02 +0000 2017,False,True
320967,320966,Back home on Sunday!,"We look forward to welcoming you on board tomorrow, Louise. have a great flight. ^Lisa",Sat Oct 07 11:07:50 +0000 2017,False,True
2403499,2403498,"Hi BA, If I'm taking a first class flight out of Heathrow T5 how early before the flight can I drop off my bags and go through security? Many Thanks.","Hi Ryan, bag drop opens three hours before departure, unless it's very early morning then this time may be reduced. ^Chris",Tue Nov 14 10:47:05 +0000 2017,False,True
1013399,1013398,Letter from telling. Begins ‘you haven’t managed to maintain Siliver this year’ not ‘thank you for another year of custom’,"We really do value your loyalty, Kevin. Hopefully you'll be back to Silver in no time! ^Anthony",Sat Oct 14 10:02:34 +0000 2017,False,True
90925,90927,Complete waste of time. It let me go through the options and then said you're too busy so can't answer and hung up on me. What's the point.,I'm sorry to hear you were unable to get through. Please do keep trying. ^Kev,Thu Nov 30 14:59:34 +0000 2017,False,True
1247819,1247818,When can we see your flight dates for Sept 10th 2018 onwards to Kuala Lumpur please🛫? I could only see to the 10th. Thanks.,"Hi Emma, flights are release daily, in order, Emma so you should see them very shortly; in around 4-5 days. ^ Lesley",Sun Oct 15 18:05:36 +0000 2017,False,True
1700709,1700712,I was told by an airstewardess friend NEVER to ask about discounts!?,"There’s no guarantee, but you don’t get if you don’t ask, Kirsten. There are occasions were we have upgrade offers, subject to availability.",Tue Nov 07 07:19:00 +0000 2017,False,True
2162122,2162121,"Japan, it changes you, a place on everyones bucket list! #ttot #travelblogger",Hi. Thanks for your Tweet. A truly wonderful country to visit. ^Kev,Thu Nov 09 09:44:56 +0000 2017,False,True
1020027,1020026,why have a “Bag Drop” line at Milan Linate when no one works the counter for 30 minutes 😑,"Sorry you were waiting to check-in, Kiley. We hope it didn't cause too much inconvenience. ^Anthony",Sat Oct 14 10:35:43 +0000 2017,False,True
1730319,1730316,Your site says we can select seats on check in AND that they are allocated on check in &amp; have to pay to change.Which is it?,"If for any reason you can't request seating during online check-in, the airport will allocate your seating. ^Cec 2/2",Tue Nov 07 11:24:31 +0000 2017,False,True
2743932,2743934,"of course, the logical way to load a plane would be back to front but that would mean first class got on last And We Can't Have That Can We","This method has been used by airlines around the world for a number of years, including by our partners, American Airlines, Iberia and Qatar. ^Kieran 2/2",Mon Nov 20 14:50:43 +0000 2017,False,True
915173,915172,if history repeats itself BA are a total shambles! Please Leave the check in desk open in Lima 4 ALL passengers connecting,"Hi Melissa, we have strict closing times for the check-in desks, and we’re not able to extend these. 1/2",Sat Oct 21 00:03:29 +0000 2017,False,True
2493408,2493406,Looking to fly with on my first long haul how do I get a free upgrade any ideas please #free #ba #surprise,"Hi Marcus, we look forward to welcoming you on board! Where do you fancy travelling to? I'm afraid complimentary upgrades isn't something we'd normally offer. ^Rach",Wed Nov 15 16:19:54 +0000 2017,False,True
290616,290618,No. Ridiculous. Why have a website if you don't allow people to book on it? Have you tried to book ANYTHING after Sept 25? Try it &amp; see,sorry for any inconvenience you've experienced. We're working hard to resolve all online issues. 2/2 ^L,Fri Oct 06 15:55:42 +0000 2017,False,True
923822,923824,Thank you for replying. Using app. Happy to check in at airport but just hope we don't end up sitting apart or get booted off flight,"Hi Anna. We appreciate your concerns, but our staff should be able to help you. You could also speak to the crew on boarding. ^N",Tue Oct 10 20:41:07 +0000 2017,False,True
1736420,1736419,"BA0043 Sunday 5th Nov W T Plus to CPT. Leyton ,his manager &amp; team show BA can recover. Like the old days . Well done .","Great to hear that, Steve. We’ll pass your kind comments to our cabin crew. Thanks! ^Monica",Tue Nov 07 12:50:33 +0000 2017,False,True
868899,868898,Is there no way to contact ground staff at Heathrow and get it taken off the flight?,You can call them on 0203 761 1800. Calls will be charged at local rate. We hope you find your headphones soon. 2/2 ^DaniH,Fri Oct 20 13:06:55 +0000 2017,False,True
966485,966483,Thank u for Flying with #TeamRuth. She looks the perfect hostess in the set up video courtesy of 😀👍,"Strictly speaking, Ruth looks stunning. Is it your turn to strut your stuff next year, Eamonn? ^Linds",Sat Oct 21 23:22:24 +0000 2017,False,True
171951,171952,As i said you'd have been happy to take an extra £500 without informing us that cheaper flights were available. That is disingenuous. You could easily flag that cheaoer options are now available but choose not to. That is unfair to loyal customers. It stinks of money grabbing,"We appreciate your disappointment. However, if the price had increased, we wouldn't expect you to pay the difference. You can forfeit your £5.00 hold fee and make a new booking with the new fare you've found. ^Linda",Sat Nov 25 08:48:35 +0000 2017,False,True
2430659,2430660,I'd be very interested to hear from a member of the leadership team as to how this policy meets the highest expectations of BA's customers. Considering the inflated service promises through ad campaigns that have been rammed down our throats over the years.,"We're sorry you feel this way. Our Leadership team are an internal team, who review our policies internally. I'm afraid you wouldn't therefore hear back from them. Sorry for any disappointment. ^Lisa",Wed Nov 15 12:15:52 +0000 2017,False,True
2166535,2166534,Note to Executive Club UX team - marking a field 'optional' when it - surprise! - turns out to be required is virtually guaranteed to piss off the user. #badUX,"Oops. We’re sorry about that, John. We’ll get our Web team on the case as quickly as possible.^Corry",Thu Nov 09 08:55:29 +0000 2017,False,True
499040,499039,had a terrible experience landed 7.15pm left airport at 9.50pm. Not a great start to a trip 😖,We're sorry to hear this Liz. We hope you weren't too inconvenienced. ^Kit,Fri Dec 01 11:46:35 +0000 2017,False,True
114829,114830,Advice given to my father was to ask a fellow passenger with leg room to swap. My mother has medical papers to show her flight caused the swelling in the first place! How can #BritishAirways put my mother at risk in this way? #LivesDontMatter #Negligent #DVTrisk,"We're we given advance warning about this, Betty? We can often help our passengers who require special assistance but we need to be informed about it before the flight. ^Stephen",Thu Nov 23 21:19:18 +0000 2017,False,True
2083135,2083136,"Is your website down? Had problems with manage my booking all afternoon. Tried desktop, iPad and app. Thanks",aware of it and are looking into at the moment. We don't have a timescale for a fix yet. Sorry for the inconvenience. (2/2) ^N,Tue Oct 10 19:19:36 +0000 2017,False,True
412450,412449,Great service on tonight's Ba555 from Rome. Brilliant crew.,"We're glad you enjoyed your time on board with us, Mark. We'll be sure to share your comments with our team. ^DaniH",Mon Oct 09 21:08:08 +0000 2017,False,True
2690418,2690417,On board with routing back from Munich to London 👌,"Welcome home, David! We hope you've had a lovely flight with us today. ^Kimbers",Sun Nov 19 14:33:25 +0000 2017,False,True
48398,48399,"Again you haven’t been fair unless you try to price fix and rip off all customers, waste their time, show no standards for business class and treat people like they are inept. Add the attempts to mismanage flight compensation, flight delays over and over. It’s not good enough",We're sorry you remain unhappy. Thanks for taking the time to discuss things with us. If you'd like to accept the gesture let us know.^LW,Wed Nov 08 12:45:43 +0000 2017,False,True
781344,781343,please advise what baggage permitted on booking ref UXAXO8. Thx,"Hi, we're sorry for the late response. The baggage allowances can be found on the following link ^Kit",Wed Oct 11 20:44:19 +0000 2017,False,True
1525244,1525246,Im in my home country and my bag is still in London when they sent gulf air one bag yet the other was not sent ....,"Hi, did you provide your details and receive a WorldTracer reference when you arrived? ^Teresa",Fri Nov 03 22:38:14 +0000 2017,False,True
789124,789126,Landed on 188 from EWR. A little disapppinted the aircraft was swapped from 787 to aged 777 but smooth flight.,"Glad to hear it, James. I do hope you weren't too disappointed. ^Lisa",Thu Oct 12 11:22:57 +0000 2017,False,True
2143072,2143075,tried to change the date of my flight but it's over £100 cheaper to book a new flight with another airline! No choice there,"Hi Emma. Our prices are based on current availability plus your change fee. If you decide not to travel with us, you may be entitled to 1/2",Wed Nov 08 18:56:03 +0000 2017,False,True
1326741,1326740,Morning . Please advise if you offer unaccompanied minor service from LHR to JHB? Thank you,Hi Lisa. I'm afraid we don't offer an Unaccompanied Minor service anymore. ^David,Mon Oct 16 07:51:41 +0000 2017,False,True
2840562,2840564,"Thanks, managed to do it in the meantime..!","Great news, Lorenza. Feel free to get in touch if there's anything else we can help with. ^DaniH",Mon Nov 27 16:53:58 +0000 2017,False,True
2900731,2900733,Thanks much appreciated. Feel free to DM me for the booking ref if they need it,"Hi Ainslie, thanks so much for the offer. We look forward to welcoming you on board again very soon.^Jo",Tue Nov 28 19:34:29 +0000 2017,False,True
601623,601622,I loved thesafety demonstration video displayed on screen. It's very creative and innovative way to instruct and educate people.,"Hi Krati. Yes, we love the new safety video as well. It's pretty hilarious. ^Neil",Sun Dec 03 17:52:18 +0000 2017,False,True
2672766,2672768,is it possible to pay on my credit card for my sisters flights without me being present at travel? What proof of purchase does she need at the airport?,"When you make your booking for your sister, it will ask if you're a third party or if the credit card holder isn't travelling. 1/2",Tue Oct 31 07:55:27 +0000 2017,False,True
1645723,1645722,"Trying to book my ticket with , the system keeps telling the flight is sold out whilst completing my transaction :( #help",Have you tried deleting your internet history and trying your search again? This usually remedies the issue. ^Linds,Sun Nov 05 15:56:35 +0000 2017,False,True
708749,708751,"Thanks a bunch for your response. Staff were especially great, really attentive &amp; helpful. Will do, hope to travel with you again soon 😊",Hi Kiran. Your message is lovely and I know they crew will appreciate it when we tell them. We're already excited for seeing you again. ^N,Tue Oct 10 20:20:24 +0000 2017,False,True
1381285,1381284,Hello ; I logged a claim on Saturday 7th October but no reply as yet. Any idea when you'll be in contact to resolve?,"Hi Philip, I'm sorry about the delay. Someone from our Customer Relations team will be in contact shortly. ^Marie",Fri Oct 27 20:33:48 +0000 2017,False,True
241796,241797,We are inconvenienced - we’ll be getting home 24 hours late now and have spent hours sat waiting for a flight that never came!,"We're truly sorry for the inconvenience caused, Beckie. If you've incurred any out of pocket expenses, you can submit your claim 1/2",Sun Oct 08 05:39:03 +0000 2017,False,True
528788,528787,do I need to check in any bags if I’m only taking hand luggage?,"If you're taking hand baggage only, then no, you wouldn't check it in to the hold. ^Teresa",Fri Dec 01 17:51:47 +0000 2017,False,True
745245,745244,"Hi, I got in touch with BA 1.5 weeks ago through the website - how long would you typically have to wait for a response?","Hi Mordegai, unfortunately we don’t have a timescale for this. However, our team will be in touch as soon as possible. ^Kieran",Wed Oct 11 14:48:18 +0000 2017,False,True
2194878,2194879,"re ref 17181398, would be good to talk to someone polite. Your adherence to the DDA and has already upset my mother.","We're sorry for the delay in responding Nicola. But if you're not named in the case, we wouldn't be able to clear DPA with you. We would 1/2",Thu Nov 09 17:01:01 +0000 2017,False,True
2710637,2710638,. no delay announced until 20 minutes before gate close on flight 212 from Logan. Still waiting an hour after departure time for rebooking at ticket desk.... miserable treatment so far...,"Hi Matt, I can understand your frustration but sometimes we don't know how long a delay is likely to be until shortly before departure. This can make it very difficult for us to keep our passengers updated. I'm sorry for the inconvenience this has caused and I hope you've 1/2",Sun Nov 19 23:50:28 +0000 2017,False,True
1423611,1423608,"i would to book a flight to haiti from nairobi and i hold a somali passport, what do you suggest?","Hi Hassan, we'd recommend you check with your local embassy for the latest info. ^Linda",Tue Oct 31 10:27:22 +0000 2017,False,True
253579,253577,We were on BA0450 at 15:50 from Heathrow. Palma Majorca say the 4 bikes didn’t arrive and BA Heathrow say they left London.,"Hi there, sorry to hear this. I'm sure our Baggage team will be in contact very soon.^Jo",Thu Oct 05 15:23:28 +0000 2017,False,True
966454,966455,First flight for long time with . Now over one 1h delay for the short jump FRA-LCY and NO one here to provide status updates,"We're sorry your flight has been delayed, Beatner. Are you travelling on the BA8733? If so, the updated departure time we have is 15:30. 1/2",Wed Oct 11 10:42:43 +0000 2017,False,True
2128670,2128672,"Hi, thanks for the info. Gone onto add API on and I’m guessing that as I don’t see any exclamation marks against the passenger info section in manage my booking I don’t have to do anything? Panicking slightly here!! 😫","If there aren't any red alerts, Paula, your details will already be updated. Have a great trip! ^Liz",Thu Nov 09 08:17:23 +0000 2017,False,True
1046950,1046953,Oh what a shambles it was. You really need a rep at Florence. The lack of info was awful and carnage getting buses &amp; cases on buses to Pisa.,"Hi Angie, please accept our apologies for the issues you've experienced on your return from Florence. ^L",Sun Oct 15 13:57:37 +0000 2017,False,True
1423173,1423176,Thank you Sophie ☺️ BA397,"Hi Sam, you'll need to use this link. Please bear in mind it can take 48 hrs for an item to make it's way to them if it's found. ^Danny 1/2",Thu Nov 02 09:50:16 +0000 2017,False,True
2042801,2042800,"on flight BA559. Late, horrific old plane, broken seat! At least on board staff lovely. Even Alitalia planes newer! Poor..","We're sorry you were disappointed with the aircraft we used for your flight from Rome, Richard. We'll pass your comments on as feedback. ^SH",Wed Oct 04 16:08:06 +0000 2017,False,True
189384,189385,"will b on flight BA2202 and the app won't let me pic fire exit seats, I'm 6'4! Seriously! I don't even mind paying!","Hi Raks, upgrades are subject to availability so the lower fare may have sold out. Sometimes exit row seats are restricted until 1/2",Wed Oct 04 13:01:58 +0000 2017,False,True
1272686,1272687,can I book a veggie meal for my flight home? I didn’t get one coming out,"Hi Tamzyn, so long as your flight is not within the next 48 hours, you can do this via Manage My Booking. If you need any help, 1/2",Thu Oct 26 09:46:40 +0000 2017,False,True
1539453,1539454,"not sure who cleans your planes but you should ask for a refund, or is the free pill part of business class🤨",Hi Mike. Apologies for the late response. We're sorry the area around your seat had not been cleaned properly. Where you flying (1/2),Fri Nov 03 16:53:52 +0000 2017,False,True
1277141,1277143,Yes - which means one of our children has to sit on their own. Is it not possible to change this. Unacceptable for children to be split,"Hi Mark. We're sorry if your cabin is full. Unfortunately, we're unable to move other passengers from their pre-booked seats. Children 1/2",Mon Oct 16 08:04:57 +0000 2017,False,True
2416687,2416686,Nathan Singh on flight BA7030 is a credit to your airline #greatcustomservice,"Thanks for the great feedback, JH. I’ll make sure this is passed onto Nathan. ^Davina",Sat Oct 28 21:33:53 +0000 2017,False,True
2210202,2812463,Do you have an update regarding the announcement?,"Hi Deanna, we're still finalising the details. We shoud have an annoucement very soon. ^Linda",Wed Nov 22 00:01:20 +0000 2017,False,True
275641,275639,So after wasting half an hour of my life why can't I change my seat for tomorrow's flight? Usual BA crap,Are you trying to check-in Andrew or are you just trying to amend your seating? ^Jools,Thu Oct 05 21:12:30 +0000 2017,False,True
1299753,1299751,"hi all, just booked Club Europe flight...as checked bags, I’m allowed to take 2 bags up to 32kgs... each?or 32kgs in total?",bag can weigh up to 32kg. We hope this helps. 2/2 ^JR,Thu Oct 26 16:42:07 +0000 2017,False,True
2837373,2837372,"Home safely from Bali. Thankyou for booking us onto a new flight on the same day, but really sad that we had to pay over £150-200 each per ticket to come home in such stressful times, please revise your natural disaster policy keepPeopleSafe #Bali #Pray4Bali","We're happy to hear your home safe, Firzana. We appreciate it's a difficult time and we're doing what we can to ensure we assist passengers in the best way possible. ^AlexL",Mon Nov 27 09:31:36 +0000 2017,False,True
1377215,1377214,"If I try to activate my executive club account for membership 18072630 I get ""Error 502 bad gateway"" on your webpage.",Sorry for the inconvenience. Use this link regarding status match. (2/2) ^N,Fri Oct 27 18:28:32 +0000 2017,False,True
562023,562025,thank you for responding. Flight 892. It was very hot too and I did not expect to be offered only paid drinks,"Hi we're sorry that it was hot on your flight. We will feed this back, if you advise us the route or flight number. Thanks. ^Raj",Sun Dec 03 14:01:40 +0000 2017,False,True
445171,445170,why do you let kids run amok in the lounge in JFK?,"Hi, Andrew, guests under 18 are only permitted access if they're accompanied by an adult, and are eligible for lounge access. ^Cec",Wed Nov 22 02:25:51 +0000 2017,False,True
2011543,2011542,First time back to this week after a few months.... shocked to be charged £2.50 for a cup of tea on an international flight,"It's disappointing to hear you're unhappy with our catering changes, Ed. However, we're pleased to welcome you back on board. ^Jane",Sat Nov 04 22:34:35 +0000 2017,False,True
27988,27990,Didn’t realise we were on American flights spoke to awfully hotel was like a building site. Economy was sore I had to board last even though,"We're really sorry to hear this, Jonathan. Please be assured your comments have been shared with our Customer Experience team. ^Sophie",Thu Nov 02 03:58:30 +0000 2017,False,True
1980381,1980380,Delays are becoming par for the course with . No prior warning and no apology from surly staff,We apologise you have been delayed Cal. We know our frustrating it must be. We're genuinely sorry and don't mean to offend if we do. ^Oliver,Tue Oct 31 15:03:45 +0000 2017,False,True
611430,611429,Good Morning. Making a booking for next June where by that time we'll have an extra infant. Can I include on the booking?,"You can make your booking now and once the baby is born you can call us to add him/her to the booking, Ken. ^Steph",Wed Oct 04 10:31:31 +0000 2017,False,True
65345,65344,"Hi, I’m about to check in online for our flight tomorrow to London. And for some reason the surname of my boyfriend is spelled without a space even though I put it in right. How can I change that? It must be: Arthur van Andel. Is this a problem?","Hi Fleur, please can you send your Tweet again, the end of the message hasn't came through. ^Rach",Wed Nov 29 21:10:25 +0000 2017,False,True
1669760,1669759,Our ride to destination 2 #dubai of the Birthday Celebration for the Princess #747 #clubworld #upperdeck,What a great photo! Those clear skies look perfect for a flight to Dubai! ^Alex,Mon Nov 06 11:31:47 +0000 2017,False,True
1857873,1857876,"No shame - on the day you quietly pull the MGA perk from checked bags, you hit me with an email on oneworld benefits. 🤦‍♂️","to customers travelling with us. This change aligns us with our partner airlines, providing consistency to customers travelling on 2/3",Thu Oct 19 13:34:48 +0000 2017,False,True
2546825,2546823,Can you tell me what is the earliest time I can check in luggage for a flight from Tel Aviv to Heathrow BA 164 tomorrow?,"Hi David, check-in would open no later than 2hrs prior to departure. If you've any further questions, just let us know and we'll be happy to help. ^Cody",Thu Nov 16 11:14:49 +0000 2017,False,True
2778442,2778440,Hello. I recently took advantage of a triple Avios promotion but it doesn't seem to have credited with the flights. Is this normal? Does it appear later?,"Would you mind sending us your full name, booking ref, Executive number and email address please? We’ll look into this for you, Matthew. ^Amy",Tue Nov 21 13:38:54 +0000 2017,False,True
250865,250866,We are going to miss our connection. No buses picking us up from flight 1487. Will flight 103 wait for us???,applied. We do hope you've received the assistance needed at the airport. ^Lisa 2/2,Sat Oct 07 15:08:30 +0000 2017,False,True
1815043,1815042,why has the Rome to heathrow flight tomorrow evening been cancelled?,"Hi Carolyn, due to Hurricane Ophelia, we've reduced our flights to/from Heathrow, as there will be Air Traffic Control restrictions in place",Sun Oct 15 17:32:56 +0000 2017,False,True
1495736,1495737,"Not much ""you"" could have done about the fog. Missed our connection but have sorted us out!!","Glad to hear you managed to get sorted, Jonny. Apologies once again for any inconvenience. ^Lisa",Fri Nov 03 16:11:02 +0000 2017,False,True
1122810,1122811,"Thanks Lisa, food was great and smooth flight, just a shame about the CSM.","That's good to hear, Richard. Please be assured I've passed all of your comments to our Customer Experience team, who I know will value 1/2",Sat Oct 14 07:29:10 +0000 2017,False,True
189617,189616,It should have been. BA2758. Apologies. The issue imho was that the Pilots were not fully appraised of the situation,"Thanks for letting us know, Richard. We'll pass on your comments. ^JR",Wed Oct 04 10:46:05 +0000 2017,False,True
1348411,1348413,I have but is not my job.The plane should have been clean and it wasn’t.,"We agree this isn't what you should expect when travelling with us, Christian. Please be assured your feedback will be passed to 1/2",Fri Oct 27 09:34:49 +0000 2017,False,True
2765510,2765512,Omg yes it's 50 years old,"How lovely, Sharon. Have you seen the London Heathrow airport Christmas advert featuring BOAC. I think you might like it! ^Gill",Tue Nov 21 13:44:58 +0000 2017,False,True
243717,243719,Spoke to I was just under an hour out of my 24 cool off period so haven't been given a full refund So disappointing,"Sorry for any disappointment, George. Cancellations do need to be made within 24 hrs. This is so we remain fair and consistent to all of",Thu Oct 05 11:14:50 +0000 2017,False,True
815620,815626,hi i am flying MCR&gt;LHR on BA and then LHR&gt;Delhi on Virgin - my baggage allowance (1/2),"Hi, Sapna. If your flights are on the same booking, it will be the airline operating your longest flight who's baggage allowance will 1/3",Thu Oct 12 19:20:57 +0000 2017,False,True
892718,892717,🙁plane was delayed leaving and now in Rome with no luggage ... poor service,to refund reasonable costs. You can submit a claim at ^BS 3/3,Fri Oct 20 16:00:26 +0000 2017,False,True
2727801,2727799,The entertainment system in is the worst that I saw.,"This is disappointing to hear, Gabriel Which flight did you see this on?^Corry",Mon Nov 20 12:04:01 +0000 2017,False,True
1071718,1071717,"Meanwhile, in the Ockham hold... #boeinginterloper","Great photo, Rhys. Lots of shades of blue in the Ockham Stack! ^Cec",Mon Oct 23 09:52:19 +0000 2017,False,True
2904115,2904113,Reason I won't fly ever again. Not even getting half of the flight refunded for my soon to come Bali trip while other airlines are offering full refund + possibility of destination change. Shameful.,"We're sorry you're disappointed by our refund policy, Marcella. I'll pass your comments on to our Customer Experience team as feedback. ^Chris",Tue Nov 28 17:33:26 +0000 2017,False,True
1375507,1375508,my relative is travelling from Delhi to Glassgow does you provide complimentary meals meal to passenger,"Hi Viren, we offer complimentary meals on our longhaul flights and in our Club and First cabins. You can find more info about our 1/2",Fri Oct 27 16:55:03 +0000 2017,False,True
1495370,1495369,waiting in Leeds any idea when we can get to London for our flight to jfk,if you do arrive late for your flight to New York. ^Kev 2/2,Fri Nov 03 09:42:05 +0000 2017,False,True
2419135,2419134,WARNING: I am not sufficiently topped with coffee. didnt come down our aisle 😣😒😩,"I’m sorry you didn’t get your coffee on board, Becster. I hope your morning improved. ^Davina",Sun Oct 29 08:06:38 +0000 2017,False,True
841439,841440,"app is going to charge me £8 for selecting seats, even though check-in has only just opened? why?",Hi James. It sounds like you've booked one of our Hand Baggage Only fares. Seats are always chargeable on this fare type. 1/2,Fri Oct 13 08:54:01 +0000 2017,False,True
2189982,2189981,I shall be making a formal complaint I really think this is a disgusting service,"Please let us know if we can help you with anything, David. ^Jane",Thu Nov 09 17:52:21 +0000 2017,False,True
2532103,2532102,I'M TRYING TO CHANGE MY FLIGHT DATE BUT IT KEEPS ON GIVING ME A TECHNICAL ERROR. PLS HELP MY FLIGHT IS IN 8-9 HOURS.,"Sorry we didn't get back to you sooner. We hope you managed to speak to one of our agents, or the airport. ^Cec",Sun Oct 29 22:43:13 +0000 2017,False,True
99108,99107,if flights have been booked and they are down as a miss instead of a mrs but all details are correct does it matter,"Not at all, Kate! A lot of tickets don't have any titles on at all, that's completely fine for travel. Worry over! ^Kimbers",Thu Nov 30 15:20:26 +0000 2017,False,True
2651611,2651610,Less then Two weeks to my long weekend in Marrakech! Can’t wait to go there &amp; can’t wait to be at the lovely lounge at LGW!,Exciting times! We look forward to welcoming you on board very soon. ^JulieR,Sat Nov 18 19:29:41 +0000 2017,False,True
2711075,2711074,. Denied early check in and THEN they had the nerve to tell us we were late checking in. Might be bumped. Should be illegal. Terrible business model. Never again. #holidaytravel,"Hi, when you say you were denied early check in, do you mean Online Check in didn't work? I can understand your frustration, but I'm afraid it's not a guaranteed service and it's still your responsibility to arrive at the airport and complete check in before it closes. ^Beth S.",Sun Nov 26 17:49:37 +0000 2017,False,True
2448215,2448217,Yes..installed multiple times..12 days and counting..a customer facing app does not work..,"Hi Tusar, we're not having any problems with our Mobile App at the moment. Is there anything we or our Sales team can help you with? ^Lindy",Wed Nov 15 12:57:54 +0000 2017,False,True
859900,859899,Brightness at the end of the week. Fly me to the weekend a380! #fridayfeeling,"Loving the Friday feeling, Laird. Have a great weekend and enjoy your flight! ^Alex C",Fri Oct 20 15:05:25 +0000 2017,False,True
2673830,2673832,It was the ba1839 at 0955 from Manchester the crew were delightful and the landing and take off were excellent for a nervous flyer like myself made my day,Thanks for coming back to us with your flight details. We're pleased to hear you enjoyed your flight. ^Linda,Sun Nov 19 12:43:25 +0000 2017,False,True
1272197,1272196,we really appreciate clear explanations from the cockpit about what's happening!,"Hi Andrew, our pilots' do try to offer updates when the situation allows, we hope your experience was a positive one. ^Kelly",Sun Oct 15 20:34:04 +0000 2017,False,True
1156970,1156972,Hi! Could you help me with the prices to carry extra luggage with your airlines?,"Hi Rohit, you can find further information on extra bags using this link ^Lynn",Sat Oct 28 07:33:52 +0000 2017,False,True
1650538,1650537,"Always look forward to reading article, whenever I fly","We love having John write for us, Lucy. We hope you enjoyed the flight yesterday! ^Anthony",Sun Nov 05 17:16:07 +0000 2017,False,True
390143,390142,really efficient boarding process at the gate today for BA0510 to Madrid 👍 👏,"Thanks for the fantastic feedback, martin. Enjoy the rest of your day! ^Marie",Mon Oct 09 10:09:02 +0000 2017,False,True
1253735,1253734,Web check in is not working! And it´s impossible to talk to a service agent in your line! unavailable really bad service!,"Please keep trying, if it doesn't work, you'll need to check in at the airport. ^Chris 2/2",Wed Oct 25 22:59:42 +0000 2017,False,True
189610,189609,Thanks !! Crew aboard flight BA0699 this morning from Vienna to London were AHMAZING ! 10/10 ! ♥️,"This is great to hear, Ivona. If you have time you can thank our crew personally here: ^Steph",Wed Oct 04 10:28:34 +0000 2017,False,True
2026396,2026398,Terrible customer service from misinformed on the phone and won’t refund me fully because my 1st leg is through a provider😡,2/2 what has happened exactly? Not sure if we can help if you've bought you're ticket elsewhere but we can feed it back. Thanks ^jm,Mon Nov 06 15:34:06 +0000 2017,False,True
759711,759714,I have tried multiple browsers and cleared everything. still can't search rewards flights for any date.,known issues. You can always speak to our Sales team who will be more than happy to help you search for Avios availability. 2/2 ^L,Sun Oct 08 17:06:11 +0000 2017,False,True
807539,807537,Of all newspapers you could provide free to overseas passengers nothing could make them feel less welcome than Daily Mail.,We offer a selection of newspapers on our flights specific to the route Peter. ^Kit,Thu Oct 12 17:51:32 +0000 2017,False,True
2600160,2600159,are u aware Wi-fi in JFK Galleries lounge is almost unusable due to slooooow speeds. Not just today but consistently. Please improve 🙏,"Thanks for letting us know about this, David. We'll be sure to pass your comments onto our Customer Experience team. ^Cody",Fri Nov 17 00:17:19 +0000 2017,False,True
512849,512848,can you help me with a problem checking in? Tried calling but looks like none of your numbers work. Thanks in advance!!,We're sorry for the delay in responding Colin. We hope you managed to resolve the problem. ^Kit,Fri Dec 01 12:38:52 +0000 2017,False,True
970733,970735,Most recent ones were ba866 on oct 16 and ba869 Thursday. But I have a long list. Including long hauls,"Thanks for letting us know, Sally. We'll certainly pass on your comments. ^Ash",Sun Oct 22 07:37:49 +0000 2017,False,True
1792799,1792798,"I bought flight tickets on 5/10/17 and I haven't been charged yet, have my seats definitely been booked?","Hi Louise, do you have a reference? Please send this or your flight details along with your tel number, email and postal addresses. ^Jools",Wed Oct 11 21:32:41 +0000 2017,False,True
318970,318969,Saying documents not suitable for travel. All numbers dates are correct etc and same docs as used for flights out of U.K. last Saturday!,"It's not clear where the flight is to, Kat. Sometimes certain other documents are needed for the return journey. Or, they have to be 1/2",Fri Oct 06 18:25:55 +0000 2017,False,True
570378,570377,Just watched the Cabin crew Panto #bacces Absolutely brilliant. All so talented. Very proud of you all. Well done 👏,"Hi Shaun. We're glad you enjoyed the panto. I've never seen it yet, but heard good things about it. Thanks for letting us know. ^Neil",Sat Dec 02 22:43:18 +0000 2017,False,True
389490,389488,i cant believe you lost my luggage and simply does not give me support #bafail #britishairways I though you were serious,"We're very sorry about this, Renata. You can check the status on our website here, ^SR",Mon Oct 09 13:13:50 +0000 2017,False,True
1580641,1580639,Hi I think my Fitbit was lost on a flight rather than in the terminal. Any way anyone can look inside my seat itself?! 🙏🏻,takes 24 hours. You can contact Lost Property by using the following link ^Kit 2/2,Sat Nov 04 15:42:53 +0000 2017,False,True
589791,589793,We booked in May 2017 so we should be covered thanks!,"You're welcome Ruth. If you need any further assistance, please feel free to contact us. ^Kit",Sun Dec 03 16:37:02 +0000 2017,False,True
1435188,1435187,Great flight home today with 🙌🏼 service was so good want to say thank you to all aboard! ✈️ lax ➡️ ldn Heathrow,"If you'd like to pass on your 'Thanks' to any of the crew, you can do so here: 2/2 ^Liz",Thu Nov 02 13:46:23 +0000 2017,False,True
433364,433363,At London City Airport. Looking forward to flying with again.,"Hi, it's great to have you back on board with us for another adventure! ^L",Tue Oct 10 13:24:27 +0000 2017,False,True
477001,477000,currently sat on tarmac delayed BA1321 fingers crossed when we do take off we make our connection BA850 and our hold baggage also which is tagged long transfer!!!! 🤞,"Hopefully you will be on your way soon, Steven. Sorry for any inconvenience caused. If you have any issues with your connection, we can assist. ^Pip",Fri Dec 01 08:32:11 +0000 2017,False,True
727965,727967,is your system down since yesterday? Unable to manage booking and check in.,Yes our Web Support team are working on a fix. Please accept our apologies.1/2,Wed Oct 11 07:06:30 +0000 2017,False,True
140659,140658,how to list for non rev travel if you made a booking from Myidtravel website. Non rev travel.,Hi Christopher. You’ll need to contact your local staff travel office. Sorry I couldn’t help you more. ^Monica,Fri Nov 24 09:46:02 +0000 2017,False,True
437554,437553,"Trying to change a booking online and am getting an error message saying ""there is a problem with this application"".","Hi Wendy, we're sorry for this inconvenience. Is there something we can help with? ^AC",Tue Oct 10 15:49:40 +0000 2017,False,True
1348403,1348401,Paratoi i deithio i Wlad y Basg gyda'n hofferynau bregus. Gofalwch amdanyn nhw 🤞🤞🤞,Peidiwch â phoeni! Byddwn yn cymryd gofal arbennig ohono! Cael daith gwych guys! ^ Jamie,Fri Oct 27 09:53:06 +0000 2017,False,True
2264443,2264442,Sitting in (more) traffic and got a beautiful view of a 787 on short final at MSY. Beautiful bird 😍,"She is beautiful, Darryl. Have you been on the 787 yet? ^Helen",Sat Nov 11 00:15:04 +0000 2017,False,True
2561752,2561751,"trying to book a reward flight - but it's automatically defaulting to using the maximum of 40,000 avios.. (which I don't have), and remains like even until payment screen.... Early Christmas present? Otherwise, #pleasehelp","Hi Charlotte, at the payment screen it should give you the option of using less Avios and more cash? If you're not seeing this option you can call our Sales team on 0844 493 0787. Calls are charged at 7ppm. ^Jamie",Thu Nov 16 16:07:59 +0000 2017,False,True
726826,726825,"Is there a problem with online check in? It isn't working for me, on desktop site or app (logged in or via booking ref)?",you'll unfortunately have to check in at the airport. We're sorry for any inconvenienced caused. ^Kit,Tue Oct 10 22:38:01 +0000 2017,False,True
321850,321853,Can I still have a update on the flight as we aren't getting any info here. I've got a 4 mth old &amp; the flight is full of kids - not easy!,"give you further advice, James. Please keep all your receipts for hotel, refreshments and transport. You can submit your expenses claim 2/3",Sat Oct 07 14:55:18 +0000 2017,False,True
1337568,1337567,had txt to say our 12.35 from to LHR tomorrow now at 15.40. Can I check when we need to check in. Not on airport site,"The most up to date information will show in Manage My Booking, which you can find here: Hope this helps. ^Lolly",Thu Oct 26 16:05:18 +0000 2017,False,True
607144,607146,No - I was just given a generic Head Office PO Box address.,I'm afraid we don't have an email address. We'd suggest you use the address you've been provided. Sorry for any inconvenience. ^Lisa,Wed Nov 22 19:42:44 +0000 2017,False,True
447594,447592,"Why do I have to pay £13 to select me seat at check-in? I am a BA Amex cardholder, not feeling very rewarded right now. I do not wish to sit in row 13! There shouldn’t even be a row 13. 😡😡😡","Hi Charlotte, hand baggage only fares charge to change the seat already allocated to you. It's significantly cheaper than a baggage fare, even after paying the £13.00 seat fee, if that's any consolation. And 13 is lucky for some, they say! ^Kimbers",Thu Nov 30 17:57:22 +0000 2017,False,True
359605,359603,can you tell me what is classed as long haul? Over how many hours does the flight need to be?,Hi Tracy. It's more to do with the distance. Do you have a destination in mind? ^Natalie,Sun Oct 08 13:57:20 +0000 2017,False,True
1955429,1955428,am I able to add my Exec number to a Group Booking at check in? I’ve been told it can’t be done in advance of travel. Thx,"Hi Robert, the should be able too. If not you can claim the Avios and Tier points by using your ticket number in the membership page. ^Kit",Mon Oct 30 13:53:02 +0000 2017,False,True
1040395,1040396,That doesn’t answer the question...,"We're sorry for the late reply, Gavin. A maximum of Lithium ion/metal batteries up to 100Wh, including power banks, must be kept in 1/2",Thu Oct 19 15:22:02 +0000 2017,False,True
1124734,1124736,hi there please can you call me to sort my name change Q8GKSY was told phone lines open till 11pm line says 8pm?,"Hi Jorrit, apologies for the delayed reply. Please let us know if you still need help with this. We're available here 24/7. 1/2 ^Teresa",Mon Oct 23 19:09:10 +0000 2017,False,True
933481,933484,"Just landed in London, unfortunately, wasn't able to rebook the second flight to Milan. What are my options? Thanks for your help",Did the airport offer you any assistance with regards to your rebooking options? ^Linds,Sat Oct 21 15:27:16 +0000 2017,False,True
2225222,2225221,"absolutely disgusted, our flight was supposed to land at 20.15, we landed at 23.13, and because of those TWO minutes I’m not allowed compensation. I don’t believe for a second we landed 23.13. 1/2","We can appreciate your frustration, Danni. The same rules are applied to all passengers, in order to be fair and consistent. ^P",Fri Nov 10 07:50:44 +0000 2017,False,True
1995916,1995917,Hi . Flight BA7068 from Madrid to Heathrow delayed 3 hours so far. Anything you can do? Switch me to another flight?,time unfortunately. If you booked through us the airport may be able to rebook you but this would be as per the rules of your ticket. ^H 2/2,Fri Nov 03 11:02:30 +0000 2017,False,True
957020,957021,I have left a iPad mini on G-MEDM under seat 4B.A/C is currently at LHR who do I contact to check if it is still there?,"Hi Peter, any items left on board an aircraft are handed in at the arriving airport. You can use this link 1/2",Sat Oct 21 18:17:52 +0000 2017,False,True
2752605,2752603,"ridiculous policy overbooking your flights, my husband left his family this afternoon to make his meeting tomorrow and you couldn't get him on his flight. He will now miss his meeting and us!","Hi Vicki. We're sorry to hear that your husband was denied boarding today. Overselling flights is common place in the airline industry and only done on flights that have a history of passengers who fail to show, or are likely to change their tickets to later flights. It's a 1/2",Sun Nov 26 18:42:16 +0000 2017,False,True
1794403,1794402,your upgrade options page returns a 'Sorry' page :(,"Sorry about this, James. It's likely this promotion has sold out. Have you tried deleting your browsing history and trying again?^DaniH",Thu Oct 12 08:48:55 +0000 2017,False,True
2353545,2353543,"Sadly had 6 pairs of spectacles stolen from our luggage and said it was my fault for not packing them in my hand luggage ! No apologies for having my items stolen or compensation offered, just my fault !",Hi there. We're sorry these items have been removed from your luggage. I can understand how annoyed and upset you must be. Our staff were correct in advising they should have been in your hand luggage. ^N,Sun Nov 12 02:47:43 +0000 2017,False,True
1113728,1113731,stuck on the BA1491 to lhr for more than 1h missed my connection not looking forward to night flight which I was avoiding!,to get the cost for an upgrade. We're sorry for any inconvenience. 2/2 ^Liz,Sun Oct 15 07:56:38 +0000 2017,False,True
1956582,1956584,They have contacted and where said bags where identified and will get them by 31st IST -did not get it. What is happening?,"with your full name, contact telephone number and time that we can call you 2/2. ^Oliver",Tue Oct 31 13:32:29 +0000 2017,False,True
2417185,2417184,"I cannot seem to book a domestic USA flight for January. Seems to keep asking me to ""contact us"" that there was some error",team via the link below and they'll be able to assist you. 2/2 ^Cody,Sat Oct 28 23:36:13 +0000 2017,False,True
1948387,1948385,so very disappointed with your airline #sad Customer service don’t come 1st !!!😞,"Hi Bev, we're sorry to hear you're unhappy with the service you've received. Please let us know a little more about what has happened and",Mon Oct 30 10:27:09 +0000 2017,False,True
1908526,1908525,have booked aer lingus flight thru you can I print boarding pass in advance?,"Apologies for our late reply, Vanni. Unfortunately not. You'll need to check in at the airport. ^Linda",Wed Oct 18 08:45:04 +0000 2017,False,True
909008,909006,"Why hours on the phone to BA sent you so many emails ? from your IT failure in May 2017 were is my REFUND,","Hi Roger, do you have a case ref or booking ref you can send to us. We'll also need your full name, and email address. ^Jane",Wed Sep 27 16:48:16 +0000 2017,False,True
1835920,1835922,"Thank you, sorted now","No problem, Ashiembi. Let us know if you need anything else. ^Alex C",Wed Oct 18 16:27:08 +0000 2017,False,True
702282,702287,Yup. Still displaying the ‘offer ended’ page...,"Hello again, Ann. I've just give it a go and it looks okay to me. Maybe try clearing your internet history and giving it another go. ^Stephen",Thu Nov 23 16:50:29 +0000 2017,False,True
569525,569527,Can you please bring the old map system back? The new system is awful! I prefer to see what my points can give me rather than do individual searches per destination.,"We appreciate your feedback, Sabina. We'll be sure to feed this back. ^David",Sun Dec 03 13:25:32 +0000 2017,False,True
1923356,1923359,So I need to change the date of my return but I'm having trouble. Could you help please?,"reference, full name, email address and contact telephone number. Once you've sent us these details, we'll 2/3",Mon Oct 30 20:15:09 +0000 2017,False,True
257313,257312,"Website problem--""it is only possible to book flights up to 355 days in advance"" when I search for 10/26/17 avios flight",Chrome or IE browsers? If you do and it still doesn't work please send us a screenshot of the error. ^SR,Thu Oct 05 17:56:20 +0000 2017,False,True
1956408,1956407,texted + mailed to get to VCE early for 529 - got there 945 - front of queu 1000 - told too early come back - BA too fussy!,Hi there. We don't fully understand your Tweet I'm afraid. Were you there early and couldn't check in? ^SR,Sun Oct 29 15:34:02 +0000 2017,False,True
1835928,1835930,You've totally missed the point of your dreadful systems and customer service.,"Hi Alex, we really are very sorry for any frustration and disappointment caused. We'll feedback your concerns. ^Kelly",Thu Oct 19 00:08:51 +0000 2017,False,True
1558305,1558307,"The respect has for #Army #Navy veterans is admirable: priority check-in, special lounges etc. How about you ?",Hi Ella. I'm sorry this isn't something we have in place but I'll certainly ensure your feedback is passed to our Customer Experience 1/2,Sat Nov 04 12:55:45 +0000 2017,False,True
728739,728743,Yes to a moody unhelpful French guy who gave me a telephone number and reference and basically told me to do one!,Buy essentials to tie you over.Keep the receipts and click here for the form. We hope you're bag is found soon^J 3/3,Fri Oct 06 19:11:38 +0000 2017,False,True
2379458,2379456,I book flights using (all IAG). I call to enquire who tell me to call . I call their Australian phone number and get a message it's disconnected. Help!,Hi David. We're sorry to hear you're upset. What is the problem you're having? We might be able to advise. ^N,Mon Nov 13 22:17:53 +0000 2017,False,True
1587130,1587134,Honeymoon fucked thanks #delayed #missedbaconnection #lostdays #stuckinlondon #shite,of the team will be in touch as soon as possible to advise you how best to proceed. Our airport staff will also be happy to help. 3/3 ^L,Mon Oct 16 20:02:01 +0000 2017,False,True
1818584,1818583,"I'm booked on BA8710 to Edinburgh tonight - is it still expected to depart, bearing in mind the storm?","Flight BA8710 to Edinburgh is operating as planned, James. You can check your flight status here: ^Steph",Mon Oct 16 10:27:21 +0000 2017,False,True
1547626,1547631,I have. I do not want to talk to a call centre in India again as you might have noticed from my first message.,"Hi there, as mentioned by my colleague, you will need to speak with Our Executive Club regarding this matter. I'm 1/3",Mon Oct 30 19:26:46 +0000 2017,False,True
1406474,1406472,"any issues with logging in ATM? Having issues trying to get boarding passes. App told me to log out, now can’t get back in.","meantime, please proceed to the airport as planned. Our staff there will assist you. ^Lisa 2/2",Wed Nov 01 10:59:33 +0000 2017,False,True
752533,752532,Hi Does the new 2x Avios offer apply to existing bookings or does it only apply to fares purchased between today and 31/12?,"Hi there, this offer only applies for booking made today. Unfortunately, existing bookings don’t count. ^Kieran",Wed Oct 11 11:13:07 +0000 2017,False,True
1794074,1794073,hi team... I am travelling from Cairo back home to Heathrow tomorrow. Am I able to take my laptop onboard with me? :-),"Hi, we're sorry for the delay in responding. Information about laptops can be found on the following link ^KIt",Thu Oct 12 06:41:37 +0000 2017,False,True
1343807,1343809,checking in for my flight tomorrow does this mean there's a row of 2?,"That's right, JJ they're twin seats. Our flights to JFK are operating as planned at the moment. 1/2",Mon Oct 16 08:59:34 +0000 2017,False,True
856827,856829,Just copying in to see if anyone at BA actually cares about customer! Come on. Flagship carrier needs to do better.,"something we can help with here, we will need to speak to your wife directly. ^Julie 2/2",Thu Oct 19 15:26:10 +0000 2017,False,True
214613,214612,taking my family to Barcelona in 2 weeks concerned re violence. What options do I have?,"Hi Melanie, sorry you're feeling like this. The options all depend on the ticket you've purchased. Please 1/2",Wed Oct 04 17:47:05 +0000 2017,False,True
78345,78343,When you book a holiday with and they change the dates twice. Absolute shambles of a company.. ‘to fly to serve’ yet change dates at any opportunity.. #wasteoftime,"This is disappointing to hear, Matty. As a scheduled airline our timetables are subject to change. Have you had the opportunity to discuss your rebooking options?^Corry",Thu Nov 30 10:00:48 +0000 2017,False,True
2396944,2396943,", I am flying tomorrow from Heathrow - Glasgow. Is my driving license sufficient ID?","Hi Daniel, this is fine. We hope you have a great flight! ^Jane",Tue Nov 14 12:51:49 +0000 2017,False,True
738611,1571576,Hi!! Trying to get in touch with who will be in charge of the transport of my beloved rescued dog from Mexico to the UK - any help?,"Hi Giuliana, this will definitely be one of our cutest passengers. You can find further information using the following link: 1/2",Mon Oct 16 18:25:31 +0000 2017,False,True
69229,69230,"Ok, so the ""when we get a chance"" mentality means I'm out of pocket until you decide you want to process a refund? Surely you agree that's not good service.","I'm sorry you're unhappy with the way your case is being handled, Dean. The representative handling your case will get back to you. ^Kimbers",Thu Nov 30 20:01:01 +0000 2017,False,True
2840618,2840617,"looking at a flight to Oman, is a bike included within checked baggage - or is there an extra charge?","Hi, Gavin. We've included a link with some helpful information. You should find answer to your query here: ^DaniH",Mon Nov 27 12:39:40 +0000 2017,False,True
2003228,2003227,delayed due to weather fair enough.. unable to check in due to dodgy desk and then moved seats &amp; only 1 lady at desk. POOR,"We're really sorry to hear this. Can you let us know which airport you were at, and we'll pass on your comments? Thanks. ^JulieR",Fri Nov 03 15:09:20 +0000 2017,False,True
556861,556860,I logged a complaint on Nov 9. Still no response 10 days later. Appalling service and £800 out of pocket. Someone please help,"Hi Ashan, our Customer Relations team handle complaints in date order. Please be assured a member of our Customer Relations team will be in contact with you as soon as possible. ^Cody",Sun Nov 19 17:59:43 +0000 2017,False,True
2268262,2268264,"Yeah the code is gone now, thanks for support! By the way the route was YYC-LHR, Boeing 787-8 Dreamliner.","Thanks for the info, Hylke. We'll be sure to pass it onto the relevant teams. ^Cody",Sat Nov 11 10:36:16 +0000 2017,False,True
234434,234432,I sure did! Been tracking it ever since!,"As soon as we have any further info, your baggage file will be updated. Apologies for the inconvenience. ^Lisa",Thu Oct 05 11:06:19 +0000 2017,False,True
2767391,2767390,I'm with I flew to #Rome #businessclass and could not even charge my phone to use the nonexistent #wifi 🤣,"Thanks for your feedback, Simon. We'll pass this to our Customer Experience team. ^Gill",Tue Nov 21 09:56:52 +0000 2017,False,True
290621,290622,what is the point of being Bronze so you confirm a seat 7 days before the flight if you always change it???4,"Sometimes, we have to substitute our aircraft for operational reasons. Can you let us know what flight this was? 2/2 ^DaniH",Fri Oct 06 12:39:49 +0000 2017,False,True
1480967,1480966,"Hi BA me again, seems rtn is like outward - parents ck in through hotel and not seated together on BA58 3/11 VERY UPSET","Hi Matt, we can't guarantee seating I'm afraid. I'm sorry your parents weren't seated together and understand your frustration. ^Kimbers",Thu Nov 02 21:42:21 +0000 2017,False,True
1000457,1000456,"so everyone’s favourite airline, £1.20 for a KitKat. That’s a bit RyanAirish isn’t it?","We’re sorry for the inconvenience Andy, we’ll pass on your comments as feedback to our Catering team. ^Kieran",Sun Oct 22 12:00:57 +0000 2017,False,True
2563773,2563770,"appalled by the way your company are dealing with my complaint. I still await the refund of my deposit for cancelled holiday, just 4 months on! No one will take responsibility! U need to sort this. I have now gone public with national newspaper",Hi Shaun. We're sorry for the delay. We're unable to assist for holiday bookings. Please contact our Customer Relations department for British Airways Holidays on 0208 7074480. Opening hours Monday-Friday 09:00-17:30 (calls charged at local rate). ^Oliver,Thu Nov 16 16:47:56 +0000 2017,False,True
584959,584957,My hand luggage was put into the hold on my flight yesterday but I can’t find any information about whether I will be charged for this? I tried calling but the call was cut off.,Hi Aisha. Did we ask you to check this in because the flight was busy? If we did then you won't be charged. ^Claire,Sun Dec 03 12:37:57 +0000 2017,False,True
1259774,1259772,your online check is down. are you aware?,"Hi there, unfortunately online check-in isn't always available. You may need to check in at the airport. ^Chris",Thu Oct 26 06:57:05 +0000 2017,False,True
2844181,2844183,We also knowingly booked this wonderful trip knowing that its with and a 787 would be our chariot. We enjoy flying and we make sure we make it part of our trips. With the lack of seats in Prem Eco we could be split up on a looong flight.,We'd like to hear more. Can you let us know exactly what it is that's happened? ^Stephen,Mon Nov 27 17:58:53 +0000 2017,False,True
722682,722683,I'm having trouble adding luggage for my flight from Gatwick for tomorrow morning. Help.,"Hi there. We're sorry, but we've had system problems with Manage My Booking. Our IT team are working on it, but you may have to (1/2)",Tue Oct 10 20:56:19 +0000 2017,False,True
2873608,2873607,A huge huge thank you to Brendan in Club World on the BA0109 from DXB to LHR yesterday - absolutely the best cabin crew member I’ve ever had the pleasure of meeting!,"I'm sure it was a pleasure looking after you, Anne. We'll pass on your thanks. ^Stephen",Mon Nov 27 22:01:34 +0000 2017,False,True
78386,78388,"I did however, it didn't help me because u made me miss the most important meeting of the year",Hi. Please accept our sincere apologies for the inconvenience this has caused you. ^Kev,Thu Nov 30 12:21:11 +0000 2017,False,True
257992,257996,So she won't have any problèm without not having our crédit card,ticket again. They would then be able to claim a refund of the original booking. Let us know if you have any further questions. 2/2 ^L,Thu Oct 05 18:48:36 +0000 2017,False,True
228922,228921,I'm deeply disappointed how you handled my claim after missing my parent's operation. This is not how you treat customers.,"We're very sorry to hear this, Maggie. Have you been in touch with our Customer Relations team? ^Jane",Tue Oct 03 14:48:17 +0000 2017,False,True
2554938,2554936,when do you expect your website to be up and running again? I can't log into the Android app either.,"Hi Katie, we're working to resolve this as quickly as possible. However, we're unable to give you a timescale for when this will be complete. ^Cody",Thu Nov 16 13:40:55 +0000 2017,False,True
2065770,2065769,BA985 sitting idle for almost 2 hours! Maybe a drink would be nice? #bafail #bestofbritish,Apologies for the delay to your flight. I can see you arrived just over an hour behind schedule. I hope this wasn't too inconvenient. ^Hel,Mon Sep 18 16:11:38 +0000 2017,False,True
690729,690723,PSA.. Beyond disappointed with our first experience with .. buyer beware,"This isn't good to hear, Emily. Could you give us a bit more info please? We can then feed this back for you. Many thanks. ^Lisa",Sat Oct 28 16:22:21 +0000 2017,False,True
2754520,2754522,hello! We are so excited for our flights on weds LBA to LHR and LHR to JFK we are worried we don’t have enough time to change planes and clear security at T5 will our bags go straight through an make it!?,"If your flights are on the same booking, they'll be checked through to New York and you'll go through flight connections. The booking will meet our minimum connection times. If your flights are on separate bookings, you'll need to collect your bags and re-check them, Steven. 1/2",Mon Nov 20 15:23:41 +0000 2017,False,True
855876,855875,"Travelling with infant UK to USA, 3 connect flights-can I take buggy+car seat FOC? Checkin seat&amp;keep buggy until departure?","Also, please check with any other carriers, as their policies may be different. Have a great trip! 3/3 ^Liz",Mon Oct 09 13:35:14 +0000 2017,False,True
1385895,1385896,"what apathetic service , it’s been more than 7 days and my parents could not get their checking bags till now",We're very sorry to hear your parents bags were delayed. If they have bought any essential items please ask them to contact us so 1/2,Sat Oct 28 04:05:18 +0000 2017,False,True
1110031,1110030,hi... if I’ve booked on codeshare flight with FlyBe / BA and I’m a slivercard holder can I use the lounge at Gatwick?,"Hi Ed, I'm afraid you're not eligible for lounge access if your flight isn't operated by a oneworld Alliance member. ^BS",Fri Oct 13 17:07:36 +0000 2017,False,True
2470774,2470776,"Tried to change a flight to an earlier one - was quoted two diff costs, one said couldn’t be done other said they could bend rules. Poor","Hi Gary, I'm sorry to hear this. Can you please provide your booking reference, email address and date of birth for data protection and we can take a look into this for you. ^Tom",Wed Nov 15 11:20:09 +0000 2017,False,True
435910,435908,Plane arriving so we can go home :) #ba491 #avgeek #BASmart,"Hi James, we hope you enjoy your time on board with us today! Get in touch if there's ever anything we can do to help. ^L",Tue Oct 10 14:30:10 +0000 2017,False,True
2726701,2726700,is your flight booking system down? Keep getting error messages on line,"We’re sorry to hear this Keith, we recommend deleting your Internet history and cookies. ^Kieran",Mon Nov 20 10:17:44 +0000 2017,False,True
913694,913693,4CMG6C. My booking is showing as not valid. Arrived at gibraltor to be told I don't have ticket!stranded. Help,contact details if you need any help or wish to talk to us 2/2. ^Oliver,Tue Oct 10 14:15:05 +0000 2017,False,True
2584048,2584046,Hi is any reason to worry I’m getting an error ‘..access to this booking has been prohibited to to too many unsuccessful attempts...’ when trying online checkin (app &amp; web) for flight home to UK tomorrow?,"Sorry for the late reply, Simon. We're currently experiencing some problems with our website. Our ICT team are working to resolve this as quickly as possible. Feel free to get in touch if we can help you with your booking. ^DaniH",Thu Nov 16 20:03:21 +0000 2017,False,True
2384921,2384920,"A busy 2 days in Abuja, now boarding for the flight back to","We hope you have a great flight Vincent, we look forward to welcoming you on board again soon. ^Kieran",Fri Oct 20 06:37:21 +0000 2017,False,True
1913190,1913191,"How now, ? How do I specify a kosher meal for my Jnb-Cpt flight BA6425 tomorrow?","Hi there. Special kosher meals must be requested online at or directly with us. However, we must have 24 hours 1/2",Wed Oct 25 16:28:54 +0000 2017,False,True
1851946,1851947,"can somebody get back to me? I feel like I've been ignored on the phone, via email and now on twitter!","...email address, postal address and date of birth. Once we recieive this information, we'll then be able to look into this for you. 2/2 ^LM",Wed Oct 18 20:38:52 +0000 2017,False,True
1576594,1576593,Appreciate the new safety video certainly more engaging with a few familiar faces. 😂,"Thanks for your Tweet, Julius. I'm pleased to hear you enjoyed the new safety video and I hope you had a great flight too! ^Kev",Sat Nov 04 14:46:00 +0000 2017,False,True
2034343,2034341,yet again priority luggage coming out last!! BA662 #ba #prority #slow,"As previously advised this isn't a guaranteed service, Ian. Please be assured we'll pass your comments on as feedback though. ^Steph",Tue Nov 07 16:49:32 +0000 2017,False,True
130649,130647,"Really? Even if it says SOLD AS BA on your boarding pass?! We certainly weren’t advised. Flight number even completely different &amp; couldn’t use the App. Sorry, that is complete nonsense","Hi Victoria, yes, we sell American Airlines flights on our website and have codeshares with them. Did you book the flight online, over the phone or with a travel agent? ^Chris",Fri Nov 24 06:32:50 +0000 2017,False,True
2592692,2592693,Is Innsbruck included in your forty destinations for £ 40 each way?,"on the link, click on 'PARTY PAYDAY'. I hope you find this helpful. 2/2 ^David",Mon Oct 30 20:41:04 +0000 2017,False,True
2469881,2469883,So you have stopped it? I have used it in the past BA7313,"Hi Andrew, we do not offer the Manchester to London City route at this time. Our timetables do change from time to time, so it's always worth to keep an eye out on ^Karen",Wed Nov 15 10:49:21 +0000 2017,False,True
306378,306376,Arrived safely on BA295 into Chicago. runners 🏃 received a special good luck message from the crew. Thanks,"Hi David, this is fantastic to hear! Thanks for sharing. We hope you'll be joining us on board again soon. ^L",Fri Oct 06 19:35:51 +0000 2017,False,True
1390432,1390434,"staff were very disinterested+unhelpful. Another customer asked for wine, was given a closed bottle and corkscrew, no glass","Hi Kathryn, sorry to hear this. I'll certainly pass your feedback to our Airport Manager in Naples for their attention.^Jo",Sat Oct 28 12:41:25 +0000 2017,False,True
867792,867794,Who/what is Comair? Thought I was flying with BA...,"Hi Gareth, Comair is an airline based in South Africa. It operates scheduled services on domestic routes as a British Airways franchisee. ^L",Fri Oct 20 20:49:36 +0000 2017,False,True
78333,78332,heading to AMS flight BA434 quick day trip and meetings #ADARAtreks,"That is a good clear day, Pete. What a difference from your last trip to Stockholm! We hope you enjoy you flights today.^Corry",Thu Nov 30 10:07:08 +0000 2017,False,True
618286,618287,Why is British Airways referring me to the police department to find my lost bag? -,"Hi Elliott, we'll only refer you to the police if our records show your bag did arrive on the carousel. Have you been advised of 1/2",Wed Oct 04 13:05:28 +0000 2017,False,True
1304398,1304397,Thank you for the fantastic crew and service during emergency landing and also after. Fantastic pilot and crew #malaga,"Thanks for your Tweet and kind words, Mal. You can thank the pilot and crew directly here too: Thanks. ^Kev",Thu Oct 19 23:29:31 +0000 2017,False,True
2350391,2350393,"Sorry, but was told by aer lingus that BA silver and gold members travelling to Heathrow and Gatwick on aer lingus flights can use the lounge at Dublin. Would totally understand if no BA cardholders could use it!","Sorry for any frustration caused by this, Helen. Ultimately the decision would be up to the operating carrier. ^Paul",Tue Nov 14 12:19:57 +0000 2017,False,True
1746317,1746316,"you owe me $274.I wrote to you on 2/10...still nothing.I tried to call -""we're too busy sorry"",not even an option to queue!",within the next few days. We really appreciate your patience in the meantime. ^HP 2/2,Tue Nov 07 13:24:25 +0000 2017,False,True
534430,534429,thanks for ruining another trip! BA 174 delayed hours for mechanical. Such a joke.,"Hi there, I'm sorry to hear this. I hope the delay wasn't too much of an inconvenience. ^Tom",Sat Dec 02 01:14:57 +0000 2017,False,True
291941,291939,is it normal that online check in is unavailable at Dubrovnik?,Our team will print your boarding pass when you arrive. We're sorry for any inconvenience caused. 2/2 ^DaniH,Fri Oct 06 13:33:53 +0000 2017,False,True
1017383,1017385,I’m really sorry but it’s as clear as mud. Can you check and confirm whether or not I can charge my phone from my seat from a USB port?,telephone number. This will enable us to find out which aircraft you're travelling on.^Jo 2/2,Sat Oct 14 16:09:22 +0000 2017,False,True
2796466,2796465,"Hi , when are you resuming the direct flights to #Zimbabwe? Thanks in advance.","Hi there, we haven’t got any information at this present time but we'll try and keep our website updated. ^David",Tue Nov 21 18:38:31 +0000 2017,False,True
430258,430257,anyone we can speak to about our cancelled 12.30 Barcelona-London? Still waiting to talk to someone at Vueling for + 2hrs,"We're sorry for any inconvenience caused, Jo. I'm afraid you'd need to wait for someone to help you at the airport. ^SR",Tue Oct 10 11:33:49 +0000 2017,False,True
875414,875413,Great! Now the flights cancelled! With no explanation why! 😡,"We're sorry your flight has been cancelled, Samantha. Our operation has been disrupted due to adverse weather conditions. 1/2",Fri Oct 20 15:32:01 +0000 2017,False,True
349493,349494,"96hrs &amp; you still have my baggage and twice you have advised it will be sent to me, only it hasn't been #lostbaggage #help",We're truly sorry for the delay Louise. Our Baggage team are working to reunite with your delayed case. ^Kit,Mon Oct 09 18:54:28 +0000 2017,False,True
2554944,2554942,Hi there. How long should it take for tier points to credit to my account after a Qatar Airways flight? I should have enough to upgrade my status and CANNOT WAIT ;-),"Hi Tadhg, it can take up to 10 days for Avios and Tier Points to be added if you've flown with a oneworld carrier. ^Jamie",Thu Nov 16 14:53:29 +0000 2017,False,True
1734669,1734671,"BA0067, I have friends on the flight who've checked-in successfully. I upgraded last week, am worried I'm going to lose the upgrade",We won't be able to check you in for security reasons but we can make sure your booking is up to date. ^Steph 2/2,Tue Nov 07 13:47:05 +0000 2017,False,True
84654,84653,It's snowing in London and im suffering from jetlag 😭 but we're going to Winter Wonderland tomorrow 😎 The flight was very smooth btw!! You guys are always great ❤,"It’s snowing in Newcastle as well, Lorena. Thanks for the great feedback. Enjoy Winter Wonderland! ^Davina",Thu Nov 30 12:03:23 +0000 2017,False,True
2264419,2264417,"Do you have any additional baggage allowance for students flying from India to USA? If yes, how to avail the offer?","Hi Harsh. We sometimes have special offers for student baggage allowance and these would normally be advertised on the BA website in your home country. However, there isn't anything at the moment. ^N",Sat Nov 11 03:43:25 +0000 2017,False,True
1675022,1675025,"I’m flying from Heathrow to Phoenix, AZ.","For this route, you can take your laptop and tablet in your carry on, Andrea. ^Alex",Mon Nov 06 14:11:22 +0000 2017,False,True
1372030,1372029,"I tried to book on British page, Iberia, Vueling since yesterday. Never go trough on the payment and prices go higher Help","Hi there, prices aren't guaranteed until you get a booking reference. ^Linda",Mon Oct 16 11:21:35 +0000 2017,False,True
292767,292768,Do BA have generic lost property? STN didn't have it so either next person in seat found it or it's gone to another lost property dept?,"We're sorry they've been unable to help you, Peter. We'd recommend using the information on this link: ^DaniH",Fri Oct 06 22:34:02 +0000 2017,False,True
2383030,2383029,How long will your ticket booking systems be down for?,We don't have any issues reported. Have you tried deleting your browsing history? ^Jane,Tue Nov 14 01:34:37 +0000 2017,False,True
1549996,1549995,thanks for a great flight to Las Vegas on Friday and shout to jordan and Kelsey #1stclassservice 👌🏼,"We're glad to hear you had a great flight, Niamh. We look forward to welcoming you back on board again soon.",Sun Nov 19 17:42:48 +0000 2017,False,True
2275204,2275203,waiting to board flight. Very inefficient counter staff. Crew came late. Not acceptable,We don't like to hear this. What flight are you boarding? ^Helen,Sat Nov 11 02:52:18 +0000 2017,False,True
2132688,2132690,Galleries South LHR. Lovely experience and even on an old 767 LHR to EDI on board club service fantastic.,"We're delighted you enjoyed your time with us on board and in the lounge. We hope to see you again soon, Kevin! ^Natalie",Wed Nov 08 22:12:27 +0000 2017,False,True
874122,874120,"Yes I did, but I assumed something was wrong since the cost to change to the earlier flight was £600 (ridiculous price) now at Heathrow..","We're sorry for the late reply, Lucas. Did our Airport team resolve your query? ^DaniH",Fri Oct 20 16:43:09 +0000 2017,False,True
617780,617778,Slightly disappointed with the fact my Father-in-law’s flight can’t be changed given the circumstances. #sadface,"Were you advised why, Stephen? Are you named in his booking? ^Cec",Tue Oct 31 08:59:56 +0000 2017,False,True
2428825,2428824,"Hi , I'm trying to book a return flight from Glasgow to Nairobi returning early February. The only option is an overnight flight connecting at Gatwick. How do I get myself to Gatwick from Heathrow? I've never lived in London. Do I pay the cost myself?","Hi, there is the National Express bus service or a taxi. You would be responsible for your own connections and have to take any checked baggage with you. ^Kit",Tue Nov 14 18:41:20 +0000 2017,False,True
1877521,1877524,"I'm returning on this flight and need a gluten free meal, please (was ordered on outward flight - but wasn't available)",Hi Danny. You can request a specific meal yourself on Manage My Booking on You must do this at least 24 hours 1/2,Mon Oct 30 12:36:13 +0000 2017,False,True
417126,417128,They're coach seats. No extra leg room. No outlets.,"Hi Jennifer. We're you travelling on a short haul flight. The configuration is 2 and 2, as the middle seat is blocked off. Sorry (1/2)",Tue Oct 10 12:28:10 +0000 2017,False,True
447593,447595,Thanks! But why was I allocated an aisle seat when there were window seats available? A new algorithm is needed 😳,"Many prefer them for the extra leg space in the aisle! It may be worth asking at the airport, as there are probably quite a few passengers who'd be willing to swap with you, Charlotte. ^Kimbers",Thu Nov 30 20:18:23 +0000 2017,False,True
1476638,1476636,"But you clearly know people prefer an aisle or window, but assign them a middle seat so they have to pay.","If we haven't been informed of a preference, seat allocation is assigned completely at random by a computer program. ^Kimbers",Thu Nov 02 20:38:45 +0000 2017,False,True
2103929,2109150,I’ve booked a solo adventure to New York in March with . So excited.,"Hi Laura, we're excited to welcome you on board ! What have you got planned ? ^Tom",Wed Nov 08 08:52:03 +0000 2017,False,True
2935302,2935304,Sorry just see your tweet at airport now and too late hope I do not get the pasta which seems to be what they have most of,Hi Maria. Sorry for the late reply. We do hope you get a meal that is something you will enjoy. ^Neil,Wed Nov 29 19:28:29 +0000 2017,False,True
1334723,1334722,As usual terrible customer service from having been verbally abused by your staff in Bangkok,comments are passed back to their Line Manager. Please accept our apologies for the inconvenience caused. 2/2 ^Linda,Fri Oct 27 06:51:55 +0000 2017,False,True
675930,675928,can you confirm I’m allowed to take my electric long board on my flight to AMS this Feb? It’s a and I have it in a bag and was planning on checking it in to the hold.,"Hi Mike, it'll depend on the dimension, weight and if the battery is removable. You can find more information about our baggage policy here: ^Linda",Thu Nov 23 09:45:23 +0000 2017,False,True
810992,810993,Well done again thrown out of my confirmed seat again 45+ return flights every year for 7+ loyalty means nothing to you 😡😡😡,"Sorry you seat has been changed, Tony. I'm afraid seating can't be guaranteed, and may need to be changed for many reasons. Did you pay 1/2",Sun Oct 08 13:00:57 +0000 2017,False,True
2885151,2885149,"hi, does your baggage allowance (2 x 23kg checked bags for Europe-Japan) apply to code share flights?","Hi there, no, for codeshare flights, you would follow the baggage allowance of the operating airline. ^Chris",Tue Nov 28 10:10:36 +0000 2017,False,True
223835,223834,there is 1 hour+ line at MIA to drop off bags. Unacceptable,"Sorry for your wait, Michael. I do hope you weren't waiting too much longer. ^Lisa",Wed Oct 04 19:23:24 +0000 2017,False,True
320501,320500,. has bullshit customer service. I went from business class to being stuck in the middle seat for an 8 hour flight,"Hi Kelly, I'm sorry to hear this. Did you try and change your seats before check in had opened ? ^Tom",Sat Oct 07 09:36:55 +0000 2017,False,True
603376,603375,Not entirely sure what qualifies ppl for priority boarding on but seems a system everyone takes the piss out of. Seems pointless.,Hi Nikki. We're sorry the priority boarding didn't work out as you planned. ^Neil,Sun Dec 03 18:35:29 +0000 2017,False,True
850344,850346,Still no feedback re poor service Paul for me? If I’d written a letter to complain I’d receive a reply. Perhaps shd dust off pen &amp; paper,"Hi, Kathy. You wouldn't receive feedback I'm afraid. As previously advised, this will be investigated internally. Please be assured this 1/2",Wed Nov 01 19:01:50 +0000 2017,False,True
1613917,1613918,"Yes I was supposed to fly with you from LHR to STR, you rescheduled me to FRA and my luggage never made it. It‘s still gone after 35hrs :-/",We're sorry your bag's delayed. Were you provided with a WorldTracer reference? 1/2,Sun Nov 05 07:58:14 +0000 2017,False,True
2609850,2609848,"If I book a flight through BA that's operated by Vueling, is it possible to choose my seat online?","Hi Adam, I'm afraid you'll need to book your seat with Vueling so it'll need to be done on their website. ^Kimbers",Thu Nov 30 18:17:34 +0000 2017,False,True
2462088,2462090,Sure. Membership number is 36136363 WLCZ35 is the booking reference (image attached).,"Hi Rian, thanks for providing your details we will pass this onto our Executive Club. ^Tom",Thu Nov 16 10:16:24 +0000 2017,False,True
2868650,2868652,"Tried latest versions of Chrome and Firefox, Edge doesn't load the page and tried with two different connections","Have you tried deleting your temporary internet files, Jack? You may need to speak with our Sales team instead. ^Steph",Tue Nov 28 07:33:07 +0000 2017,False,True
1186730,1186729,inflight entertainment doesn’t stop on approach quite the opposite one can view the approach &amp; listen to music...why????,"We're sorry to hear this, Alan. We certainly appreciate your feedback however. ^Lolly",Tue Oct 24 18:28:05 +0000 2017,False,True
2105472,2105476,Yes I have tried on a desk top PC and both iPads and iPhone and get the same #strange,"That is very strange, Stuart. I've reported this with our Web Support team to investigate. In the meantime, 1/2",Wed Nov 08 20:14:44 +0000 2017,False,True
1379744,1379742,I had a flight with you yesterday from Miami to London and from London to Tel Aviv i had my 2 bags checked straight to tel aviv but when i got to tel aviv and went to take my bags i only found just 1 bag i went to the security and asked them about my other bag,"Hi Pascal. We're sorry your bag didn't make it to Tel Aviv. Did you make a report at the airport? If so, use this following (1/2)",Fri Oct 27 11:42:35 +0000 2017,False,True
1289969,1289971,"Thank u for passing on comments, I'm assuming that tight budget is affecting quality of food &amp; lack of meals served, not what we expect BA!","So we can pass on your comments and feedback, please can you let us know the flight number and date you travelled? Thanks. ^Claire",Fri Oct 27 06:36:57 +0000 2017,False,True
444219,444217,I’m on a 10am Flight next Sat and can usually reserve a seat in advance (bronze member) but it’s trying to charge me. Can you help?,2/2 should be able to check-in from tomorrow if your booking is eligible. ^Linds,Sat Nov 18 17:26:13 +0000 2017,False,True
2270491,2270493,Just to clarify you mean depart (currently) your reply suggests you mean you use to fly from Miami concourse E,"Hi James. To clarify, we depart from Concourse E at Miami International Airport. ^Davina",Sun Nov 26 15:26:33 +0000 2017,False,True
442447,442448,I need to change a booking for travel early tomorrow morning...is this possible if manage my booking not available?,for Data Protection. We would be happy to contact you to assist. ^Kit 2/2,Tue Oct 10 22:46:32 +0000 2017,False,True
2651483,2651482,Nope! Delayed again! Cleaners and caterers still on board. I’m never making it.,"Apologies once again, Julia. We do understand how frustrating this must be. ^Lisa",Sun Nov 19 01:32:25 +0000 2017,False,True
2275215,2275214,One of the best #flyingstart ballls ever. You were unbelievable!!!!!!! #howonearth????,"That's great to hear, Kelly. We're glad that you enjoyed it. ^Helen",Sat Nov 11 01:50:57 +0000 2017,False,True
1579298,1579297,Can u help me as points from my return flights dublin to bahrain via London not going into my account for avois r points?,postal address and a contact number for Data Protection. We can assist you. ^Kit 2/2,Sat Nov 04 15:10:25 +0000 2017,False,True
2556891,2556889,Hi - are you aware of any issues with Executive Club at the moment? Getting this error - tried multiple browsers. Many thanks. Andy,"Hi Andy, I'm sorry to hear about the problems your having online. Our I.T team are aware of the issue and are working hard to try and get this fixed. In the mean time is there anything in particular that we can help with ? ^Tom",Thu Nov 16 14:49:22 +0000 2017,False,True
2483566,2483564,Amuse-bouche on #FirstClass LHR-BOS #foodie #AvGeek #PaxEx #flyba #travel #london #boston #foodporn #BritishAirways,This looks tasty. We hope you enjoyed the catering on board and you had a pleasant flight with us? ^JulieR,Sun Oct 29 14:52:40 +0000 2017,False,True
1834273,1835597,I believe you have changed baggage policy today a return eg out ET back CE now two different baggage allowance for each flight on 1 ticket,You're correct Mark. Passengers travelling in mixed cabins within their journey will only receive the ticketed baggage allowance. 1/2,Wed Oct 18 15:29:23 +0000 2017,False,True
670275,670274,"Hi, I can put my 35-liter backpack under the front seat. Or should I put it in the aircraft compartment?","Hi Judy, that will depend on the size. Here's the link you need. ^Helen",Wed Nov 22 22:57:42 +0000 2017,False,True
1495354,1495357,Finally after back forth 2 terminals customer rep assisted this was a nightmare many more people still waiting,I'm so sorry to hear that. Please let us know if there's anything we can do to help. ^Kimbers,Fri Nov 03 12:13:31 +0000 2017,False,True
8116,8118,"part of the cost is your service charge. no-one made it clear to me that an alternative, cheaper 034 number was available for the same call","Hi Stephanie, we advise our call charges over the phone prior to being connected, and on We're sorry you weren't",Mon Nov 06 14:48:50 +0000 2017,False,True
1835843,1835845,Had a terrible flight to LHR with .. got my laptop bag and a bunch of other shit soaked with coffe due to galley leakage.,"booking reference, email address and contact telephone number. Please give more specific details on what happened 2/2. ^Oliver",Wed Oct 18 12:48:54 +0000 2017,False,True
1702462,1702461,"Problem solved ! Thank you 🙏🏿! (You’re not very fast but you fixed my issue,that’s the main thing )thx for the assistance!","We're glad we got there in the end, Kevin. Thanks for bearing with us. ^Craig",Tue Oct 17 11:44:49 +0000 2017,False,True
924821,924823,Yes we did - we landed in Marseille.,"reference, email address, postal address, and we’ll check for an update for you. We'll be back in touch as soon as possible. 3/3 ^L",Sat Oct 21 07:03:51 +0000 2017,False,True
578611,578610,Definitely spoilt my impression on the return. No amenity kit (either leg) no sparkling wine on take off and not able to recline my chair as the customer behind me complained. Not great.,Hi Dom. This is disappointing to hear. Was this BA0092? We'll certainly pass on your comments as feedback. We hope you'll still continue to fly with us in the future. ^Claire,Sun Dec 03 09:18:50 +0000 2017,False,True
2616141,2616140,"so something messes up between , and , and apparently its my responsibility to sort out the now £200 price difference in a couple of days! Great work, guys...","We appreciate your frustration, Alex. However, as you made your booking through a third party/travel agent you'll need to contact them directly regarding any aspects of your booking. ^Cody",Fri Nov 17 13:40:55 +0000 2017,False,True
2048634,2048632,Can you please tell me how I would change my and my partner's Executive Club membership from the USA to Canada?,"Hi Peter, please confirm your Exec number, full name, address, date of birth and email address and we'll ask the Exec Club to help. ^JB",Sun Oct 01 15:13:53 +0000 2017,False,True
560728,560729,Ask for some of your landing fees back for this flight. They charge such high fees. They need to do better.,"We appreciate you taking the time to get in touch about this, Kevin. We hope you have a better experience in future. ^David",Sun Dec 03 08:32:32 +0000 2017,False,True
582123,582122,"having breakfast in BA lounge Gatwick south, very nice too. Looking forward to our flight (comfy seats I hope 😴)🎉🤞🍾😎",We hope you had a relaxing time in the lounge and have a wonderful flight! ^David,Sun Dec 03 11:49:27 +0000 2017,False,True
1123213,1123215,I was on flight BA0238 &amp; the staff in club were amazing. Thank you very much!,"Thanks for the great feedback about the crew! I've passed it on, but you can also say thanks at ^BS",Sun Oct 15 18:49:44 +0000 2017,False,True
929969,929968,trying to manage my booking but won’t let me. Is there a problem with the website?,"rectify this issue. Please try again later, sorry for the inconvenience.^Jo 2/2",Tue Oct 10 20:01:48 +0000 2017,False,True
1794399,1794398,have not responded to my request to refund my money for a flight they cancelled. Do not book BA ever!,"We're sorry you haven't received your refund. As you booked through a third party, you'll need to contact them about this. ^DaniH",Thu Oct 12 08:57:33 +0000 2017,False,True
2703941,2703946,"Didn't work again. Safari, Firefox, Chrome, nothing works. Can guarantee I'll be in an isle seat in between two screaming babies now. Cheers!","I'm sorry you're disappointed. If only middle seats are available now, I'm afraid there's nothing we can do, as we can't move other passengers. If you mention it when you check in at the airport, they may be able to help. ^Kimbers",Sun Nov 19 22:20:01 +0000 2017,False,True
932036,932035,flight from to the crew speaks Eng n Tamil from Chennai to Cbe spk hindi 🤔,"We're pleased you had a great flight, Rakesh. Thanks for the feedback. ^Sarah",Sat Oct 21 04:44:13 +0000 2017,False,True
607147,607148,Thanks - I did and I was just checking if you'd received it. Its been a month and I haven't heard anything.,"Hi there, it'll be up to the individual to get back to directly. We're sorry we wouldn't have an update as to whether they've received your letter. ^Linda",Thu Nov 23 07:19:17 +0000 2017,False,True
416516,416518,"My dad, who is scared of flying, just took his first long haul flight. Captain checked he was ok during the flight. Thanks !",We're pleased our team were able to make your dad feel comfortable. We know flying isn't always an easy experience when you're nervous.1/2,Tue Oct 10 02:07:07 +0000 2017,False,True
983917,983919,hi could you inform me how many 25g co2 canisters are permitted in my checked baggage in the hold NOT HAND BAGGAGE,"Hi Stephen, you'd need to contact us to get approval. Please call + 44 (0) 20 8738 8357. Alternatively you can email us with the details 1/2",Sat Oct 21 21:04:49 +0000 2017,False,True
2148860,2148862,Yes. I tried using my mobile Phone and im trying to press access but it doesnt work.,"We’re sorry you’re having this issue, Mona. Have you tried to empty cache or delete temporary Internet files?^Corry",Thu Nov 09 10:42:05 +0000 2017,False,True
845211,845210,big 👍👍 to Chris at section H checkin at Terminal 5 LHR. She turned my Monday morning grump face ☹️ into a 😃,"Glad to hear we've managed to turn a frown upside down, James! You can thank Chris directly here: ^Linda",Mon Oct 09 09:59:28 +0000 2017,False,True
2840553,2840550,hi there ! I’m flying to Canada and deciding whether to pay for the vegetarian kitchen meal or 1/2,"Hi Becky, please refer to the following link for more info I'm afraid we're unable to advise exactly what will be included in the standard special meal only what products it does or does not contain. We hope this helps. ^JulieR",Mon Nov 27 12:04:59 +0000 2017,False,True
1552317,1552318,I paid extra for the aisle seat and the privilege of having things dropped on me. Should have stayed where I was. Thanks for nothing.,"This is disappointing to hear. Please be assured, your comments will be fed back to the relevant teams. ^David",Sat Nov 04 20:39:29 +0000 2017,False,True
1823875,1823874,"hi, I had a flight with and did not get my avios, their support team are sending me in your direction?",...also send us a copy of your LATAM boarding pass/ticket too. Thanks. 2/2 ^Lolly,Tue Oct 17 18:21:49 +0000 2017,False,True
2455124,2455123,So do always ignore customers legal right to flight delay compensation? Months without answer and then refer to *paid* CEDR,"Hi James, we would only refer you to CEDR if there is a point of contention in the case and you’re unhappy with our response ^Al.",Mon Oct 23 11:51:04 +0000 2017,False,True
1665483,1665488,hi BA what’s the current response time for complaints? I submitted one 30/10 no response yet.....,"Hi Stefanie, Customer Relations are working hard to get back to customer as quickly as possible. 1/2",Mon Nov 06 09:41:19 +0000 2017,False,True
819086,819087,Hoping to hear from you guys soon!,"Hi Mansai, we appreciate your patience in this time. Our Customer Relations team will be in touch soon. ^L",Mon Oct 16 22:45:15 +0000 2017,False,True
2080786,2080785,Your flights back from GOTT are driving me nuts again! Thoroughly unpredictable. Why not just stick to a daily schedule??,"Hi, please accept our apologies for any inconvenience the changes in our schedule have caused. We've passed on your comments. ^L",Mon Oct 09 19:34:59 +0000 2017,False,True
668360,668362,17009100 __email__ 44 shd. Hatzvi Haifa Israel 34355,"Hi Avi, we've passed your details to our Exec team. They'll respond to you directly. ^Helen",Thu Nov 23 04:15:14 +0000 2017,False,True
1454111,1454112,now clocks are back 1hr does flight ba247 arrive 6.15am local time?,"Hi Claire, all of the times shown on the website have been updated. You can check the latest flight",Thu Nov 02 11:19:05 +0000 2017,False,True
1108731,1108729,I hope my bag gets delivered to Chernobyl tomorrow. Very upset my bag stayed at T5 whilst I went to Kiev!😞😢😞,"We'll do our best to get it to you as quick as possible, Liz. Let us know if you need help with anything else. ^SR",Mon Oct 23 13:49:19 +0000 2017,False,True
1536888,1536890,Brilliant example of customer service - use a load of technical social media language and assume you customer knows what to do with it.,"We're sorry for any offence caused, Mark. We'll pass your comments on as feedback. ^Steph",Sat Nov 04 00:38:51 +0000 2017,False,True
1455733,1455736,Thank you but for someone who has severe anxiety it’s more than just frustrating that’s why I’ve always flown with you so I can check in online and have nothing to worry about when I get to the airport and I know airlines over book flights and I don’t want to be one of them,"Hi Samantha. I completely understand we're you're coming from, when it comes to this type of condition. I know it's stressful (1/2)",Thu Nov 02 19:54:55 +0000 2017,False,True
2448234,2448235,Desktop ..yes..I can’t carry the desktop while traveling??its not intermittent..consistent for 3 weeks..can I talk with anyone??or ba does not have any call center..FYI us calls go to India and the team there does not have any clue..already spent 3 hrs ..,"I appreciate this is extremely frustrating for you, Tusar. Unfortunately, there is no one you could speak to that can fix the issue. It's a fault we are aware of and has been reported to our tech chaps. ^Linds",Sat Nov 18 23:46:29 +0000 2017,False,True
1380617,1380616,Just want to praise the fantastic David on our flight home from JFK last night #BA114,"Thanks for the fantastic feedback, Will. I'll pass that back to him and his direct manager. Have a great day! ^Marie",Fri Oct 27 21:00:27 +0000 2017,False,True
1020020,1020019,3 days since lost my luggage in Sao Paolo and they could not have been more unhelpful. Customer disservice more like. 😡,Please let us know if we can help with anything else. ^Monica 2/2,Sat Oct 14 11:04:42 +0000 2017,False,True
832438,832437,This made my day - serving #ciroc in club Europe,"Now that's my kind of tipple, Paul! Ice and a slice too! Very classy. ^Lisa",Fri Oct 13 05:24:02 +0000 2017,False,True
347038,347037,can you tell me when the Check in desk is opening on Brussel Airport for flight BA389?,"Hi Maikel, as I'm sure you've already found out, check in opens at 05:00 in Brussels. I hope you enjoy your flight. ^BS",Sun Oct 08 02:08:53 +0000 2017,False,True
577310,577312,World traveller. :) I only have one piece but it’s the weight restriction that’s contradictory online.,"Hi Jimmy. Have you viewed your allowance via Manage My Booking or are you looking at our general baggage pages. If you look this way, it will be more specific to your ticket. We hope this is more helpful. ^Claire",Sun Dec 03 12:31:23 +0000 2017,False,True
493845,493844,"Forced to make 2 separate bookings (there's no way to book extra flights/room for another couple in our party of 4 on your hol deals, despite saying you can). Went to make 2nd booking, the price rose by £78 within a minute! Can I get a refund on extra I paid pls","We're sorry to hear this Daigo. You can normally book more than 2 on the website. Unfortunately, we're not able to assist with BA Holiday bookings. We would advise you contact the Holidays team using the following link / ^Kit",Fri Dec 01 11:01:23 +0000 2017,False,True
48697,48695,. Customer service and standards falling fast,"We're concerned to hear this, Mike. Can we help you with anything? ^Jane",Wed Nov 01 13:57:30 +0000 2017,False,True
1548976,1548978,"It will cause my wife who is travelling alone extra expense and most likely a missed connection. All about profits though, right?","Hi Darren. If your wife’s connecting flight is in the same booking, the airport will help her to rebooking. ^Monica",Sat Nov 04 04:33:48 +0000 2017,False,True
525768,530422,"Thank you both BA and AA. Am now at LHR, Oslo flight arrived early hence 4hr layover at LHR, then expected layover at SJC (LHR-SJC PremEco) to LAX of 2 hours more. If in anyway possible to depart LHR earlier (maybe good for making my seat available for later on?) 1/2","Hi Yaron. We'd advise you speak to the airport staff about this, they may be able to assist. ^Paul",Sat Dec 02 09:32:46 +0000 2017,False,True
1598321,1598320,staff just called me and my friend “boys” after getting off business class... great service,Hi Mate. We're sorry if the crew upset you and your boyfriend in anyway. I don't think they meant to cause you any offence. ^N,Sat Nov 04 18:25:50 +0000 2017,False,True
556863,556862,We were forced by your incomptent staff at Jeddah airport to miss our flight. Then forced to by new flights back home to London. Who do we contact to complain and get the refund we rightly deserve?,"That doesn't sound right, Ahsan. You can log a complaint with Customer Relations here: Sorry to hear about this. ^K",Wed Nov 08 22:47:10 +0000 2017,False,True
2722505,2722504,Thoroughly appreciating the and interview in the inflight magazine 👌🏻 #rockstars,"We're glad to hear you enjoy this, Arlene! We hope you had a great flight too. ^Ashleigh",Mon Nov 20 08:39:12 +0000 2017,False,True
87329,87328,"at LHR, have had an Iberia flight cancelled but have no way of paying for a bag check in with BA. Urgent help needed!!!!!!","We’re sorry for our delayed response, Chrisitan. Have you been able to make payment arrangements for your bag?^Corry",Thu Nov 30 13:05:04 +0000 2017,False,True
1258642,1258644,"Fine until we got to the inept Madrid check-in desks. 1hr 15mind to check-in and we were 5 from the front. Appalling service, not happy!!",Please accept my apologies caused by the delay in getting you checked in today and I do hope you enjoy your flight. ^Kev 2/2,Thu Oct 26 09:03:33 +0000 2017,False,True
1696091,1696090,"A couple of hours after the cancellation text message, I received notice that I was put in a flight later the same day. So all went well.","This is great to hear, Thomas. We're available on Twitter 24/7 if there's anything else we can help you with. ^Steph",Tue Oct 17 10:59:15 +0000 2017,False,True
2739147,2739146,I've been trying to call but keep being told to call later...I need some info about taking a travel cot with us for an upcoming trip. Travelling with a child under 2yr. Please can you help? Thank you,"We’re happy to assist Ramo, what information about the travel cot do you require? ^Kieran",Mon Nov 20 13:40:27 +0000 2017,False,True
1921295,1921298,I’ve flown on 100s of very busy flights on different airlines and they always fit. It’s no bigger in volume than normal hand luggage. 1/2,This can cause delays to our operation. This change has been introduced based on customer feedback. 2/3,Mon Oct 30 15:43:58 +0000 2017,False,True
1474918,1474919,"Cleared history, tried 2 different browser+app, from the website I can't even go further than the passeger name",Hi Valeria. We're sorry you're having these problems. We'd recommend you call our Sales team to make your booking. ^Beth,Tue Oct 17 22:56:36 +0000 2017,False,True
1780588,1780587,on your BA6418 seat 5E. This was clearly an ex-Bus Class arm rest now seat #unhappytraveler,"We're sorry you're unhappy with the quality of your seat, Fred. We've shared your feedback with our Operations team. ^DaniH",Tue Oct 24 13:58:04 +0000 2017,False,True
2077255,2077254,Not cool - if you spp shows two seats in a row - only have two seats! I’m now sandwiched in the middle. I moved from an aisle seat for this.,"Sorry to hear about this, Gary. Was there an aircraft change? ^Kimbers",Thu Nov 30 19:40:56 +0000 2017,False,True
170550,170549,can you help me regarding a question I have about flying within the UK without a passport please? London to Edinburgh return! Is a valid residence permit valid to travel? Thanks,"Hi Dave. If you're flying solely within the UK, you do not need a passport but we advise that you carry photographic identification with you when travelling, such as your passport or driving licence. This may be requested at certain points in your journey. We hope this helps. ^P",Fri Nov 24 20:23:12 +0000 2017,False,True
767283,767282,", denied access to first class lounge/dining at PHL. As BA gold! WTH flying BA coded flight to SFO. Can you sort out your ever changing lounge policy. It's a customer fail #fail. What's the point of being Gold with you.","email address and home address, we can look into this for you. 2/2 ^Cody",Sat Oct 28 20:37:00 +0000 2017,False,True
233005,233004,"quick question, are there complimentary drinks at London city for business class, there are no lounges?","Hi Owen, this isn't currently a service we offer at London City but we've passed on your comments for consideration. ^L",Thu Oct 05 07:05:59 +0000 2017,False,True
2035003,2035002,is there a way to combine two peoples avios points for payment on a hotel. Thanks,"You can always risk it by booking a couple of nights from each account, but you may need to move rooms midway through your stay! 3/3 ^Kimber",Tue Nov 07 17:00:49 +0000 2017,False,True
2909565,2909564,"Almost two hours delayed on the way heading out on from Gatwick to Barbados, now more than an hour delay on the way back tonight 🤦🏼‍♀️stressed! I'm feeling a free upgrade could help round off what would've been the perfect holiday 😉🇧🇧✈️#BA2154","Hi Naomi, sorry to hear you're delayed again. I can see you're well on your way to London Gatwick now, we hope you're having a great flight?^Jo",Tue Nov 28 18:02:22 +0000 2017,False,True
140692,140693,"On a 8hr55mins flight with and there is no usb charging port!! Modern app, modern self service check in, and ancient plane, look at the size of that screen &amp; NO USB port !!",Hi Fadzai. The plugs/sockets available will depend on the type of aircraft and the cabin your flying in. You can find more details on the following link 1/2,Fri Nov 24 09:33:37 +0000 2017,False,True
2419990,2419988,Why Do U Not Have An Agreement With The Lounge In Ibiza &amp; U Don’t Advise Customers Travelling Club Of This! #disgrace,You can check if there is a lounge available in future by using this link ^Davina 2/2,Sun Oct 29 08:14:24 +0000 2017,False,True
803288,803287,Is is it at all possible to change the passenger name on a ticket?,"Thanks for your Tweet. I'm afraid tickets couldn't be transferred into another person's name, sorry. ^SR",Thu Oct 12 15:13:18 +0000 2017,False,True
2541685,2541684,Excellent service from Luke Taylor on the 8.45 from EDI to LCY this morning. 👏👏👏,"Hi Roger, this is great to hear we will make sure this is passed back to his Line Manager. ^Tom",Thu Nov 16 10:19:20 +0000 2017,False,True
2563147,2563145,I am flying from Las Vegas to Dublin with a layover in LHR. Will I have to recheck my bags in at LHR?,"Hi. If you have booked your journey on one ticket, you won't have to pick your bags up. If you have two separate tickets you bag will be only checked to London Heathrow. You'll need to collect it and come out of arrivals and then head up to the departure level. ^Natalie",Sun Nov 26 16:31:33 +0000 2017,False,True
1209638,1209639,"Absolutely. feel that for a ""cheap"" flight the cost of changing are disproportionate.... I'm actually looking at a new booking as cheaper.","Sometime a new booking is Jonny. If you were to book business class, you'll able to access the lounge from the departure airport. ^Oliver",Wed Oct 25 19:00:31 +0000 2017,False,True
1276693,1276695,Only just seen this! We’ve had the best 60th birthday week in Vancouver. Flying back tomoz @ 9pm. Anything we can do for a fancy farewell?,We're pleased you and your mum have had a fantastic time in Vancouver. Please speak to our crew when you get on board. ^Gill,Mon Nov 06 05:44:02 +0000 2017,False,True
2478251,2478252,"Thanks Liz, keep doing what you Twitter folk do. You’re all great. My work business will unfortunately be going elsewhere now though.","You've made us blush, Oli! We're here 24/7 if you need us. ^Liz",Sun Nov 12 17:12:35 +0000 2017,False,True
2369132,2369131,"if I wanted to go to the U.S. and transit in London through British airways , do I have to get visa to land in London?",Hi there. I'm afraid we don't give out visa information. You'll be best visiting the IATA information site or contact your local British Embassy. ^N,Mon Nov 13 19:16:11 +0000 2017,False,True
2462080,2462079,"booked a flight through , but turned away at the lounge because it's a code share flight. That's poor form, BA.","Hi Benjamin, we're sorry for any disappointment. You can get full details of lounge access here: ^Lindy",Wed Nov 15 07:18:04 +0000 2017,False,True
78378,78380,How is it appropriate to charge someone more when they only want 50% of the product they have purchased? #britishairways,Hi Kate. The costs to amend or change your booking are advised at the time of making the booking. This is something that needs to be agreed to before completing the payment. Apologies for any disappointment this has caused. ^Kev,Thu Nov 30 12:26:15 +0000 2017,False,True
754279,754280,Thanks for replying but for your info its not. Tried 4 different computers all stating unavilable Guess its easy jet then,"We'd advise you speak with our Sales team, Robin. They will check availability. Many thanks. ^Lisa",Sat Oct 07 16:16:59 +0000 2017,False,True
1027185,1027183,". disgraceful service at BHD today. I booked on BA, YOU resold to aer lingus then YOUR staff refuse access to lounge","member of the oneworld alliance, lounge access wouldn't be permitted. Sorry for any disappointment. ^Lisa 2/2",Sun Oct 22 15:13:50 +0000 2017,False,True
435322,435325,It’s my birthday! Hotel paid and all my friends in Belfast without me!! Worst experience ever. I never want to fly BA AGAIN after 20 years.,"Hi Imtiaz. We're sorry for the delay to your flight, especially with it being your birthday. Apologies for the inconvenience. ^N",Tue Oct 10 20:12:25 +0000 2017,False,True
2006972,2006973,Sadly not - over a week on and still no resolution to part 1 of complaint and haven't even acknowledged part 2. This is about my husband who has a disability and IE actions bordering on discrimination. Perhaps someone from IAG could contact me?,"We're disappointed to hear this, Lucy. Unfortunately we wouldn't be in a position to get someone from IAG to contact you. We're unable to assist with this. You'll need to keep contacting Iberia Express directly. ^Chris",Tue Nov 14 10:12:24 +0000 2017,False,True
1343239,1343240,Hi been trying to log Avios unsuccesfully for months. reset and logged today. My 54k airmiles dissapeared in 2016 Help,"We're sorry about this, Clyde. We'll ask the Executive Club team to look into your query. 1/2",Fri Oct 27 08:45:39 +0000 2017,False,True
242715,242713,my son has filled up his BA logbook - can I get/order a new one from BA? Thanks,"Good afternoon, I'm afraid we don't offer the logbooks anymore, as we don't offer the service for Solo Flyer's. ^Karen",Tue Oct 03 11:06:19 +0000 2017,False,True
381794,381796,"My point is that you offer to check in hand luggage free on full flight, I would do this if you offered tier points","Hi, thanks for offering your feedback. We've passed on your comment to our Customer Experience team for consideration. ^L",Fri Oct 20 20:44:14 +0000 2017,False,True
18273,18275,"Phone call with BA when I booked said it was allowed. Now it's not. ""Rule change"" A week ago, I was told.","Hi Dweezil, we're very sorry, this policy was updated on the 25th October in our Contact Center and website. Are you still 1/2 2 ^Danielle",Wed Nov 01 06:30:38 +0000 2017,False,True
1896963,1896962,How do My relatives avail priority check in at T-2 Mumbai Airport?,They must proceed to the check-in desk before going through to security. Our Airport team will be best placed to advise them. ^DaniH,Tue Oct 24 11:40:34 +0000 2017,False,True
21157,21156,"Hi, please can you tell me how old/new your 747 jet from London to JFK is? Thanks","All of our 747's have been refurbished, Jooles. We think you'll be impressed. ^Alex",Tue Oct 31 21:30:12 +0000 2017,False,True
915068,915071,I just arrived on BA147 in AMM. I left my jacket in the locker by row 9. What can I do?,"Hi Catherine, you'll need to contact the lost property department at the airport. 1/2",Fri Oct 20 21:36:59 +0000 2017,False,True
112999,112998,"Hey , I have a question regarding my upcoming trip to London about a change in the hotel room . I wonder if it’s possible? Thank you!","Hi Ruxandra, I'm afraid you'll need to speak with the BA Holidays team. If you call 0344 493 0787, they'll be able to transfer you through to them. It's a small, specialised team and they're fantastic at what they do! ^Kimbers",Thu Nov 23 17:52:04 +0000 2017,False,True
1930162,1930161,I tried to do the online check in but unfortunately there are error could you help me?,"We're so sorry you've been unable to check in online. Unfortunately, we're unable to assist and you'll need to check in at the airport. ^Dan",Sat Oct 28 06:58:55 +0000 2017,False,True
282586,282585,Nice spot for the Ex-pats Golf Day. Thanks for the invite,"What a lovely setting, Peter! Enjoy a day of golfing in the sunshine. ^Davina",Fri Oct 06 12:03:05 +0000 2017,False,True
1805845,1805848,BA2631 one of our party had the same situ on a previous flight with BA and believes this I'd a known &amp; regular issue but what's being done?,"We're sorry for the late reply, Ali. Thanks for the information which we'll use to contact our Catering team. They'll be as concerned 1/2",Thu Oct 19 15:11:36 +0000 2017,False,True
847318,847317,I made a customer complaint a month and 5 days ago. What kind of customer service is this!!???,"us your full name, email address, booking reference and Customer Relations reference number reference too? Thanks. ^Kev 2/2",Fri Oct 20 11:00:50 +0000 2017,False,True
796021,796023,Sorry fat fingers - DXB (Dubai),"Hi Paul, British Airways will get you Tier points or any member of the One World Alliance. Please see the link Kit",Thu Oct 12 15:36:18 +0000 2017,False,True
2079952,2079951,change your car partner customer service is beyond shocking,"Hi Deborah, we're sorry for the issues you've encountered. We've passed on your comments to our Customer Experience team. ^L",Mon Oct 09 18:48:11 +0000 2017,False,True
2960320,2960318,"Traveling with to Antigua on Saturday and I’m already a little put out with their customer services team. Just hope it all goes well, losing confidence.",Hi Hassan. We're concerned to hear this. Can you tell us specifically what you're unhappy with? We do hope you enjoy your time flying with us on Saturday and we look forward to welcoming you on board. ^Neil,Wed Nov 29 18:29:02 +0000 2017,False,True
1282576,1282575,"flight delayed 3 hours now, been sat here for 5hr, just been given a voucher where I can get water or food but not both. 🙄","We're sorry to hear about your departure experience, Ada. We hope you can still have a pleasant flight with us today. ^JR",Thu Oct 26 13:22:23 +0000 2017,False,True
1616471,1616469,I'm a big fan of #BACityFlyer - flying to London City is currently my favourite way from Edinburgh,"Hi there, I'm glad you enjoy it. We look forward to welcoming you on board very soon. ^Tom",Sun Nov 05 13:48:38 +0000 2017,False,True
1268593,1268592,in BC James Bond to Barca 26/10/17 Great “pound on the land”. Great sense of humour Keep it up. Great BA customer service!,"We're pleased to hear you enjoyed your flight, Asho. What happened at Barcelona Airport? ^David S",Thu Oct 26 09:32:06 +0000 2017,False,True
1850692,1850694,no you don't understand #badcustomerservice #dontflyBA,"We can understand your frustrations, but we don't want to give you a timescale we can't fulfil. We appreciate your patience, so far. ^KP",Thu Oct 19 03:24:26 +0000 2017,False,True
623244,623245,"Booked a ticket on including a flight on AA. Got AA record locator, how long until I can see the flight on Currently says ""not found"".","Hi Giel, sorry you're having difficulty finding your booking. Have you tried logging onto our website? Please click on the following link Hope this helps?^Jo",Wed Nov 22 17:38:57 +0000 2017,False,True
1504312,1504315,"BA0116 - Message: Sorry, we cannot complete online check-in for your flight on this occasion. Proceed to the airport to check in and ...","Hi Jerry, I'm afraid you'll need to check in at the airport on this occasion. Please be assured this doesn't mean there's a problem with 1/2",Fri Nov 03 16:29:06 +0000 2017,False,True
998669,998668,"We booked ""BA"" flights only to find out they are operated by AA. Son has a peanut allergy and their policy is draconian.","flight we'll be happy to take a look. However, changes will be based on your ticket rules. ^Anthony",Fri Oct 13 12:24:19 +0000 2017,False,True
2164911,2164910,On my way to for my flight to Munich for the start of the Winterträume tour,"How exciting, Paul. We hope you have a great flight. Hopefully, you’ll get some downtime in Munich! ^Liz",Thu Nov 09 09:05:10 +0000 2017,False,True
2888650,2888649,first flight with BA in a couple of weeks.. what's the chances of a free seat selection request by being cheeky 😉,"Hi Mike, unfortunately it's not something we'd be able to offer at this stage. Seating is usually free 24 hours before departure though. ^Chris",Tue Nov 28 12:07:27 +0000 2017,False,True
886386,886389,As it's getting closer to my travel date can you confirm that a clear pencil case will be ok to use for security purposes?,"Hi Kirsty, you can use a single bag which is transparent and resealable. It has to be no larger than 20cm x 20cm and able to close 1/2",Sun Oct 15 18:51:50 +0000 2017,False,True
1135829,1135827,♥️every moment of our flight from #bangalore to but this flight safety guideline on a lighter note was😂,"Hi Shekhar, thanks for sharing! We're here 24/7 if there's ever anything you need. Have a great trip! ^L",Wed Sep 27 16:15:24 +0000 2017,False,True
973845,973844,Any chance of a smile at Galleries? #LesMiserables....,"Sorry to hear that, Zeshan. We hope it didn't stop you enjoying your time in the Lounge and your flight. ^Anthony",Fri Oct 13 19:11:11 +0000 2017,False,True
1301117,1301116,ruined my travel arrangements by overbooking flights to JFK. Selling tickets for non-existing seats is unethical.,We hope you had a pleasant flight to NYC once you travelled. ^Steph 3/3,Sun Oct 15 22:56:06 +0000 2017,False,True
1854001,1854002,Not too soon! That means the holiday is over 😱 Just under 2 weeks ... will be checking out WTP for once 👍 #Travel #BA #BritishAirways ✈,"Enjoy your time, Lindsay! We hope your return flight doesn't come round too quickly for you! We're sure you'll love WTP! ^Sam",Thu Oct 19 10:47:40 +0000 2017,False,True
629096,629098,"BA lost my luggage in Joburg because it got mistagged. It's already been 4 hours and you havent located my bag. I have no clothes, food, toiletries...","We're sorry for the inconvenience caused by the delay to your bag, Chanelle. You can check the status of your bag here: Our Baggage team will require time to locate your bag. In the meantime, please purchase essential items and keep the receipt so 1/2",Wed Nov 22 13:08:14 +0000 2017,False,True
2174580,2174579,I've just checked and it says 'Check baggage allowance is '2 bags at 23kg (51lbs)'.... Does this mean TWO bags can weigh up to 23kg EACH? Or TWO bags 23kg combined?,"booking ref, email and contact number we can certainly clarify this for you.2/2^Corry",Thu Nov 09 13:45:12 +0000 2017,False,True
1281681,1281680,T5 #clubworld check in staff are awesome . Perf for traveling DJs &amp; child. #copilot #Beijing #worldfavoriteairline #djlife,"That's great to hear, thanks! We hope you enjoyed the flight. ^P",Thu Oct 26 13:40:13 +0000 2017,False,True
1129507,1129509,Lets hope the next reply is a bit quicker ... they also added people to my claim that aren't from my household. Is that normal ?,We'd recommend replying directly to Customer Relations. They'll be able to clarify this. 2/2 ^DaniH,Tue Oct 24 12:49:07 +0000 2017,False,True
1261610,1261606,. first and last time flying with this company. Customer service is atrocious,We're concerned to hear this. Could you tell us what happened? ^Chris,Thu Oct 26 10:53:44 +0000 2017,False,True
888938,888937,"is there something wrong regarding my flight from Aarhus to Sthlm, Bromma today at 1655? Ba8291","Hi Erik, we can see your flight has now departed but there was a route change. We're really sorry for the inconvenience. ^Sam",Fri Oct 13 13:35:00 +0000 2017,False,True
145524,145526,"Well I thought I would try ;) shoutout to the Crew on BA17 as well, most comfortable flight :)","That's great to hear, Jamie. We'll pass on your feedback to our Customer Experience team. Enjoy the rest of your day! ^Karen",Sat Nov 25 12:19:04 +0000 2017,False,True
1003928,1003929,"06:45 from Belfast 1 hour delayed, then stuck on plane waiting for bus at T5, now missed breakfast with wife, thanks.","We're really sorry for any inconvenience caused by this delay, Chris. Our service has been disrupted due to the storm. 1/2",Sun Oct 22 08:16:52 +0000 2017,False,True
1715030,1715029,Nice to sit in a new plane thanks,"It's good to have you on board, Gav. Make sure you have a rest and enjoy yourself. Am sure you will anyway. ^SR",Tue Nov 07 03:10:04 +0000 2017,False,True
977348,977345,after 30 mins trying to buy baggage for my trip (after check in) I guess I will just have hand luggage #webfailure 🤦🏻‍♀️,"Sorry to hear that, Elisa. You need to do this online before you check-in. Or you can do it at the airport. ^Anthony",Fri Oct 13 20:46:51 +0000 2017,False,True
888,1935293,"Can you send me a link to your musical instruments policy, please What instruments have to go in the hold ? .Thanks","Hi Sandra, if you follow the link below you'll be able to see all the info on travelling with instruments. ^Cody",Sat Oct 28 20:26:07 +0000 2017,False,True
2227687,2227686,Hi there! I left a navy jacket on a flight from GLA to LHR this morning (BA1477). Who should I contact to get it back?,You can find all our Lost Property contact details on the following link: ^Sarah 2/2,Thu Oct 19 11:49:38 +0000 2017,False,True
2233776,2233778,Yes but the Icelandic office are not open and I leave on Sunday morning. Can you help make sure I can collect my notebook. Ref QMZ94J? the airport team are not responding and won’t be there till Monday. __email__ bronze card member.,"Hi Thomas. We're sorry you can't get through. Unfortunately, we can help you recover your lost property. ^N",Fri Nov 10 21:44:28 +0000 2017,False,True
126590,126589,I’m not sure if I can go any more as it’s looking to be pricy though shall be saving the pennies,"Good luck, Ross! I'll keep my fingers crossed that you can go. ^Beth S.",Fri Nov 24 02:47:17 +0000 2017,False,True
369339,369342,any reason that we've been stuck on the coach for 10 minutes waiting to board 21:20 in Krakow airport. #poorservice,to reimburse you upon your return. Let us know if you have any further questions. 2/2 ^L,Sun Oct 08 19:01:34 +0000 2017,False,True
524748,524747,Amazing customer service from today at Heathrow T5,"This is great to hear, Anne-Marie. We'll make sure this is passed back to London Heathrow. ^Natalie",Fri Dec 01 16:30:06 +0000 2017,False,True
1694704,1694707,Hello - what does this mean? 🤔 flying tonight and now panicking,"Hi Serena, sorry for late tweet. I would advise you to see our check-in staff once you 1/2",Mon Nov 06 15:22:37 +0000 2017,False,True
427506,427508,No - my response to Chad was implying that BA is always great that I’ve gotten used to good flights 😂 Thanks for checking though.,You're more than welcome Christopher. You know where we are if you have any queries. Look forward to welcoming you on board again soon.^Jo,Tue Oct 10 13:02:48 +0000 2017,False,True
2194967,2194966,on route with to #lasvegas and for my birthday weekend 🎂🎂🎂🍾🍾🍾🍾,"Happy Birthday Tracey, that doesn't look like a bad start to your trip. Have a great flight to Las Vegas. ^Kit",Thu Nov 09 15:36:19 +0000 2017,False,True
476426,476424,I am due to fly from Nairobi on 21st Dec a number of colleagues have advised that the standard of the aircraft on this route is disgraceful one friend messaged me already who flew from here last night to London and he advised of the same!!! Comment,"Hi, Darren. We carry out many checks on each of our aircraft. This includes safety, security, and cleanliness. We only operate an aircraft if it's safe to do so. ^Cecilia",Fri Dec 01 08:50:00 +0000 2017,False,True
736575,736574,Who do i speak to about compensation for a 4.5 hour delayed flight from Rome and a damaged suitcase?,"Sorry to hear about your experience when travelling with us, Em. Please use this link: ^Gill",Wed Oct 11 09:25:19 +0000 2017,False,True
372299,372298,Worst flight for customer services I've ever experienced in all my life BA 2673 staff were rude &amp; only got 1 drink offered the whole 5 hours &amp; rubbish took 2.5 hours to clear &amp; spoke to like a peasant when I complained 😡,"This is really concerning to hear, Kell. We'll ensure your feedback is addressed internally, we're sorry. ^Rach",Sun Oct 08 20:53:05 +0000 2017,False,True
1182344,1182343,"- 13th time seeing my favourite musical Priscilla in Hong Kong, anyway you could help make this a trip of a lifetime?","Hi Georgie, what did you have in mind? I'm afraid we can't offer complimentary upgrades, due to the number of requests we receive. ^BS",Fri Oct 13 17:18:50 +0000 2017,False,True
324673,324672,Loved your new information video at the beginning of my flight Was so funny esp,"Hi there, I'm glad you enjoyed it as much as we do ! ^Tom",Sat Oct 07 14:34:13 +0000 2017,False,True
75295,75297,Thanks Kevin. Booking another person on a separate booking should be simple but doesn't work for me. Falls over when entering passenger details. Seems like passenger must be on a Business Loyalty program. No option not to be. Can't get beyond that. Frustrating.,"Hi Garfield, I'm sorry to hear this. You would need to speak to our Sales team to book new flights. ^Tom",Sat Dec 02 09:51:20 +0000 2017,False,True
688902,688904,"Why has the flight been cancelled? It’s for Oct 2018, has only been on sale for 3 weeks. LCY-AGP. Had to rebook elsewhere at a dearer price.","We're increasing the frequency of flights from Heathrow to Malaga, so this may be why the decision was made. Because it's so far in advance, it'd be difficult for me to say exactly why, though. I'm really sorry you're disappointed, Steve. ^Kimbers",Thu Nov 23 14:31:08 +0000 2017,False,True
1664574,1664575,Terrible arrogant service. You attempted to put my bag in hold. 1 year's loyalty flying every week with you means nothing,"If we have a full flight we will ask for larger bags to be checked in so we can avoid delaying the aircraft, Pete. 1/2",Mon Nov 06 08:18:21 +0000 2017,False,True
291953,291955,Trying to upgrade my flight &amp; it’s a $900 fee to do so. The ticket price currently costs $450! I’m confused...,of the team will look into this for you have get back to you as soon as possible. 3/3 ^L,Fri Oct 06 14:07:28 +0000 2017,False,True
1308774,1308773,"We have but no representative from BA is here to tell us what happens today, any ideas when we can expect a taxi back to the airport?","Hi Kim, the flight is currently due to depart at 21:00 local time. We would advise going to the airport 3 hours in advance of this. ^Chris",Thu Oct 26 10:39:08 +0000 2017,False,True
721470,721469,Boost for #Highlands tourism as to run 10 weekly flights between &amp; ✈,We're pleased you're happy with our new announcement. We're really excited to be operating this route more frequently. ^DaniH,Fri Oct 06 12:30:06 +0000 2017,False,True
1210885,1210887,"Musical instrument policy, it was changed on the 23rd Oct regarding guitars.",Thank you for your feedback on our new policy for musical instruments. We'll pass it forward to our Leadership team 1/2,Wed Oct 25 13:59:14 +0000 2017,False,True
380013,380017,Thanks Raj - but to confirm it's okay in hand luggage?,"Hi, an Iphone 7 plus needs to be checked in. It can't be taken in hand luggage. It must be turned off and packed to avoid being (1/2)",Mon Oct 09 07:58:01 +0000 2017,False,True
2408332,2408330,No #FastTrack for #ClubEurope at #BudapestAirport. But good to see and do!,"I'm afraid we can't offer fast track at every airport we operate from, Alex. Budapest is one of the airports we don't have this facility. ^Leanne",Tue Nov 14 15:25:27 +0000 2017,False,True
1182561,1182562,"Customer service beyond a joke flight cancelled, can't change online and now 35mins waiting on the phone......","Hi Brian, please accept our apologies for any inconvenience caused by the cancellation of your flight. We're following you now so",Sun Oct 15 15:50:20 +0000 2017,False,True
2509008,2509010,Wow nearly an hour for that reply. Very useless support in the UK from BA. Ended up phoning America and speaking to someone who sorted it. Disgusting you have no support out of normal hours in UK.,"to ensure there's always someone here to respond to queries. The UK office doesn't take calls after 8pm unless there are flight cancellations and delays. However, I'm glad to hear you've been able to check in. 2/2 ^Kimbers",Wed Nov 15 23:43:07 +0000 2017,False,True
2031737,2031736,"can I collect hold luggage between connecting flights, if I ask at check-in for it not to go straight to final dest.?",Hi Gemma. That's something that you need to ask at the airport. Is there any specific reason why you need to do this? ^Monica,Tue Nov 07 12:49:50 +0000 2017,False,True
232998,232997,Then please inform your call Centre who agreed telephonically that a certified copy would be ok.,"We'll certainly pass your concerns back to them, Malcolm. Let us know if you need help with anything else. ^SR",Thu Oct 05 09:37:23 +0000 2017,False,True
1719301,1719299,I have flights with you (in March 2018) and want to know if it's possible to select seats now without extra costs. Thanks.,"Hi Judy, do you have a medical condition we need to know about or are you a member of the Executive Club? ^Marie",Mon Nov 06 22:46:01 +0000 2017,False,True
1933716,1933714,G-BNLK 747-436 #London #England #Travel #TO416 🇬🇧,An impressive sight! A big 747-436 and a very pretty background of the blue sky. Thanks for the picture Punjabi. ^Oliver,Wed Oct 18 12:40:05 +0000 2017,False,True
2706542,2706541,"3 return flights in the next 3 weeks, Edinburgh, Johannesburg and Helsinki. First one delayed by an hour. Not the best start!","Oh, dear! I hope the delay didn't inconvenience you too badly, Gary, and that your other flights operate smoothly. ^Beth S.",Sun Nov 19 20:22:05 +0000 2017,False,True
2109169,2109168,Why does my call to your office cuts off suddenly? Bloodyway to treat Gold members.,"Hi Wayne, I'm sorry to hear this. Is there anything we can help with ? ^Tom",Wed Nov 08 09:33:57 +0000 2017,False,True
2847871,2847872,"Thanks. We will continue to try the numbers provided. However, in the event that nobody ever answers those numbers ever, and the mailbox remains full... what would your advice be then? Surely there must be a plan B for us to try? Or do we simply have to give up and accept defeat?","Hopefully it won't come to that, Steven. However, as previously advised, we only have the same contact details you have and all lost property is dealt with at the airport so we don't hold information about what items have been handed in. ^Leanne",Wed Nov 29 15:20:47 +0000 2017,False,True
2560036,2560035,Hi Your web site appears to be down...,"We're sorry you've experienced an issue online, Rik. What are trying to do? ^DaniH",Thu Nov 16 15:30:06 +0000 2017,False,True
120779,120781,Well I would normally agree but information was and IS still scant. Understand mechanical issues happen but it was poor last night. 5.30 hrs to sort and get to a hotel and still unsure if flight will leave at 1 today. Let’s hope ✈️,"Once we have more information about this flight, you should be contacted. Please accept our apologies once again for the inconvenience caused. ^Charlotte",Fri Nov 24 10:58:36 +0000 2017,False,True
2058887,2058885,Is it wrong that I’m the big kid and try to always get my flight deck pic 📸,"No it isn't wrong, Yvette. Hold on to that inner child and get that picture of the flight deck! We're routing for you! ^Marie",Sat Oct 07 06:31:01 +0000 2017,False,True
1168054,1168055,Not again. Onboard for the first time. May 19th (MAN-LHR) &amp; May 20th (LHR-LCA). Very excited we all are too.,"Please accept our apologies, Mark. We look forward to welcoming you on board. ^Gill",Wed Oct 25 08:24:25 +0000 2017,False,True
2215513,2215511,nobody on the phone can seem to explain to me why seats can't be booked for upcoming longhaul flight - all unavailable?,"Sorry you aren't able to book your seats, Kate. Would you like us to check this for you? ^Sarah",Fri Nov 10 06:39:06 +0000 2017,False,True
1473934,1473935,your website is unbelievably awful - trying to check holidays and it more bugs than 😡,0844 493 0787 option 2. Calls cost 7p per minute plus your phone company's access charge. Lines are open daily 07:30-21:45. ^Lisa 2/2,Sat Oct 28 20:47:43 +0000 2017,False,True
2607603,2607602,Could you supply the support details for Gate 365? It's a BA branded site,"Hi Lee, as long as your logged in via your Executive Club these will be added to your account. ^ Barbara",Tue Nov 21 08:05:09 +0000 2017,False,True
2416234,2416233,just been advised that my elderly parents have missed their connecting flight due to waiting on assistance from yourselves.,airport to discuss what options are available to resolve this. 2/2 ^Cody,Sat Oct 28 21:01:34 +0000 2017,False,True
2132673,2132675,Ahh thanks. Just never happened before when travelling with you. Thanks!,"Hi Adam, it's a random selection of passengers on different flights. We hope it goes smoothly for you. Enjoy the flight. ^Chris",Wed Nov 08 20:19:09 +0000 2017,False,True
2909577,2909575,"Work is done!!! Leaving the office was frantic!! Super excited to be off honeymooning to the Maldives tomorrow! I'm a nervous flyer though, so hoping will be able to put me at ease 😰🤯😭","That's a great feeling, isn't it. We hope you have a superb time. Just mention how you're feeling to the crew as soon as you board and they'll make sure your comfortable. ^Julie",Tue Nov 28 18:32:55 +0000 2017,False,True
921742,921741,"Travel Info &gt; Bits: BA drops Kos, good BA luxury European deals, upstairs on a BA 747","Hi Alastair, thanks for sharing! Feel free to get in touch if there's ever anything we can do to help. ^L",Sat Oct 21 12:30:57 +0000 2017,False,True
369559,369558,Hi BA I can't seem to download my boarding pass to my phone. Can you help me out please?,"Hi Paul, sorry to hear you're having problems with your mobile app. Please try deleting the app then reinstalling this. If this 1/2",Tue Oct 17 22:38:54 +0000 2017,False,True
1948166,1948164,We arrived at LHR. Our bags were still at LAX.,"We're sorry this has happened, Phil. Please check for updates here: As soon as there's info this will update. ^Cec",Mon Oct 30 11:11:35 +0000 2017,False,True
2110381,2110379,". Hi guys, are you going to offer an amnesty to those like myself &amp; business who have stopped using you for bus travel mostly over the past year or two on their membership tiers when you get yourselves back to standard ? Glad to see the change back !","No matter our differences, we'll always love you Jeremy. We'll do everything we can to win you back. Please don't leave us, not like this!^K",Wed Nov 08 15:55:03 +0000 2017,False,True
1694680,1694682,"Ok thanks, they aren't hyphenated but 3 separate names, but they match the passport ok.","That will be okay, Ian. We look forward to welcoming you both on board! ^Cec",Tue Nov 07 10:46:10 +0000 2017,False,True
1990691,1990692,Completed but feel free to contact me to discuss in more detail,"Hi Jon, a member of our Customer Relations team will be in contact with you to discuss your complaint as soon as possible. ^Natalie",Fri Nov 03 16:08:49 +0000 2017,False,True
1835209,1835208,had to rebook flight to get back to DUB agent said on 2.35 or 6 from LCY at airport asked of can get 1pm but said no,"Hi Robert, the airport staff would always try their best and offer the next available flight. It's possible, the 13:00 flight was 1/2",Wed Oct 18 11:36:35 +0000 2017,False,True
922204,922203,Please...? Seems as if you meant to finish the tweet. Pls let me know about compensation asap. Still in Chicago - should be in Scotland.,We will check this out for you and let you know. (2/2) ^N,Tue Oct 10 18:26:18 +0000 2017,False,True
1201513,1201512,Good Morning! Is it correct that I can have a Avois Number and a Frequent Flyer Number in my Booking?(1),Yes that's right Maximilian. If your Avios number is the first number in your booking that will be picked up for Avios Points. 1/2,Wed Oct 25 10:09:14 +0000 2017,False,True
933485,933486,"Indeed! Got rebooked on a new flight free of charge, for which I'm very grateful!","That's great news, let us know if you've any further queries. ^P",Sun Oct 22 03:30:21 +0000 2017,False,True
368867,368868,"trying to join your avios account but the ""join now"" button does nothing. No link to click through.","Hi Dean, sorry to hear you're having problems to join our Executive Club. Please click on the following link",Sun Oct 08 20:34:30 +0000 2017,False,True
121739,121738,any thoughts on BA’s continued use of T1 budget 200 gates at DUB while supposedly offering a premium service?,"Hi there, what is it you dislike about the 200 gates? ^Kimbes",Thu Nov 23 13:17:28 +0000 2017,False,True
1255487,1255486,to launch double-daily A380s on Johannesburg route #Travel #BusinessTravel,"This is great news, Konrad, and we can't wait. Thanks for sharing. ^Chris",Thu Oct 26 03:52:47 +0000 2017,False,True
1453357,1453356,"afternoon! was wondering if I should pre-register my sports equipment (two kendo shinais) on my flights GLA-LHR, LHR-DME?&gt;&gt;",should arrange special insurance as the airline aren't liable for damage. IAG Cargo may also be able to help Too. ^JL 3/3,Thu Nov 02 10:12:08 +0000 2017,False,True
444101,444100,Shitshow of a day. Thanks a lot so when exactly do you notify someone when you cancel their flight?!!!!!!,"Hi Madelyn, we're sorry your flight was cancelled. We do try and give as much notice as possible. Have you been rebooked? Please let us now if you need any help. ^Lynn",Wed Nov 22 02:01:41 +0000 2017,False,True
727969,727968,Flight delayed over 3hrs and not even a glass of water served on the flight. Poor customer service . Getting to Madrid at night with early morning meetings. Terrible.,Please can you confirm your flight details? We'll feed it back for you. Thanks. 2/2 ^Liz,Tue Oct 10 23:20:17 +0000 2017,False,True
734773,734772,These two could not have been better behaved. Thank you lads 💙💙💙 #Singapore always top service 👍,"How sweet! We're delighted you had a great experience on your flight, Dan. Enjoy your time in Singapore! ^Liz",Wed Oct 11 08:28:48 +0000 2017,False,True
1567603,1567606,You will let a 12 &amp; 14yr navigate Miami Airport and immigration alone when they’ve never flown alone or been to the states before?,"If the decision is made for children to travel alone, they are expected to navigate themselves. 1/2",Tue Oct 17 11:31:38 +0000 2017,False,True
874127,874129,just had customer services put phone down on me because of my sons #anaphylaxis sundeep referred me to a website,We've shared your comments with Sundeep's Line Manager. They'll address this internally. ^DaniH,Fri Oct 20 16:37:44 +0000 2017,False,True
147075,147074,"I am currently on hold waiting to speak to customer relations, it’s going on 40 mins now. Is this normal?","We're sorry you've been waiting to speak with a member of our Customer Relations team for so long, Holly. We hope you've now received the help you needed. ^Charlotte",Fri Nov 24 13:50:09 +0000 2017,False,True
962875,962873,"""it's almost time to check in for your trip from Europe to Tokyo"". But wait... I haven't even flown from NY to London on .",Sounds like you've got a busy few days ahead of you! Have a great flight from New York! ^Liz,Wed Oct 11 14:33:21 +0000 2017,False,True
385986,385984,"Hi, my dad is flying next week with you, but his sight is not the best. How/where can I request for assistance for him?","postal address and contact details, to see if we can help? ^Marie (2/2)",Mon Oct 09 11:10:40 +0000 2017,False,True
2552125,2552126,"Kit, im using your website though","This is unusual, Rob. All we're able to do is report this error and hopefully you'll be able to access it soon. ^David",Tue Nov 21 18:16:00 +0000 2017,False,True
1016642,1016640,suggest you review your onboard luggage policy. Getting wound up with announcements on every flights about no space. #BA,"Hi Adam, I'm concerned to hear this. Which flight were you on? ^Kimbers",Sun Oct 22 13:36:58 +0000 2017,False,True
2552155,2552153,Really disappointed to have been sitting on the Tarmac on BA217 for an hour and a half after scheduled departure because of missing paperwork.,"Hi Tim, I can only imagine how frustrating this must have been for you. I can see it was delayed even longer, I’m really sorry about that. I hope your flight is pleasant and you have a great time in Washington. ^Jamie",Thu Nov 16 13:00:47 +0000 2017,False,True
1734674,1734673,I book my tickets over the phone.,"Baggage can be added online and over the phone, Benjamin. What has been the error? ^Jane",Tue Nov 07 12:01:11 +0000 2017,False,True
371954,371953,"No, only a link to my non-flight vouchers and the link doesn't work. Only proof I have is ATOL certificate. Can you follow me back to DM me",telephone number. We'll then let you know who'll be able to help you.^Jo 2/2,Sun Oct 08 21:36:54 +0000 2017,False,True
689011,689010,"is there a way about reclaiming expired Avios Points? Saved a fair few, tried using today, they expired 01 October.","Avios will expire. This is noted in the T &amp; C's when you join. I'm afraid once they're gone, we can't reinstate them. (2/2) ^N",Thu Oct 05 19:41:03 +0000 2017,False,True
1210888,1210889,Thank you for passing on. Unfortunately my sisters and I will not be able to choose BA again until it's changed back.,"I understand your frustration, Jonathan, but it’s disappointing to hear you won’t choose to fly BA again. ^Davina",Wed Oct 25 14:49:20 +0000 2017,False,True
2513554,2513553,#SupersonicSunday on is reminding me of my #Concorde experience back in May 2003. It was absolutely fantastic.,The concorde was a fantastic aircraft Kristoffer. Great you got to experience it back in 2003. ^Pip,Sun Oct 29 17:37:04 +0000 2017,False,True
607138,607136,No it was about a person to talk to about innovation - I had a Twitter conversation with this address about it a month ago. Heard nothing.,"Hi there, which email address did you send this to ? ^Tom",Wed Nov 22 07:31:12 +0000 2017,False,True
1177895,1177899,Not travelling until November. Websit e goes right through but comes back with error. Customer service wouldn’t talk to me as helping out,"Hi Grant, due to UK data protection rules, we'd need permission from your neighbour before we could discuss his booking with you. If he 1/3",Sun Oct 15 17:50:51 +0000 2017,False,True
706434,706433,We have just boarded the plane to be told we will be parked for an hour and 15 mins. Why have they let us board? Flight ba 833,"Hi Gerrett, we're sorry for this delay. The reason you may have been asked to board the flight is so that we can be ready to take our 1/2",Thu Oct 26 07:58:18 +0000 2017,False,True
971930,971928,very sad to see so many self-service check-in desks at T5 - what has happened to all ur check-in staff?,"Hi Shirley, we try to provide both options to our passengers. Did you manage to check in with a member of staff? ^P",Sat Oct 21 19:16:51 +0000 2017,False,True
399464,399465,as ever. Utterly disappointing,"Hi Michael, we're sorry to hear we've let you down on your recent journey with us. Please let us know more about what happened and",Mon Oct 09 16:44:44 +0000 2017,False,True
1487053,1487054,Thnx for responding however I find it astonishing that I would have to pay an extra $1000 on top of the already $1600 I paid for a toddler,"We're sorry you feel this way, Paula. Unfortunately any change, would be as per the fare rules attached to the type of ticket purchased. ^LS",Fri Nov 03 17:59:07 +0000 2017,False,True
2120748,2120750,It doesn’t say whether I can carry formula in my suit case? And if USA customs allow it?,"Hi Tony, as an airline we allow it. However, as there are additional security checks in the US, we recommend checking the TSA website. ^Kim",Wed Nov 08 16:17:26 +0000 2017,False,True
589785,589784,you need to value a traveller's time. At least respond and let us know where the baggage is?,We're sorry to hear this Nitish. Our Baggage team are working hard to reunite you with your delayed baggage. You will be able to use your World Tracer on the following link for current progress. ^Kit,Sun Dec 03 15:22:21 +0000 2017,False,True
1511066,1511067,When can I expect them to come back to me and why didn't Amy follow this up as promised?,"Hi there, unfortunately we don’t have a time frame. However, they will be in touch as soon as possible. ^Kieran",Mon Nov 06 09:08:35 +0000 2017,False,True
1011675,1011674,"Hi there, what is a redemption class?",Redemption class is the ticket type that needs to be available for you to purchase a ticket using your Avios points. ^Davina,Thu Oct 12 10:40:55 +0000 2017,False,True
350833,350834,"Not 'totally, Anthony! Yours ARE THE BEST! 😍 Love the 747s Do you still fly them?","Hi Deirdre, thanks, for your comments! We still have some flights that operate the 747 aircraft. ^Raj",Sun Nov 05 12:21:03 +0000 2017,False,True
109187,109185,is there a Black Friday offer?,"There certainly is, Joel! Have a look on our website, some of the package deals are outstanding value. ^Kimbers",Thu Nov 23 19:11:19 +0000 2017,False,True
1812745,1812747,BA 206 Miami to london arriving this morning. Feel free to DM me. This flight was sub par on so many levels.,"Thanks for the details, Phil. We've fed these back to our Customer Experience team. They'll use this information for future improvements. ^L",Sun Oct 15 07:40:53 +0000 2017,False,True
2821667,2821666,Flying into LHR Lovely flight this evening from MAN.,Hi Beki. it was great to have you on board. Gorgeous sunset. We hope to see you again soon. ^Barbara,Sun Nov 26 21:33:22 +0000 2017,False,True
2380632,2380630,"I am flying club London to St. Kitts via Antigua 24 jan, then St. Kitts to Antigua 31 jan, Antigua to London 6 feb. How many tier points please?","Hi Derek. It all depends on the booking class you have, such as R, I etc and what tier you are. You can use this calculator and work it out if you know what your class is: ^Natalie",Sun Nov 26 15:41:59 +0000 2017,False,True
2412071,2412069,"hi, my BA flight from Berlin was 2 hours late and i’ve missed my AC connection back to YVR. can i get on the 5:30 BA flight to YVR? phone number to call?","Hi Tara, we're sorry for the late response. Have you spoken to the airport staff? ^Chris",Tue Nov 14 14:20:50 +0000 2017,False,True
1093065,1093064,Ok let’s get me home to my babies #America2017Tour is a Wrap🙏🏽❤️🎁🇺🇸🌎💫👊🏼,"Hi Harry, always good to get home after a long, enjoyable time away ^Al.",Fri Oct 13 20:08:33 +0000 2017,False,True
1535207,1535206,Thank you. That puts my mind at rest! Didn't want to end our honeymoon on a bad note :),email address and contact telephone number. We want to set your mind completely at ease 2/2. ^Oliver,Tue Oct 31 15:22:20 +0000 2017,False,True
1567604,1567602,My kids (12&amp;14) landing in FLL on Saturday. BA are telling me no one will take them from the a/craft thru immigration? HELP,"Hi Catherine, this is correct but please be assured airport staff will be happy to point them in the right direction. ^L",Mon Oct 16 16:37:53 +0000 2017,False,True
2233937,2233936,Trying to book GIB-LHR flights for Sept'18 - but all flights on the website for this return route from Jan to Oct 18 are sold out with £7.5k business seats only. Think its a bug,"Hi Lianne. We're currently working on a fix for that problem, we'd advise checking back again soon. We're sorry for the error. ^Paul",Fri Nov 10 12:40:58 +0000 2017,False,True
1592997,1592996,"any news on BA2676 from Paphos?My family are all aboard and I’m due to meet at LGW, but flight not left yet. Cancelled?",Hi Tim. Sorry for the late reply. Are you sure you've got the correct flight number. That doesn't show up on our records. ^N,Sat Nov 04 17:17:15 +0000 2017,False,True
1371961,1371964,"And yet, another disappointing flight in F on BA",currently taking us longer than usual to process claims and we really appreciate how patient you’ve been so far. 2/2 ^Kelly,Tue Oct 17 09:32:42 +0000 2017,False,True
836582,836580,chaos again with priority boarding... will they ever manage this for their premium passengers?!?,"We're sorry you're unhappy, Rob. Which airport was this and we'll pass it back to the Manager. ^Beth",Fri Oct 13 06:46:55 +0000 2017,False,True
948070,948068,"Sorry but its Bhavesh, and it was so hot, I was dripping with sweat and stuck to the chair. I'm not confident it'll be avoided next time",Did you mention how uncomfortable you were to the cabin crew? ^Linds,Sat Oct 21 11:07:11 +0000 2017,False,True
1046947,1046945,what has happened to you? I used to be proud of my national airline...waiting over an hour on hold to speak to an agent!,"Hi Ciara, we're sorry for the delay you experienced in getting through to a member of our contact centre team today. ^L",Sat Oct 14 13:12:32 +0000 2017,False,True
1831861,1831862,The app will not let me downloas boarding passes for flights tomorrow after online check-in. Says it could not get my e-ticket number so unable to determine my check-in status. Have tried logging out and back but still no joy. Any ideas?,"Apologies for our late response, we've been really busy, Andy. If you've still been unable to check in, please proceed to the airport as 1/2",Sat Oct 28 15:33:22 +0000 2017,False,True
2210243,2210247,"#ClubWorld long been worst Biz Class in industry … stepping over people, stupid screens, etc … but today I finally got one of those ridiculous double-seats in the middle with a stranger. Are you ever going to improve or refit Club World? #FirstWorldProblems","going to invest 4.5 billion pounds over the next 5 years. As part of this investment, we're looking to introduce 2/3",Thu Nov 09 23:38:36 +0000 2017,False,True
122503,122502,Just did a quick twitter search on this issue and there are dozens of people reporting this regularly for years. Your response is always that the IT team are looking at it or work on a fix. That clearly isn’t true. Is there a customer support email address?,"Hi Andrew, we've genuinely just not found a fix for it yet. It's been reported to the IT team. If you'd like to set up a complaint, we can do this from our department. Is that what you're looking to do? ^Kimbers",Thu Nov 23 23:42:43 +0000 2017,False,True
627293,627292,"overbooking flights, kicking off passengers including first class couple with baby in tow #worstairline #britshairwaysscam",Hi. I'm sorry to hear your flight has been overbooked. Have our colleagues at the airport rebooked your flight? ^Kev,Sat Nov 04 09:37:57 +0000 2017,False,True
2686354,2686356,I did and they could not do anything about it unfortunately. Sitting in this smell for 3 hours. Awful,I'm very sorry about that. It's not the nicest thing to endure for 3 hours. We'll feed this back. ^Kimbers,Sun Nov 19 14:35:12 +0000 2017,False,True
69217,69219,Yes I did. What I'd like to know is what your cancellation policy is? We're flying from London. Do you refund or offer alternative flight to alternative destination?,"As explained earlier, if one of our flights is cancelled, we’ll look to rebook or refund the tickets, Philipa. This link may help you further and section 9 will give you more information regarding cancellations ^Corry",Thu Nov 30 09:51:01 +0000 2017,False,True
1862539,1862538,Hey ; why does your app only rarely show gate number? Huge help if you could fix this.,Hi Mike. Thanks for your Tweet and feedback about the app too. We'll certainly pass on your comments to our IT team and I hope you have 1/2,Fri Oct 20 07:59:39 +0000 2017,False,True
2582850,2582849,Just a few snaps from the tonight! Had a great evening celebrating a wonderful cause - #flyingstart and have a new friend...James Nesbitt!,"It looks like a fantastic night Joanna. We've very pleased you enjoyed it. £17,000,000 rasied for Flying Start is a huge achievement. ^Oliver",Thu Nov 16 23:11:56 +0000 2017,False,True
613608,613607,Touched down in sunny Cape Town with my #wingman Time to go and find a sun lounger by the pool with ocean views I think! #lovecapetown #TableMountain #CapeTown #travel #travelblogger #flight #plane #sun #sea #views #vacation #holiday #travelpics #wanderlust,You're making us all jealous! Have a wonderful time by the pool and don't forget your sun cream. ^Linda,Sat Nov 25 05:45:05 +0000 2017,False,True
324685,324684,Flight from Manchester to Heathrow was excellent dont let me down with the connecting flight to Vegas!,"That's great to hear, Kevin. Enjoy your flight to Vegas and have an amazing time! ^Karen",Sat Oct 07 13:51:36 +0000 2017,False,True
860761,860763,"I'm a patient person, but can I recommend you add in an auto-responder? The receipt of my email is still yet to be confirmed.","contact number and any references via the link below, and we'll be happy to check this for you. ^BS 2/2",Fri Oct 13 16:08:14 +0000 2017,False,True
1063702,1063703,Been trying to speak to a human for over 24 hours seems like a step too far for BA I am owed over £100 for taxi,"We're sorry you're still waiting, Lorna. Unfortunately our Customer Relations team have a backlog at the moment. Once they reach your 1/2",Fri Oct 13 06:49:12 +0000 2017,False,True
2380626,2380627,"hi, was holding a flight and it returned an technical website error after payment now the price has gone up £25! #unfair",Hi Francesca. The likelihood is that the fare was no longer available by the time you came to the last page or to pay. It's a live booking system and no fare is guaranteed until payment has been made and successful. If your booking was made you would have received an 1/2,Sun Nov 26 15:43:10 +0000 2017,False,True
2877202,2877200,Flown with 4 times already this year &amp; now won’t let me change the name on a booking unless I cancel and pay 3x the original flight cost - absolutely disgusting! Back to Emirates we go...,"Hi John. Our tickets are non-transferable. You should have seen this, in our Terms and Conditions, if you made your booking directly with us. We're sorry you feel let down. ^Liz",Tue Nov 28 04:44:12 +0000 2017,False,True
2880659,2880660,"The flights are on the same booking and ticket. But if both are to/from LHR and yet a ""transfer of terminals"" is involved, maybe by UG train, I hope it doesn't amount to a ""crossing of the border"" or passing through Immigration check. Shall be grateful for this confirmation. Thx.","As previously advised, you will need to contact your local embassy about visa requirements, Hari. ^Leanne",Wed Nov 29 16:23:17 +0000 2017,False,True
1549006,1549007,again you let me down 45 delay false updates just tell the truth and people will understand. Dont play games with customers,"Hi David, we're very sorry you weren't updated on the status of your delayed flight. We understand this must have been very 1/2",Fri Nov 03 17:17:23 +0000 2017,False,True
974211,974210,Hi why is it when I prebook &amp; pay for an with you they refuse to acknowledge it and want to charge me another £300?!?,the following link. We're sorry for any inconvenience you've experienced. 2/2 ^L,Wed Oct 11 17:36:23 +0000 2017,False,True
1722614,1722612,"#badservice! Bought seat, changed last minute w/o being notified, super #rude staff @ desk. 2nd time ths has happnd","I'm sorry to hear that, Gabriele. What were the flight details, so we can pass this back to our Management team? ^Marie",Tue Nov 07 01:38:30 +0000 2017,False,True
505583,505581,"quite irritating to be told that not possible to assign tier points between reward years. Flying to Dubai on 8/11, with points reset on 9/11, travelling home on 14/11 means that for a 24 hour window these points cant be included in next years balance","Hi Paul, we're sorry to hear this. We would advise you speak to the Executive Club about this. Their number is on the following link ^Kit",Fri Dec 01 12:35:58 +0000 2017,False,True
1663737,1663738,Why do codeshare with . 90 min delay (as usual) no apology or explanation. Ruins your reputation even if you own it,"Hi Paul, we have codeshare flights with other carriers, so we can offer a wider range of flight times and destinations. 1/2",Sun Nov 05 23:13:06 +0000 2017,False,True
964563,964564,-giving my seat (selected 6wks ago) to someone who didn’t want to sit downstairs? Very uncool. Taking lessons from United?,"I'm sorry to hear your seat was changed. We do advise that seats can't guaranteed as we may need to change them for safety, security 1/3",Sat Oct 21 13:15:17 +0000 2017,False,True
1433523,1433522,Still no TSA Pre/known traveller number support ?,"Hi James. We're sorry to disappoint you, however British Airways isn't involved in the Known Traveller Number programme and so we're 1/3",Tue Oct 17 00:28:31 +0000 2017,False,True
1780550,1780549,Could you check flights BA33 13th Nov and for the 5th Nov BA6195 and BA7001? Thank you,"Hi Judi, we can never guarantee a bassinet position in advance. You would need to make the booking and then reserve your seat. ^L",Wed Oct 11 19:04:59 +0000 2017,False,True
1842969,1842970,"Hi. have tried ringing the listed number 14 times across the day, with no response. Very frustrating. Are there no other options available?","Hi Greg, there isn't any other option unfortunately. Lost Property is only dealt with at the airport. ^Alex C",Wed Oct 18 13:23:57 +0000 2017,False,True
2561742,2561741,"hi, can I DM you about an existing booking?","Hi Kevin, we now follow you. What can we help with ? ^Tom",Thu Nov 16 16:22:52 +0000 2017,False,True
713845,713844,"hey, I need to reschedule a flight, and the BA site is not working :/ Can you please help me?","working to rectify. If your flight is not imminent travel, please try again tomorrow. Thanks for your patience.^Jo",Tue Oct 10 19:58:06 +0000 2017,False,True
1925552,1925551,Trying to get an answer out of is like getting blood out of a stone #nevergoingtohappen,"We're sorry you've been having problems making a booking online. If you're still unable to make a booking, please contact our Sales team. ^A",Fri Oct 27 07:52:37 +0000 2017,False,True
2213859,2213858,It's about something occured yesterday at check in,"If you spoke with Iberia staff at check in, please contact Iberia directly, Ilvina.^Corry",Sun Nov 19 08:16:30 +0000 2017,False,True
445162,445164,Why was email sent so late?,"Hi Ben, unfortunately we don’t have a specific reason for the late email. Rest assured we’ve fed this back. We’re sorry for the inconvenience this has caused. ^Kieran",Wed Nov 22 12:28:14 +0000 2017,False,True
2159958,2159957,"economy crew on the SJC-LHR flight 22-Nov 18.55 were brilliant. Friendly, helpful and talkative - makes such a difference on an 11hr flight!","That's great to hear, we'll pass on your feedback to our Customer Experience team. Enjoy the rest of your day. ^Karen",Sat Nov 25 14:20:17 +0000 2017,False,True
2189852,2189854,No i am all sorted now just had some issues creating an acount and getting set up! All set up now tho!,"That's great news, Andy. Thanks for letting us know. Have a good evening. ^Julie",Thu Nov 09 20:35:34 +0000 2017,False,True
2148734,2148736,is there a way to book it through email?,"Unfortunately, you’re unable to make a booking through an email. It's probably best to speak with our Sales team. 1/2",Thu Nov 09 11:25:49 +0000 2017,False,True
2182980,2182979,pls can you travel with a cake as part of your hand luggage? A full birthday cake I mean.,"Hi Yetunde, it would depend on the arrival airport, however, usually if it fits in your hand luggage, it'll be fine. ^Chris",Thu Oct 19 10:53:28 +0000 2017,False,True
1854961,1854960,Me and my wife have 2 flights tomorrow. I'm able to get 3 boarding passes online but not the 4th. Any ideas why?,"Hi Jeff, this can happen. Please collect the outstanding boarding pass at the airport. We're sorry for any inconvenience caused. ^ Bm",Thu Oct 19 06:50:41 +0000 2017,False,True
1814808,1814807,"Hi what's the best option for MEL - TIA, could you please PM?","Hi Ramadan, I'm afraid we can't assist with new bookings via this channel, but you can get a quote for this route at",Sun Oct 15 17:16:18 +0000 2017,False,True
492027,492026,So we’ve boarded BA2155 but there’s now a two hour delay as the engineers forgot to check the plane. One job?,"I'm sorry your flight to Barbados was delayed, Colin. I can see you've now departed and you're due to arrive at 16:22, local time. ^Ems",Fri Dec 01 11:00:44 +0000 2017,False,True
297525,297527,"Then why did the girl at bag drop at Heathrow ask ""Why didn't you check your bags through?"" Both BA flights!! Never had this before","this information to our Customer Experience team, I'm sure they'll value your insight.^Jo 2/2",Fri Oct 06 20:37:28 +0000 2017,False,True
1403056,1403058,Whatever that means.TY for the lack of explanation.Waste of happy to send me a survey every time I fly however!,"Hi Ian, sorry to hear you remain unhappy. We'll pass your feedback to our Customer Experience team for their attention.^Jo",Mon Oct 30 15:01:02 +0000 2017,False,True
1578620,1578621,"No, I would rather took responsibility of their commitment &amp; duties to their customers. Best carrier in '06 - what happened","We're sorry to hear you remain unhappy with our response Andrew. Unfortunately, we don't cover consequential losses, your travel 1/2",Sat Nov 04 15:08:13 +0000 2017,False,True
2541652,2541654,Heathrow to Tallinn. Seems an unusual route for World Traveller.,"Hi Bruce, this is flight is usually operated with our Euro Traveller and Club Europe cabin. It may be an error with the app or possibly a large aircraft is being used. Unfortunately we wouldn't be able to confirm in advance. Let us know what happens! ^Sophie",Thu Nov 16 11:36:33 +0000 2017,False,True
2167209,2167208,"tampa flight from Gatwick 1st delayed 22 hours, and now no crew for the rescheduled flight....","We're so sorry for the inconvenience this has caused you. We hope now you're in the air, you have a great flight! ^Jane",Sun Nov 05 09:35:07 +0000 2017,False,True
2556869,2556867,I am absolutely devastated that my flight with has been cancelled tomorrow after booking it months ago. For a person who has severe anxiety I was nervous enough as it is &amp; now I’m having to connect &amp; be in airports/flying for 24 hours. Upset isn’t even the word.,"Hi there, I'm sorry to hear about the cancellation. Have you managed to be re-booked ? ^Tom",Thu Nov 16 14:39:19 +0000 2017,False,True
403677,403676,do you offer in-flight wifi? Philadelphia to London Heathrow coach,"Hi Katie, we're sorry this is a service we currently don't offer at this time. We hope you wont be too inconvenienced. ^Kit",Mon Oct 09 18:55:01 +0000 2017,False,True
1608481,1608483,"customer service is terrible, flight cancelled in Tampa, and they are now saying no flight until Monday so 2 days late!!","We're sorry for the delay in responding to you, Terry. We can appreciate how frustrating this must be. 1/2",Sat Nov 04 23:11:22 +0000 2017,False,True
2591965,2591964,"Hi, has your iOS app gone weird tonight? Have had to jump though so many more hoops than normal - incl. inputting my already logged in booking ref 3 times - to check-in for my flight tomorrow?","We're aware of a few issues with the app, Jeremy. This has been reported, we'll hopefully have this rectified soon. If you've been unable to check in online, please proceed to the airport as planned, our staff there will assist you. ^Lisa",Thu Nov 16 21:50:29 +0000 2017,False,True
1047536,1047535,Please let me know where my parents baggage are? AND WHEN WILL THEY ARRIVE no suit case and no clothes! THIS IS NOT ON!,"Hi, have they spoken to someone. They would've been given information and updates with a contact number? ^Raj",Sun Oct 22 23:28:37 +0000 2017,False,True
318345,318344,Hey what was that on flight503 leaving us trapped in the transport in 40c heat smirky ground crew made it worse-terrible!,"This isn't good to hear, Jeanne. I do hope you weren't waiting too long. I've passed on your feedback to the airport. Many thanks for 1/2",Mon Oct 02 21:36:05 +0000 2017,False,True
2479628,2479627,stuck in Dublin on the plane because of paper work. Why board us.,"Which flight was it, Michael. We hope the wait wasn't too much longer. ^SR",Sun Oct 29 13:21:21 +0000 2017,False,True
1566980,1566984,"Nov 1st, BA 270. Yes we mentioned it to the purser, although she personally took notice and promissed a solution, she never came back to us",number. We can set up a complaint case for you. (2/2) ^N,Sat Nov 04 19:32:27 +0000 2017,False,True
309048,309047,Dreadful food again overnight on the BA208. #first,pass your comments to our Customer Experience team who I'm sure will value your insight.^Jo 2/2,Fri Oct 06 20:16:15 +0000 2017,False,True
2838968,2838966,"Hi BA, do you offer WiFi on A380's yet? BA031 to HK today specifically... Thanks","Hi, Liam. Unfortunately, Wi-Fi isn't available on the aircraift you've mentioned. We're sorry to disappoint you. ^DaniH",Mon Nov 27 12:31:22 +0000 2017,False,True
430256,430255,note to self must not fly with Air France my choices are every time,"Hi there, we look forward to welcoming you on board in the near future. ^Tom",Tue Oct 10 08:10:49 +0000 2017,False,True
1395829,1395826,The fact it was cancelled is not the issue here! The shambolic arrangements for hotel etc. just beggars belief!!,"reference, email and number. We can then set a case up for you. 2/2 ^Lynn",Sat Oct 28 10:50:08 +0000 2017,False,True
947604,947602,"morning guys, trying to get on to manage my booking and it says a problems the application? Can you help?",you'll be able to do this when you get to the airport. We're sorry for any inconvenience. 2/2 ^Liz,Wed Oct 11 03:34:38 +0000 2017,False,True
1093067,1093069,"if I miss my connection flight because of a delay, what happens to my checked baggage from flight 1?","If your flight is delayed and you miss your connecting flight we'll rebook you to the next available flight, Andy. If you need to stay 1/3",Fri Oct 13 15:22:55 +0000 2017,False,True
1168061,1168059,is it safe to give out a ticket number (not booking reference)? A company is asking for it. Thanks!,"...full name, booking reference and email in order to help. Thanks. 2/2 ^Lolly",Tue Oct 24 14:43:27 +0000 2017,False,True
1569621,1569619,what number can I call to speak to someone about an upcoming flight query,and they will be able to help. Their contact details can be found here ^Marie (2/2),Mon Oct 16 18:20:02 +0000 2017,False,True
1050116,1050117,is flight BA7 to Tokyo operating as scheduled on Mon 23rd due to Typhoon?,"Apologies for the delay in responding to you, Raymond. We can see the BA0007 is due to depart as scheduled at 11:40. 1/2",Sun Oct 22 17:47:42 +0000 2017,False,True
2739149,2739151,"Thanks. I've always flown BA/Iberia and perceived that I was getting a service a cut above the ""budget"" airlines. But BA policy now seems to be a race to the bottom to cut the price as much as possible. Don't see a USP from BA anymore.",Hi Stu. We're sorry you're unhappy with the new changes to our boarding process. It's really disappointing to hear you feel this way. ^N,Mon Nov 20 17:00:40 +0000 2017,False,True
728749,728748,How in a day where voice activation can tell me my day &amp; can travel 1000k do think a screen like this is acceptable?,service some time. There's also space limitations as they do have to fit on the back of seats. We do appreciate your feedback. 2/2 ^Natalie,Fri Sep 29 13:13:52 +0000 2017,False,True
2250615,2250616,"“Mr Cooke, would you like a glass of Champage after take off?” That’s how it’s done. Waited a year for that but today it happened. #goldguestlist","Hi Austin, sorry you had to wait so long, but we're very pleased you're happy with the service you received on board. Hope you enjoyed 1/2",Fri Nov 10 19:01:21 +0000 2017,False,True
1079054,1079053,"1 week after getting in touch with BA on Twitter I received the compensation money. Thanks for your help, 😊👍🏻",We're pleased you've received a positive outcome and you've received compensation. Thanks so much for your kind comments.^LW,Mon Oct 23 10:53:29 +0000 2017,False,True
2485258,2485260,#staff #lied to me. Now expect to pick up the tab!!! If you want to credit me 40TPs for #ballsup I'd be very #impressed !!,"We're sorry to learn you're having issues getting this resolved. Unfortunately we wouldn't be able to do that, we're sorry. ^Rach",Wed Nov 15 15:56:02 +0000 2017,False,True
2470811,2470812,"I have called!!!!! You are giving me the same answer...I have called and they said the tickets that ONLINE SHOW AS AVAILABLE, are 3x times the price that shows online. IT IS A PROBLEM WITH YOUR WEBSITE. I am going to report you with Trading Standards consumer services","We’re concerned to hear this, Chani. Have you managed to make a reservation or are you still having the same issue? ^Amy",Wed Nov 15 14:30:16 +0000 2017,False,True
1009522,1009521,For the first time the service on BA53 matched your corporate cost cutting #sad,I'm sorry to hear this. Was there anything in particular you didn't like? ^Kimbers,Sun Oct 22 20:24:42 +0000 2017,False,True
271651,271653,"So if it's operational, I have right to claim compensation..?",Customer Relations will assess any claim for compensation. The form to complete can be found here ^DR,Fri Oct 06 07:45:44 +0000 2017,False,True
1939289,1939290,has ba253 been diverted from Grand Cayman? Where to?? Thanks,from Nassau to Grand Cayman was cancelled due to weather in Grand Cayman. Customers will have been looked after by the airport staff. 2/2,Fri Oct 27 22:19:00 +0000 2017,False,True
1786693,1786692,BA6419 has been delayed for 2 hours. Surprisingly BA6427 departing at 4 is now boarding. Disappointed 😞 😞,Very sorry about the delay Reinett. Our airport staff will keep you updated with the situation. It looks like an 18.30 departure. ^jools,Wed Oct 11 13:45:57 +0000 2017,False,True
1072719,1072718,No - nothing to do w/ crew. Served v nicely - not their fault. Quality diff b/w outbound &amp; inbound food astonishing.,different and they can report it to our Catering team too. 2/2 ^Beth,Fri Oct 13 09:38:02 +0000 2017,False,True
621950,621949,Absolutely unacceptable treatment by cabin crew onboard BA821 when travelling with a baby #BritishAirways,"Hi Roshan, we're sorry to hear you're unhappy with the service you and your family have received. Please let us know more so we can pass on your comments to our Customer Experience team. ^L",Wed Nov 22 12:52:32 +0000 2017,False,True
2000584,2000583,Am told they are a great improvement on JFK route. Existing quilted blankets not too warm. Latest flight improved service!,"They're absolutely amazing, Jenny! The new food service is perfect, too. We hope you'll be trialing it yourself very soon. ^Kimbers",Fri Nov 03 00:21:51 +0000 2017,False,True
785213,785212,not happy that was charged £40 to check in my bag when your website didn't have an option to pay beforehand!!! Sort it out!,"I’m sorry you couldn’t pay for your bag in advance, Jerry. If you have any problems in future you can contact us here on Twitter. ^Davina",Thu Oct 12 05:39:14 +0000 2017,False,True
114817,114816,Please can someone explain why I have paid £11 for a standard seat when website states “No you won’t have to pay”? Total contradiction,"That doesn't seem right, Claire. Are you still having this issue? ^Paul",Thu Nov 23 16:05:37 +0000 2017,False,True
922886,922884,I hope contact lenses and clothing are in this the basics?,"Hi Lisa, all items would be reviewed when we asses your claim. Contact lenses should be fine though. ^Sarah",Sat Oct 21 06:38:17 +0000 2017,False,True
729959,729958,Trying to log in to manage my booking to book seats but just getting an error page? Help please,we don't have a timescale for a fix at the moment. Is there anything we can help you with. (2/2) ^N,Tue Oct 10 19:20:06 +0000 2017,False,True
2245534,2245536,Thanks for your answering. Can we choose the seats through you because we are a family-3 people including a 4-year-old child. That would be very inconvinient for us and other passengers if not seating together.,"Hi Chao, once check in has opened we don't have access to the seat maps. Please ask at the airport. ^Helen",Fri Nov 10 22:55:43 +0000 2017,False,True
1784091,1784090,flight doesn't leave until 1510 from FCO and already there's no catering on it. Why can't it be restocked at LHR?,"Hi Daniel, sorry for any disappointment caused by this. It may be the aircraft used for this flight has a very short turnaround time. ^Amy",Wed Oct 11 08:01:23 +0000 2017,False,True
2197573,2197572,"Hey - check the prices of your Gibraltar to London route. I can plan a return trip from London to Gibraltar in May for around £90, but if I want to start in Gibraltar instead, it's £15,000!!!",working to resolve this as a matter of urgency. We appreciate your patience during this time. ^Kit 2/2,Thu Nov 09 20:58:00 +0000 2017,False,True
1128866,1128865,unable to make a secure connection to your site for the last few days. any info on when the site will be back up?,"Hi Matt, apologies for the delayed reply. Our site is in full working order, have you now been able to access it? ^T",Mon Oct 23 22:51:05 +0000 2017,False,True
983914,983913,"At 17 years old, should I be using the title Mr or Mstr on my booking?","Hi Oliver, sorry about the late reply. You should use Mr as your title, let us know if you've any other queries. ^P",Sat Oct 21 21:05:27 +0000 2017,False,True
2873598,2873596,"I've booked a one-way flight to get from Turin to London... can't check in before we head out to Italy, so how do I print boarding passes 24h beforehand while I'm out there and nowhere near a printer? Can we get one from the airport? Thanks.","Fear not, Katie. Boarding passes can be collected from the airport on all of our flights. Enjoy Italy! ^Stephen",Mon Nov 27 22:11:51 +0000 2017,False,True
2534026,2534025,"Hi, I would like to know if I can carry milk pump device and ice brick on board to keep the breast milk fresh? Thank you.",The ice brick will need to be 100 mls or less as per the liquid policy: 2/2 ^Gill,Mon Oct 30 06:30:55 +0000 2017,False,True
2139096,2139098,"I've cleared cookies and still not seeing any connecting flights, which is what I'm looking for.","Hi Lloyd, I reported the issue. Meanwhile, you can contact our sales team on 03444930787 to secure the booking. Sorry about that. ^Kimbers",Wed Nov 08 21:39:36 +0000 2017,False,True
1021552,1021554,It was our return flight home from Ibiza to London City yesterday leaving at 10:45,Thanks for letting us know Molly. We will certainly feed this back to our Customer Experience and Inflight Teams. ^Jools,Sat Oct 14 16:19:02 +0000 2017,False,True
2250669,2250668,Ugh I️ wanna be with friends. Don’t delay my flight😭😭😭😭😭😭😭😭😭😭😭😭😭😭😭,"Hi Perrine, we hope you weren't delayed, and that you're now with your friends. ^Lindy",Fri Nov 10 14:06:39 +0000 2017,False,True
2563162,2563164,"It was the Second Meal, Pasta in Economy.","Hi there, sorry we wouldn't be able to provide this information. We'll certainly pass your very positive comments to our Catering team. ^ Barbara",Sun Nov 26 21:06:14 +0000 2017,False,True
478024,478023,"Gold Member in EDI waiting for a delayed no eta flight to LCY. Flight going with seats to LHR to in 40 mins and not allowed to switch me to it (hand luggage only) even though later flights are busy as Friday! Madness, come on BA use common sense!","Hi, Mark. Sorry you have been delayed. If your flight is the BA1441 the updated departure time is 13:00. Sorry the airport could not assist in changing the flight due to delay. ^Pip",Fri Dec 01 11:39:37 +0000 2017,False,True
1893338,1893336,"What a treat, being the first on board flight. Roma here I come🛫🛵🍕☀️ #letsgo…",Looks like a good start to your journey! I hope you had a great flight and have a fantastic time in Rome! ^BS,Sun Sep 24 20:28:05 +0000 2017,False,True
2257975,2257976,"How long should I wait before to do that? Can I do it as I buy or in one go, no idea if the baggage will or will not come",Hi Vinnie. We'd recommend sending in all your receipts together once your luggage has been returned to you. ^Kev,Fri Oct 20 06:59:49 +0000 2017,False,True
29046,29047,We are flying from Heathrow - NYC - 17.15pm super anxious after just hearing the sad news 🙈🗽🚕😩 x,"Hi Rebecca, we can appreciate what's happened has made you feel nervous about travelling. Speak to our crew on Saturday 1/2 ^Sophie",Wed Nov 01 06:41:41 +0000 2017,False,True
2056516,2056515,I want to know How much milles need for a fligh from Helsinski to Madrid and Hamburg to Bergen in may of 2018 Thanks,"Hi Marisa, you will be able to check the specifics of this on – it does depend on which dates you are travelling ^Al",Fri Oct 06 18:06:53 +0000 2017,False,True
1411033,1411035,"Spoke to 1 of your agents.Legally apparently its fine to promise 1 amount of compemsation and only later give half! Morally wrong,appalled!",We're sorry you're unhappy with your claim. We follow EU legislation and the amounts are set within that legislation. ^Liz,Thu Nov 02 06:53:59 +0000 2017,False,True
2486723,2486724,"No, you don't understand. They WERE a different colour and said exit row. But when I boarded the plane, I discovered it was the row behind the exit row. That's just scaly","This is concerning, we understand why this would have been frustrating for you. We're sorry for the inconvenience caused. ^Rach",Wed Nov 15 17:12:29 +0000 2017,False,True
334589,334592,What are the contact details for a complaint? What is your expected turn around time?,"your full name, booking reference, email address, postal address, and the details of your experience. One of the team will be",Sun Oct 08 08:46:59 +0000 2017,False,True
1892826,1892825,". such horrible service and rudely spoken to by staff at Heathrow. As an executive club member, I expect better.","I'm sincerely sorry to hear this, Helen. Please accept my apologies. If there's anything we can help you with, please let us know. ^Kev",Mon Oct 23 11:23:13 +0000 2017,False,True
800524,800525,Your stupid website wont let me reserve my seats. a dumb box about contact details comes up that i cant get rid of!!,"We're sorry you're having problems on our website. Try deleting your browser caches. Hopefully, this'll rectify the issue. 1/2",Thu Oct 12 14:20:18 +0000 2017,False,True
1320785,1320787,"shameful treatment of pax on BA502! Get us onboard and leave us ove an hr then offload, delays and no free refreshments!","We're sorry for the issues you've had today and for the time taken to get back to you, Antony. One of the check in machines wasn't 1/3",Tue Oct 17 16:15:19 +0000 2017,False,True
1039671,1039669,Disgusted. Ive arrived from early connecting flight and being refused entry on early ba flighteven when my later is delayed,Do you mean that you've been told you can't take an earlier flight despite your actual flight being delayed? ^Linds,Sun Oct 22 16:08:22 +0000 2017,False,True
7022,7021,"More repulsive, embarrassing soggy slop in Club 8482 At least this time crew were nice &amp; didn’t eat the cream themselves","We sorry to hear this again, Rob. We'll add these comments to your previous feedback. ^Helen",Tue Oct 31 17:42:49 +0000 2017,False,True
1667473,1667474,shambolic desk at LHR... missed SJC flight now missed the rebooked LAX ... rude staff to top it off too,"At the desk you will be given info on the process of where you will stay tonight, or they may possibly be able to re-route you. 2/3",Tue Oct 17 14:58:25 +0000 2017,False,True
1812746,1812744,shoddy and dirty BA206 today. #noexcuse old fleet must be replaced as you’re lagging behind competition #goldcardholder,"I’m sorry to hear this, Phil, it’s not what we’d expect. Could you let us know the route so we can feedback your comments? ^Davina",Sat Oct 14 20:59:30 +0000 2017,False,True
371250,371249,"booking a package, website crashes. Try booking again and it’s now £200 more expensive. Literally 10 seconds later!","I'm afraid we work from a live system so prices and availability can change within seconds. We appreciate this is frustrating, Stefan. ^Rach",Sun Oct 08 19:38:23 +0000 2017,False,True
90916,90919,flights to mah cancelled - can go a day ltr or from another airport. Accommodation is already booked (exec no. 27528931),"Hi Sally, I realise it's late but we'll be happy to give you a call if you're available? Don't worry if you're not available as we'll be back in touch. ^David",Thu Nov 30 15:16:33 +0000 2017,False,True
1200881,1200880,photo taken on board BA1388 on route to MAN this morning!,"What a great shot between the clouds, Panos. Thanks for sharing! ^Ashleigh",Tue Oct 24 20:22:55 +0000 2017,False,True
1956311,1956313,How is this a 'low' class of increase? Why can't I just jump on the next flight instead of waiting? Sort a brother out,will require you to complete the payment in lines with your Terms and Conditions. ^Kit 2/2,Mon Oct 30 15:24:23 +0000 2017,False,True
2078589,2078588,Why is online check in unavailable for my flight tomorrow from London City Airport BA4462,"Hi Caroline, we're sorry you're having trouble checking in online. If you're unable to complete this, you will need to check in at the airport. ^Natalie",Thu Nov 30 19:33:12 +0000 2017,False,True
164473,164472,Can you tell me whether BA 294 ORD to LHR has Wifi and power in World Traveler Plus?,"Hi Trey. We can't guarantee Wifi, although we do hope to have all of our aircraft updated with this by 2019. The seat will have a power supply. ^Paul",Fri Nov 24 16:53:36 +0000 2017,False,True
292461,292470,"your lost property line is useless i have a bf in orlando with no luggage and £1,000 worth of cameras and laptop missing !!","Sorry to hear this, Robert. Was the luggage reported delayed at the airport? If so please use the following link to check for any 1/2",Fri Oct 06 14:28:01 +0000 2017,False,True
254216,770264,"Hello, who can she contact to resolve this matter?","Hi Rebeca, the person on the ticket can tweet us or contact Change Booking to apply for a refund. The following link has the details of 1/2",Sat Oct 07 14:24:01 +0000 2017,False,True
1294118,1294116,Been going to Brussels airport for years now and only just discovered they got a british airways lounge - i'm a fool,At least now you've realised you can enjoy the benefits! Have a great flight today. ^Jane,Tue Nov 21 05:36:48 +0000 2017,False,True
2306772,2306773,"flying from Miami tomorrow 5.10pm to Heathrow, all ok with storm coming to UK?",Restrictions are expected to be in place due to the adverse weather conditions we're expecting. 1/2,Thu Oct 19 17:46:29 +0000 2017,False,True
78353,78352,Wow well done British airways. 2 mins away from Krakow and we get diverted 5hrs away. Missing Aushwitz and salt mine tour. Can’t wait for all the compensation to come through as you have spoiled an entire trip away,"Sincere apologies for the disruption to your journey, Chris. I do hope airport staff are looking after you. ^Lisa",Wed Nov 29 19:39:29 +0000 2017,False,True
2394283,2394285,"The website is not working *still* and I have made two failed attempts at doing it on the App. I see other customers with similar issues this morning on Twitter, is there an issue?","We're sorry about this, Richard. Have you tried using an alternative browser or deleting your browsing history? ^DaniH",Tue Nov 14 13:29:44 +0000 2017,False,True
26315,26314,Love ’ way of putting humor in the annoying but mandatory security video 🛩,"Glad you liked it, Rikke. I hope you enjoyed your flight just as much. ^Lisa",Wed Nov 01 19:21:08 +0000 2017,False,True
2342754,2342753,What exactly is it you are going to do for me to resolve this ?,"Hi, Scott. The details are required so we can get the issue logged. This would be for internal use only. Many thanks. ^Lisa",Thu Nov 30 21:39:42 +0000 2017,False,True
1271513,1271514,In that link i can apply for job.But i have to show all documents that which they send Is any one is there HR are any who can help me out,Hi Divyashree. Unfortunately we can't assist with recruitment queries from here. Please check for the contacts on your email. ^Claire,Fri Oct 27 05:39:56 +0000 2017,False,True
1886529,1886532,Thank you ever so much Linda for your feedback. It has truly been a nightmare with lots of turns. Looking forward to happy ending 1/2,"Hi Teresa, you can find all of our contact information here: Hope this helps. ^Alex C",Wed Oct 18 12:01:30 +0000 2017,False,True
780429,780427,How about a direct route to San Antonio?,"Hi there, I’ll certainly pass on your suggestion. We’re always looking for new routes. ^Davina",Thu Oct 12 05:14:06 +0000 2017,False,True
2120767,2120771,Thanks for that but it doesn’t say anything about taking formula or pre mixed milk in the suitcase. Advice would be great,"Hi there, it'd just be standard liquid allowances for that. We do recommend you don't take perishables in your checked baggage, but 1/2",Wed Nov 08 15:57:07 +0000 2017,False,True
258003,258006,'Customer' relations said they would pay compensation directly to our account and would be immediate. This is after numerous delays. Nothing,Hi there. Please be aware that a bank transfer may take 3-5 working days. 1/2,Thu Oct 05 19:49:30 +0000 2017,False,True
1665010,1665012,82yr old Mom flying YYZ to BLR bumped in LHR. BA takes adv of Sr Citizen downgrades her seat-no refund or comp offer,Sorry your mom had been downgraded. This could have happened to any of the passengers on the flight. 1/2,Mon Nov 06 01:04:18 +0000 2017,False,True
1923909,1923908,cannot do a check-in for my flight online. There is no option.,"Hi there, what error message are you getting? can you tell us what web browser, mobile device or operating system you're using? ^Linda",Fri Oct 27 05:06:18 +0000 2017,False,True
2937608,2937609,Thanks Kev how long do I need to leave it before putting a claim in with you or the insurance?,"Hi Dan. If another passenger has your bag, you wouldn't be able to make a claim with us. You may be able to claim through your insurance so you may want to contact them. ^Kev",Wed Nov 29 12:08:08 +0000 2017,False,True
1339978,1339975,"I found your exact same flight for a 3rd of the price online, do you price match? executive cab silver member..","We have our Best Price Guarantee, Bojan. Find out more here: ^Steph",Mon Oct 16 08:50:04 +0000 2017,False,True
9897,9896,No they're not. Called 30+ times and when you get through it says they are dealing with backlog and won't take any calls. It's a joke,Are you contacting them because you're unable to use your CompCard? 2/2 ^DaniH,Fri Oct 27 08:30:02 +0000 2017,False,True
1873118,1873119,"can’t claim avios. name on my account doesn’t match name on ticket (a have many surnames, that’s why). Can you please help?",We'll then refer your query to our Executive Club team who will be able to update your account manually. ^Gareth 2/2,Thu Oct 19 18:00:25 +0000 2017,False,True
1705774,1705775,Then update your web and app!!So they cannot be trusted because they keep showing prices that are not true?? This is insane and misleading!,"Hi Luis, I've passed your comments to our Management team as feedback. ^Marie",Tue Nov 07 10:58:02 +0000 2017,False,True
1312682,1312681,Is there a way I can calculate how many avios would i need to use to use a companion voucher?,login to your account and look at the Amex voucher section and FAQ's. ^Danny 2/2,Thu Oct 26 20:26:53 +0000 2017,False,True
2268279,2268278,When reminds you that #Barbados is only 3 weeks away...,"I hope you have a great time, Kate. We look forward to welcoming you on board. ^Davina",Sat Nov 11 09:14:48 +0000 2017,False,True
1844269,1844268,Hey I’m off to NYC tmrw on a school trip. Any chance you could upgrade a few of our teachers seats if there’s any spare🤞🏼,"Hi Emma, we love the appreciation you're showing for your teachers! We can't arrange an upgrade, but we'll certainly look after you all! ^KP",Wed Oct 18 06:22:21 +0000 2017,False,True
2651329,2651327,Travelling back to London with today. Haven't booked assistive travel was waste of time coming out here. Not looking forward to it at all if journey coming out is anything to go by #inclusive travel,"We sincerely hope your return is less upsetting for you, Sally. We asked when it would be convenient to call you, but haven’t heard back. Can you let us know when it would be suitable to speak with you directly?",Sun Nov 19 06:14:36 +0000 2017,False,True
2700419,2700421,LHR BA47755 have called your bagge loss team and K2 team 10 times - sorry state of affairs based on lies and 0 alignment. I am so disappointed and strongly considering going to your competitor as they have so willingly offered me a gold status like wise.,"Hi Azeem. Apologies for the late reply. I'd be happy to call you to discuss the issue over the damaged buggy and the service you're getting from our baggage specialist, K2 Global. Are you free for a call now. If not, can you let us know when is most convenient for you. ^N",Sun Nov 19 22:01:12 +0000 2017,False,True
1651393,1651394,"Thank you. Sorry for the name calling. Nothing personal ^Anthony, frustrating situation","We understand, Joel. Please let us know if you need anything else. ^Anthony",Mon Nov 06 07:10:56 +0000 2017,False,True
235880,235882,That many delayed? I'm on BA067 this time after this morning's BA1477,We're sorry for any inconvenience caused. Feel free to get in touch if we can help with anything else. 2/2 ^DaniH,Thu Oct 05 13:52:38 +0000 2017,False,True
439872,439870,"Flew out to Dubai on Saturday, free business class upgrade. About to fly home, free business class upgrade again! Thanks, !",Can you let us know your flight numbers? We'd like to share your message with our team. 2/2 ^DaniH,Wed Oct 11 07:30:47 +0000 2017,False,True
943827,943826,"Dr He is a Gold member and wanted to give Sarah, Charlie and John gold thank you cards.....and a very special thanks to Avril (IAD services)","How lovely, Sophia. Here's a link to say thank you: Many thanks. ^Lisa",Thu Oct 19 17:23:54 +0000 2017,False,True
980639,980638,booked BA and IB flights on 1 booking via BA but cannot select seats on the IB flights. Need correct IB PNR,details including dates and routes. Please also include your contact telephone number. Thanks. 2/2 ^Claire,Sun Oct 22 05:33:45 +0000 2017,False,True
2902077,2902076,Looking forward to mine and my wife’s 23rd wedding anniversary break in Vegas..looking forward to fly with again tomorrow on BA271. See you soon,Congratulations! What a break. Vegas is amazing. We hope you have a great time. Enjoy the flight. ^Chris,Tue Nov 28 16:31:27 +0000 2017,False,True
1839439,1839437,Off to the Casino in Reading tonight! Nice little warm up for #lasvegas next week! #clubworld #holidays 🍺,"Let hope you have a little win for spending money in Las Vegas, Ben. Enjoy your night! ^Karen",Sat Nov 25 12:28:21 +0000 2017,False,True
5072,5070,"lost opt luggage for over a week, then broke out cases, now refuses to pay for the damages they caused..disgraceful","We don't like to hear this, Chris. Did you report the damage within 7 days of receiving your bags? ^Helen",Tue Oct 31 17:29:32 +0000 2017,False,True
930625,930624,I appreciate that. It would be great to have day flight options both ways on your Africa destinations as it's impossible to get a good night's sleep in economy.,"Hi Hewete, thanks for the comments we will certainly feed this back and we always look at ways to improve our service ^Al.",Fri Oct 13 22:01:29 +0000 2017,False,True
384364,384363,I talked to someone who advised that the refund is in the final processing stage (whatever that means) and that they would call back tomorro,"We appreciate this is frustrating, Billy and hope to have the refund with you as soon as possible. ^Jane",Sun Sep 03 11:14:27 +0000 2017,False,True
2587946,2587947,hi I would like to make ticket changes,"confirm your full name, booking reference, email address, postal address, and details of the changes you wish to make. One",Mon Oct 30 16:52:51 +0000 2017,False,True
418226,418228,of course we've tried that!!! They have lost the bag and won't give us updates! We've gone to the Daily Mail,correct and up to date. Please be assured our Baggage teams are working hard to reunite you with your bag. 2/2 ^JR,Tue Oct 10 10:12:36 +0000 2017,False,True
423321,423323,I did &amp; they moved me to another seat in the same section but I would like to take it further as mould in AC is hazardous to health,"You'll be able to get in touch via our online form here, ^SR",Tue Oct 10 11:38:57 +0000 2017,False,True
1480962,1480964,"Hi Lindy, parents upset as per string above. On BA53 today, not seated outwards together and same today. Golden wedding &amp; went club. Thanks","Hi Matt, we're sorry your parents couldn't be seated together. It must have been disappointing for them, especially as it's their Golden 1/2",Fri Nov 03 08:05:17 +0000 2017,False,True
2305656,2305655,"Entered API for partner. Her Surname made up of 3 names. I entered with spaces, but shows as one joined word - a problem?",Hi Matthew. It’s not a problem. The spaces are sometimes removed if you have a long name. ^Davina,Sat Oct 28 17:31:18 +0000 2017,False,True
2403561,2403559,your airline and customer service departments have let me down this morning for my flight. Very disappointing I’m not one to be a keyboard warrior but when will you learn #heathrow #newyork,"We're sorry to hear this, Chris. Could you tell us more so we can address this? ^AlexL",Mon Nov 13 06:14:01 +0000 2017,False,True
2382368,2382369,It's disappointing. BA are becoming more and more like Ryanair every day.,"We're sorry you're unhappy, David. We'll pass your comments to our Leadership team. ^Beth",Tue Nov 14 08:37:05 +0000 2017,False,True
423971,423969,yes i have been in contact on the website and have a case id 17027597. Hoping to clear it up asap.,Hi Daniel. We have to remain consistent so we're fair to all customers. Customer Relations will respond to you in due course. ^N,Mon Oct 02 18:24:27 +0000 2017,False,True
367109,367112,then why do you put flights on for people to book then cancel them that doesn't avoid disruption that aids it,"We're sorry, Dougie. I assure you this wouldn't have been deliberate. It's often the case that circumstances can change in a short space 1/2",Sun Oct 08 20:52:17 +0000 2017,False,True
2728839,2728838,"trying to claim missing Avios, website asks for ticket number, can't find that information anywhere, all I have is the booking reference number, what can I do?","Please DM us your full name, booking ref, email and contact number, Torki. We’ll certainly help you out with this.^Corry",Mon Nov 20 12:15:27 +0000 2017,True,False
1108053,1108052,"Peace, love, and LONDON! Because #BALovesTheBay and I’ve never been there! ✌🏼❤️✈️","Great picture, Kaila, thanks for sharing! ^Davina",Sun Oct 15 04:01:53 +0000 2017,False,False
2588827,2588826,how do i complain about crap service on board?,"This isn't good to hear, Edd. Please DM us a bit more info, we'll then log a complaint for you. We'll also need your booking ref, email and contact number. Many thanks. ^Lisa",Thu Nov 16 21:18:02 +0000 2017,True,False
366249,366250,I'm trying to reserve a seat for my flight (paying accordingly) from the app and I can't choose any.,"We're sorry you're having issues. Have you tried another device? If you're still not able, please DM us the booking reference, address 1/2",Sun Oct 08 18:46:21 +0000 2017,True,False
1939717,1939719,Ok. Fine. So who's responsible for providing the food I requested? And why did this not happen?,...always recommend taking snacks with you. ^Lolly 2/2 ^Lolly,Wed Oct 18 22:17:02 +0000 2017,False,False
1811672,1811671,airberlin announces no flights after 28 Oct - what happens to BA issued Avios tickets on AB now?,"Hi Thomas, can you please DM us your booking reference, full name, address and telephone number. We'll take a look at this for you.^Jo",Sat Oct 14 16:48:04 +0000 2017,True,False
1140536,1140537,Nice one the Club Europe queue is longer than economy ?!?,feedback to our Customer Experience team.^Jo 2/2,Sun Oct 15 15:29:53 +0000 2017,False,False
2568674,2568672,WORST AIRLINE IN THE WORLD!!!!,Hi Mar. Is there something we can help with? ^Beth,Mon Oct 30 11:59:54 +0000 2017,False,False
20114,20115,Initially booked via kenwood travel - then told we could book better seats - BA then said not possible till we had paid more,"We appreciate how frustrating this is for you, Mark. Please DM us the requested details and we can look into this for you. Thanks. ^Jane",Wed Nov 01 13:16:03 +0000 2017,True,False
2245482,2245481,"remains one of the #worstairline. Luggage wheels arrive broken, no compensation or replacement is the company’s answer. Not in your policy. #worstservice #badcustomerservice #Airlines #LastTimeIflyBA","Hi, this doesn't sound right. Please DM us your case reference number, full name, email address and contact number and we can look at this for you. ^Natalie",Fri Nov 10 18:15:00 +0000 2017,True,False
97172,97171,"Hi, I can’t change my seat in the app or website, it just recycles to a previous page and seat when I select a new seat. Anything you can do?","Hi Matt. I'm sorry to hear the issues you're having trying to change your seat. So we can take a look at this for you, please can you DM us your full name, booking reference and email address along with details of the change you're looking to make too? Thanks. ^Kev",Thu Nov 30 14:52:05 +0000 2017,True,False
981368,981367,Kudos to they literally have the best air hostesses ever,"Thanks, g, we're glad you think so! ^P",Sun Oct 22 05:47:59 +0000 2017,False,False
227217,227216,still waiting to be contacted after you guys damaged my goods last Sunday morning back from ibiza. #CHEERS,directly. Please accept our apologies for the inconvenience caused. 2/2 ^Linda,Wed Oct 04 20:42:33 +0000 2017,False,False
2883515,2883513,I changed some flights in the app yesterday evening and it’s still showing my original flight times etc despite have received a confirmation email. When does it update in the app?,"Your app should update with the changes straightaway, Jonny. Please DM your booking reference, full name, home and email address. We'll check your booking to make sure the change has been processed. ^Steph",Tue Nov 28 08:56:37 +0000 2017,True,False
1059648,1059650,"Again, they were when I booked my flights",Tier Points can't be earned with Emirates. ^Marie (2/2),Wed Oct 18 03:54:25 +0000 2017,False,False
1420304,1420305,"what’s wrong with your systems? I can’t change a flight, technical difficulties? I need to get it sorted ASAP. Thanks.","then get this reported to our Web Support team for you. In the meantime, please DM us the change you wish to make. We'll then certainly 2/3",Wed Nov 01 18:16:34 +0000 2017,True,False
1823043,1823042,Hi - you've cancelled my flight from Amsterdam-London tomorrow and I've been stuck on hold for ages! Can you help me pls?,"We're sorry for our late reply. Please DM us you full name, booking ref, email address and contact number. We'll arrange to call you back.",Sun Oct 15 15:06:05 +0000 2017,True,False
2767399,2767396,"what’s the deal if I fail to show for the 12:55 LCY-&gt;ZRH because of a fatality? Was due to arrive SRA about 10:45, but now there’s a 90+ minute delay so won’t make it on time.","Hi there, please can you DM your booking ref, full name and email address so we can take a look. ^Jane",Tue Nov 21 10:55:32 +0000 2017,True,False
2888648,2888647,"trying to complete advanced passenger information. I am asked to add a visa number, there is no number on my ESTA...what do I do. Normally fly KLM with no problem.","Where are you travelling to, Travis? Can you DM your booking ref, full name, date of birth and contact number? If you've been able to add your passport number, and the expiry date, please confirm these too. ^Cecilia",Tue Nov 28 12:00:11 +0000 2017,True,False
1279279,1279280,Feb half term with wife and kids! Staying so everyone’s very excited here!! 🐠🦈🐬,"We're not jealous at all, Brodie! Let the countdown begin. ^Linda",Fri Oct 27 22:23:49 +0000 2017,False,False
380606,380608,"Please set up a customer relations case and advise me of the reference, many thanks","Hi Andrew. Please DM your booking reference, email address and your contact telephone number. Also, please confirm details of 1/2",Mon Oct 09 12:58:17 +0000 2017,True,False
1130016,1130017,"hi, I have a booking for 3 people. Sadly one of us is unable to travel. Do I need to do anything? Can I still check in?","Hi John, you can still check in for your flight. If you want to DM us the booking ref, your full name and phone number we can cancel the 1/2",Mon Oct 23 22:10:05 +0000 2017,True,False
2194991,2194990,I’ve been back &amp; forth with over the last several days it’s been a week and I still have not received my luggage!,you with your belongings.2/2^Corry,Thu Nov 09 14:44:55 +0000 2017,False,False
2824122,2824121,"Hi , Could you check my bag allowence for booking no S66OOI please?Thank you.","Hi Paula, if you've booked via a travel agent. Please DM your passport number, expiry date and DOB. We can then look further into this for you. ^ Barbara",Mon Nov 27 08:30:32 +0000 2017,True,False
1552640,1552642,I have tried countless times to get through with no success. It's a total shambles and I'm very upset about it. Could someone contact me?,"Hi Tim, could you DM us your booking ref, full name and contact number so we can assist you further. ^Sophie",Sat Nov 04 08:01:21 +0000 2017,True,False
138768,138767,Lay flat beds and Tele choices on a 3 hour flight to Moscow- unexpected! #businessclass #premiumeconomy,Excellent! I hope you enjoyed every minute of your flight. ^Monica,Fri Nov 24 08:13:47 +0000 2017,False,False
1667949,1667948,When the check in desk at recognizes you and you aren’t sure if it is for good or bad reasons 😳,"We'd like to think for good reasons, Kathleen! ^Alex",Mon Nov 06 10:17:35 +0000 2017,False,False
1278387,1278388,"you overcharged 800£, told to wait for 8-10 to get my money back. Yet, no money back &amp; you made me go into overdraft!😤","We're concerned to hear this, Viviana. Please can you DM us more information including your booking reference, email address and 1/2",Thu Oct 26 11:09:51 +0000 2017,True,False
2250639,2250638,Fed up with the constant delays and poor service from on my weekly commute to from so giving a try this week.,moving to EasyJet. (2/2) ^N,Fri Nov 10 15:35:02 +0000 2017,False,False
964958,964956,Flew on Concorde in '92. Is it poss to find out which Concorde it was if I send u flight details? Would like to visit it!,"Hi Paul, if you can DM us all the information we'll certainly see what we can do for you?^Jo",Wed Oct 11 12:52:16 +0000 2017,True,False
2139706,2139704,V disappointed with our experience yesterday dropped from our flight despite being at Heathrow 1 hr40 before it departed,"Hi Michael, please DM your booking ref, address and email. We can look further into this for you. ^Bm",Thu Oct 19 07:31:28 +0000 2017,True,False
1538306,1538307,Need to speak to CS to change seats as won't allow to do online. Cannot get through - help????,"Hi Ashley, we'd be happy to give you a call to look at your seating for you. Can you DM us your booking ref, full name and phone number 1/2",Mon Oct 16 14:56:45 +0000 2017,True,False
1694695,1694696,"will I get a reply to my complaint? Took over a month to respond to my first email, &amp; been over a month since I responded","Hi Daisy, sorry you're still waiting to hear from our Customer Relations team. Can you please DM us your CR case reference, full name, 1/2",Mon Nov 06 15:20:32 +0000 2017,True,False
2250589,2250588,"hi , I tried to book a flight on your page but during checkout the page crushed three times on two browsers. I dont want to book via , since I have a voucher that I would love to add. Could you please help? maybe book through a call back?",Hope you get booked up. ^Lindy 2/2,Fri Nov 10 14:39:52 +0000 2017,False,False
497172,497171,", please can you tell me how I can speak to someone ASAP about a flight today? I can't get though to anyone on the phone.","Hi Emma, we're sorry about the late response. If you still need assistance, please DM us your booking reference, email and phone number, along with the details of the query. ^Paul",Fri Dec 01 12:10:59 +0000 2017,True,False
1498074,1498075,my fight has been cancelled from Heathrow to Barcelona what should I do❓,"Hi Ross. If you're at the airport you can rebook at a customer service desk. If you're not you can DM us your booking ref, full name, 1/2",Fri Nov 03 09:20:06 +0000 2017,True,False
709683,709684,"Appreciate if you can react, such customer service is not good for the brand that you carry. #badCustomerService","Hi Rajesh. Apologies for the late reply. We did reply to you asking for details on 06 October. Would you DM your booking ref, (1/2)",Tue Oct 10 19:10:25 +0000 2017,True,False
738149,738151,yeeees! I will be arrived at LHR on 27 Nov for the first time everrr! And I can't wait to enjoy your Club! 😊,"We look forward to seeing you then, Margaretha! ^SR",Wed Oct 11 14:14:41 +0000 2017,False,False
518637,518639,Thank you! A plane ahead of her days and I'm sure missed by many!,"Hi Nigel, we miss her too ! ^Tom",Sat Dec 02 08:20:58 +0000 2017,False,False
228299,228300,morning - I’m travelling to CPT at weekend - can I take golf clubs and case if both fall are under baggage allowance?,allowance is only one free piece. ^Danny 2/2,Wed Oct 11 10:17:01 +0000 2017,False,False
1581079,1581078,I can’t download boarding passes since updating your app today - known issue?,We hope you have a great flight! ^Jane 2/2,Mon Oct 16 19:09:35 +0000 2017,False,False
633198,633199,"That about sums it up , it’s Brian not brain !","We're very sorry, Brian. ^Paul",Thu Nov 23 14:01:48 +0000 2017,False,False
636511,636510,i would like to change my flight date it keeps showing me “sorry there seems to be a technical problem”,"Hi Mohd, we can take a look at this for you. DM us more details, along with your booking reference, email and contact number. ^Helen",Wed Nov 22 15:51:47 +0000 2017,True,False
2475830,2475828,. I NEED a to get to London and my flight has been cancelled tomorrow from Lyon. Will it DEFINITELY be flying on Friday morning?,Have you called our Contact Centre to check alternative options? ^Monica,Wed Nov 15 13:14:39 +0000 2017,False,False
607878,607879,They have been booked a while ago and. Othing in junk mail as I received the original bookings just fine.,"Hi Michael, we can certainly look into this for and we're sorry for the delay in our reply. Please confirm in a DM your full name, booking reference, email address, postal address, and the date/destination",Wed Nov 22 06:45:49 +0000 2017,True,False
2651299,2651298,"No inflight entertainment, broken footrest, tray table not right, cabin stiflingly hot ‘sorry it’s an old plane’.","Thanks for coming back to us, Philip. We’d like to pass on your comments to our Customer Experience team. Please can you DM your booking ref, email and contact number?^Corry",Sun Nov 19 07:12:05 +0000 2017,True,False
1455597,1455599,Trying to claim tier points but it says it was a partner flight when it wasn't &amp; I don't have an 'Iberia' ticket no. Help!,"Hi Sophie, we'll certainly do all we can to help and we're following you now so you can DM. Please confirm your full name, Executive",Thu Nov 02 11:17:40 +0000 2017,True,False
828451,828453,Funny they gave me a claim form to fill in but are now saying they sent it to my destination country so it's not their responsibility!,"We're so sorry for the inconvenience caused, Elinor. Have you received your bags? If not, DM us your baggage ref, email address and 1/2",Mon Oct 09 07:01:00 +0000 2017,True,False
1979759,1979760,Tried to book flights with -no email of confirmation came just random tax message- is your booking system down? #whyme 😥,"Hi Lucia, we haven't had any issues reported. Has the email come through yet? If not, please DM us with your full name, email address, 1/2",Tue Oct 31 13:46:32 +0000 2017,True,False
323512,323511,in my passport it says ‘Richard Jericho Go’ but for the ticket I recently bought it only says ‘Richard Go.’ Is this okay?,"Hi Richard, where are you travelling to ? ^Tom",Sat Oct 07 10:52:43 +0000 2017,False,False
1430410,1430409,Can you tell me what the number is to call UK Customer Service from the USA?,Hi Nicholas. You can find our contact details here: ^Liz,Wed Nov 01 20:13:12 +0000 2017,False,False
1140540,1140539,"hey BA! Am in NYC and read about strong wind coming to the UK. Any threats of cancel for tomorrow flights (Oct., 16th)?",on your flight. We're sorry for any inconvenience. 2/2 ^Liz,Sun Oct 15 10:26:12 +0000 2017,False,False
920611,920612,Im struggling to add my booking to my account. The booking was done by an agent. please advise on PM,"locate it for you. Please DM your full name, date/destination of your flight, email address, postal address, and the name of the",Tue Oct 10 17:00:25 +0000 2017,True,False
2646065,2646066,I had a TERRIBLE experience with your airline! You bumped me from my 1st flight &amp; caused me to miss my 2nd BA flight. I had to pay additional $$$ due to your actions with no support or sympathy from your staff. My long weekend is now cut short. Please advise.,"Hi Jen. Can we just clarify a few things. Were you travelling on two separate bookings? If not, your bag would have been checked all the way through to Prague and you could have gone through flight connections? DM us along with your full name, address 1/2",Fri Nov 17 18:19:42 +0000 2017,True,False
1665471,1665469,"Hey, , when are you going to fix that beautiful piece of Kinetic Art in front of the T5 Lounge. Hasn’t worked for ages.",It's on our to-do list! ^Alex,Mon Nov 06 08:45:47 +0000 2017,False,False
353330,353329,Thoughts on my KL - London flight w/ Club World a few weeks back for Oktoberfest; #travel #ttot #ba,seat preference too! ^Linda,Sun Oct 08 10:44:01 +0000 2017,False,False
1277072,1277073,how do I order a special meal without Gluten and without Lactose?,"Please take a look and let us know which meal best accommodates your needs. DM us your full name, booking ref and email address. 2/2 ^Linda",Sun Oct 15 19:59:31 +0000 2017,True,False
738155,738154,How about giving me an update on my missing luggage and focus on what is important to keep passengers? Just a thought....,You'll get more information and updates here: Liz,Wed Oct 11 10:07:14 +0000 2017,False,False
1949624,1949625,I’m concerned I#computer can’t find my ticket number unable to reserve seat check in or anything,and we can check your ticket. ^Davina 2/2,Sun Oct 29 08:04:52 +0000 2017,False,False
1436877,1436876,Celeb delivered security announcement on = awesome. ✈️ #LHR - #JFK #TCSNYCMarathon here we come 🏃‍♀️🗽🇺🇸,"Yes, Judith. Really awesome. Good wishes to everyone involved. ^Julie",Thu Nov 02 10:12:09 +0000 2017,False,False
1460101,1460099,disappointed does not say enough - still waiting after 30 days for a reply to my compensation request,"I'm so sorry, Lisa. Could you DM your case reference, email and contact number please? We'll take a look. ^Kimbers",Thu Nov 02 19:58:11 +0000 2017,True,False
2077097,2077317,already have prepaid hotel in London and rebooked to next day flight- any compensation for oneworld sapphire? Thanks,"Hi Sam, I'm sorry to hear your flight is cancelled. Can you DM your full name, reference, email and postal address, to see if we can help?",Mon Oct 09 12:31:31 +0000 2017,True,False
234430,234431,2 J tickets with ex LGW booked. How else can I experience an ex-BMI plane with cramped leg room dispirited staff &amp; panini?,"Hi Sebastian, please let us know if there's anything we can do to help you. We're following you now so you can DM if",Thu Oct 05 07:05:18 +0000 2017,True,False
745277,745275,my flight schedule changed and when I called to cancel the flight I am being told that I can't change it bc I accepted it!!,"Hi there, if you DM your booking reference, email and full name we'll take a look for you. ^Anthony",Wed Oct 11 13:13:39 +0000 2017,True,False
1678734,1678733,when do your london to new york flights gets released for nov/dec 2018?,"We release flights 11 months in advance, Faye. ^Alex",Mon Nov 06 12:47:30 +0000 2017,False,False
1170517,1170516,There’s alot I would like to feedback Danielle.,booking ref. Many thanks. ^Lisa 2/2,Tue Oct 24 14:35:00 +0000 2017,False,False
2651518,2651517,Can you follow me so I can dm you? I can't seem to send you a message? Or you send me one first so I can reply?!,"Whoops sorry, that was my fault, Nicola. We're following you now, feel free to DM us anytime. Many thanks. ^Lisa",Sun Nov 19 00:48:39 +0000 2017,True,False
2233816,2233818,That's a shame. Is it just on you JFK flights currently then?,of our fleet over the next two years. (2/2) ^N,Fri Nov 10 17:46:18 +0000 2017,False,False
1816556,1816555,"flights cancelled, offered compensation on pre-paid cards which have no credit. 6 weeks on BA won't respond.","Hi Carina, we're really sorry to hear this. If you DM us with your case reference, full address and email address, we'll look into this. ^KP",Sun Oct 15 20:44:38 +0000 2017,True,False
1301062,1301063,can I provide a Global Entry number for my flight tomorrow?,"We can add this to your booking, however we don't participate in the scheme, Harriet. Please DM your booking reference, full name, 1/2",Sun Oct 15 23:30:45 +0000 2017,True,False
2109173,2109174,"Yes. I tried Chrome, IE and the BA App. Nothing works. It seems the acc ""disappeared"".","Hi Max. Please follow us, so we can Direct Message you about this. Thanks, ^EC",Wed Nov 08 08:24:04 +0000 2017,True,False
537831,537830,I need to pay for an aditional suitcase. My reservation is made on Iberia's company operated with ba. How can I add a suitcase before go to the airport?,"Hi Cristina, if you DM the booking reference, email and postal address from the reservation, we may be able to add it for you. ^Teresa",Sat Dec 02 10:38:34 +0000 2017,True,False
724997,724996,Stewart mcpherson P4XM94 __email__ 2 chapelton mains westkilbride ayrshire KA239LU,3/3 sorry to disappoint you further. ^Linds,Tue Oct 10 22:46:59 +0000 2017,False,False
839093,839092,I've sent you a DM. Can you come back to me please? Thanks!,this further for you. 2/2 ^Beth,Fri Oct 13 10:58:34 +0000 2017,False,False
2847839,2847840,Sure. Please follow me so I can DM you the details,"Hi Adity, sorry about that. We're following you now so please feel free to send your DM.^Jo",Tue Nov 28 16:16:38 +0000 2017,True,False
431781,431776,absolutely discussed that there was no disabled toilet aboard our flight for my brother!! Also wait an hour to check in,full name and contact details would help too. Thanks. ^SR,Tue Oct 10 11:45:10 +0000 2017,False,False
2753344,2753346,Thank you very much 😊 All checked in now for tomorrow’s flight. The countdown begins!,You're welcome! Happy 30th birthday! Have a great trip. ^Lynn,Tue Nov 21 21:33:01 +0000 2017,False,False
2109933,2109931,Hi could you please check my bag allowence for booking no S66OOI? Tks,"Hi Marlon, we can certainly check this for you. Please DM your full name, booking reference, email address, and postal address. One of the team will be in touch as soon as possible. ^Lacey",Sun Nov 26 11:36:31 +0000 2017,True,False
442015,442014,"Great overdue improvements to Lyon airports new t1b, inc ! though still quite a bit of 🔨 going on!","Thanks for the lovely feedback, Alun. ^Amy",Wed Oct 11 07:06:49 +0000 2017,False,False
61421,61424,Hello... It is now five weeks since I made a complaint. Still no response. What's the deal here? Do I re-complain?,"Hi Tom. Apologies for the late reply. We can see you missed your Lima flight on 08 October because of a cancelled Avianca flight. I know how frustrating this must have been for you. If you DM your reference number, email, home address with post code and telephone (1/2)",Mon Nov 13 19:17:57 +0000 2017,True,False
1417726,1417725,"I am having problems creating a Household account to combine Avios, can you help?",Protection. We can try and help you. ^Kit 2/2,Mon Oct 16 11:55:16 +0000 2017,False,False
1430603,1430602,Good afternoon! I'm having a slight problem claiming points on a recent group booking - can you please help me?,"Hi Dina, please DM us your Executive Club number, email, home address and your date of birth. ^Alex C",Mon Oct 16 12:14:20 +0000 2017,True,False
1118718,1118717,"Can you help, ?",Hi Kasia. Is there anything we can help you with? ^Monica,Sat Oct 14 05:46:08 +0000 2017,False,False
130666,130668,happy to if there is a real person to talk with. BA used to be a standout in customer attention,"Hi Grant, could you DM us your booking reference, full name and phone number? ^Chris",Fri Nov 24 07:38:45 +0000 2017,True,False
189417,189416,I know this! But my friend was given FREE food and drink to Russia!!,Which flight did you travel on? ^Steph 2/2,Wed Oct 04 16:38:11 +0000 2017,False,False
1723548,1723552,"Yes,they did.no asst provided.The crew frm SJC-LHR saw them waiting for help.they took them 2 a point and from there on there own reach’d.",this for you. Thanks. ^Jane 2/2,Tue Nov 07 09:16:01 +0000 2017,False,False
2343022,2343021,"Hello! I'm trying to access my booking and I get: 'Access to this booking has now been prohibited due to too many unsuccessful attempts. Check your details are correct and retry in 24 hours', I waited more than 24 hours to try to access again to no avail","Hi Alex, please can you DM us your ref, email and home address? We'll have a look for you. ^Ems",Mon Nov 13 14:04:09 +0000 2017,True,False
182225,182226,Reserved 💺 4 someone and got email referring to seat reservation I made in January! Can't get into manage booking 2 change,"Hi Sarah, we can have a look at this for you if you're named in the booking? If so, please DM us your full name, booking reference 1/2",Wed Oct 04 10:56:29 +0000 2017,True,False
2117604,2117605,"Yes, and one sector flown Loganair","Hi Sarah, if you DM your Executive Club number, email, contact number and booking reference we'll take a look. ^Anthony",Fri Nov 10 15:07:49 +0000 2017,True,False
1210882,1210884,I met in the BA lounge a few months ago maybe he should start looking for a new airline as well.,Hi Jonathan. Can I check which policy you’re referring to? ^Davina,Wed Oct 25 12:01:09 +0000 2017,False,False
2510778,2510777,"Just landed at Palermo Airport, thank you for a great flight.",You're very welcome! Enjoy your time in Italy. ^SR,Sun Oct 29 17:04:15 +0000 2017,False,False
189632,189630,Just a tad annoying. What's the cost to move our return flight a few more days back for 2ppl?,"We'd be happy to look for you, Kris. Can you DM your booking ref, name, email and phone number? ^Sophie",Wed Oct 04 11:05:02 +0000 2017,True,False
121756,121755,this is the bag we lost. I'm so disappointed. BA said that our bag didn't even get a tracking #.,"We'll try to help further, Indy. Please DM your full name, address, booking reference and your telephone number. Did you report the bag as delayed within 7 days? ^Julie",Thu Nov 23 20:53:23 +0000 2017,True,False
1385889,1385888,Yep Jane booked a flight selecte upgrade your system crashed and now your system will not allow it,"We're sorry to hear about this, Marcus. Can you please DM us your booking reference, email and postcode and we'll take a look for you. ^KF",Thu Oct 19 10:01:16 +0000 2017,True,False
1249196,1249194,has the best safety video ever! It was the first time I was laughing durring safety presentation on the flight,"We love it too, Mashka! Any favourite part? ^Lisa",Wed Oct 25 21:02:44 +0000 2017,False,False
350709,350711,"Hi Linda, there’s strikes on Tuesday 10/10 in France, will it affect BA’s service from Nice to London?",for the latest update. 2/2 ^Linda,Sun Oct 08 10:55:57 +0000 2017,False,False
1408537,1408541,any chance of fixing this so I can change my flight been over 24 hours now,"Hi Stephen, we're experiencing some website errors at the moment, and are currently working to rectify this. Please DM us 1/2",Sat Oct 28 12:32:05 +0000 2017,True,False
2442585,2442584,"I've been trying to hold flight prices, but got redirected to homepage after I paid with no email confirmation. Can I DM?","We're sorry to hear this, Aditya. We're now following you so you should be able to DM us your query. We'll try to help you as quickly as possible once we've received your query. ^DaniH",Tue Nov 14 20:30:19 +0000 2017,True,False
1591204,1591203,"7 hour flight leaving LHR at 4:30pm should not have ""lunch"" but rather ""dinner"". Eh ?",We hope you have a great flight. ^Kit,Sat Nov 04 16:42:56 +0000 2017,False,False
136654,136653,Home for the next 8 hours.....! ✈️🇺🇸👋🏻🍾,"Cheers! Have a fantastic flight, Stewart. ^Gill",Fri Nov 24 09:24:27 +0000 2017,False,False
2058745,2058743,👋🏼 trying to check in for a flight less than 24 hrs away and getting an error page over and over again. Please help - been otp on hold for 30 mins now.,"I'm sorry to hear that, Natasha. Can you DM your reference, email and postal address, to see if we can help in any way? ^Marie",Sat Oct 07 05:02:22 +0000 2017,True,False
2035870,2035869,"I am disgusted, frustrated and disappointed at the level of service and visibility that I have received.","I'm sorry to hear this, Myriah. Could you DM your World Tracer, address and contact number for us to look for an update? ^Kimbers",Tue Nov 07 19:00:57 +0000 2017,True,False
318973,318972,"Hi. Trying to get boarding passes on app. Says checked in, but not right docs? All passports added... they flew here!","Hi Kat, is it specifying the problems with the documentation ^Al.",Fri Oct 06 15:47:23 +0000 2017,False,False
1577553,1577555,very unhappy with the service. Booked flights with avios Dubai London specifically asked for the bassinet seat,and Executive Club number too? Thanks. ^Kev 2/2,Fri Oct 20 10:05:09 +0000 2017,False,False
1650855,1650856,very painful attempting to change flight details. Get 'Tech problem' page EVERY time for 24 hours now.,"only way we can do this is by giving you a call. If you'd like us to go ahead, please DM us the change you wish to make, along with your 2/3",Sat Oct 28 13:56:43 +0000 2017,True,False
230479,230480,Hello !! I replied to your email with details of my flight . What is taking you so long to refund?,"Hi Santanu, we're sorry for the late response in getting back to you. If you can DM us your full name, booking 1/2",Wed Oct 04 22:32:00 +0000 2017,True,False
681309,681308,would be nice if . 747s did visits to all UK airports before they are gone for good,"Hi , sounds like an idea to consider. ^Raj",Thu Nov 23 07:53:44 +0000 2017,False,False
1572508,1572510,"Hi , yes I did thank goodness. came a day later!",Hi Mark. We're so glad you got your bag back. ^N,Sat Nov 04 18:53:20 +0000 2017,False,False
403684,403685,Big mistake booking with a flight to EZE that included a leg with . Now can't choose seats or extra luggage!!,"This is concerning to hear, Martín. If you need any assistance, please feel free to DM us your booking ref, 1/2",Mon Oct 09 19:20:06 +0000 2017,True,False
742626,964154,"Well over an HR now, this is crazy - are there no records on bookings in your system?","Hi Liz, sorry for the wait. If we can help you please send us a DM with your full query.^Jo",Wed Oct 11 12:43:16 +0000 2017,True,False
2233802,2233801,Hi . What's the current waiting time for a response to a customer relations web mail query?,"Hi Steve, can you send us a DM including your full name, case ref and email address please? We’re happy to look into your case. ^Amy",Fri Nov 10 13:23:30 +0000 2017,True,False
2197496,2197497,"I put a name in with a ü in passenger details, and the system changed it to ue, will this be an issue for travel?","Hi Tom, I don’t believe this will be an issue. However, I would like to take a look at your booking. Can you DM 1/2",Thu Nov 09 21:42:42 +0000 2017,True,False
2194513,2194512,For security reasons? I refuse to post my marriage cert &amp; send passport details to change a surname from an old airmiles a/c that’s never been used with 0 points. Therefore I request you delete my acc completely as surely for security reasons you can’t refuse this?,"We're sorry you're unhappy with this, Kate. Please DM us your Exec Club number, full name (on the account) and email address. We'll send your details to our Executive Club and see if they can delete your account as requested. ^Rach",Wed Nov 15 16:58:51 +0000 2017,True,False
915940,915939,"4 days of holiday spent on Heathrow floor, hundreds of £ down due to Mays IT fail, no intention of trying to make up for it","Hi Dani, sorry to hear this. Can you please DM us some more details so we can help you.^Jo",Tue Oct 10 15:12:53 +0000 2017,True,False
750621,750619,"hi I'm havin difficulty claiming Avios from a flight earlier in the year with CityFlyer, can you help?","Hi Chris, when was your flight? ^Anthony",Wed Oct 11 15:00:31 +0000 2017,False,False
1435529,1435526,do you accept American Express when paying for an all inclusive holiday?,"Hi Natalya, yes we do accept American Express. ^Alex C",Mon Oct 16 12:30:33 +0000 2017,False,False
87374,87372,I am trying to check into my flight and am having problems. Who can I speak to? I booked through BA but the route is with another airline. Do I contact them?,"Hi Sarah, are you getting an error message? ^Davina",Thu Nov 30 13:30:57 +0000 2017,False,False
653897,653898,Hi I have been complaining since more than two months no any reply. Case ID is 16931709 Plz. your urgent help,"We're concerned to hear that. Please DM us your full name, email address and contact number. We'll take a look into this for you. Please 1/2",Thu Oct 05 07:49:00 +0000 2017,True,False
2051037,2051036,"help, check in on app with 1 bag in hold, my booking pass on the app says ""no checked baggage allowance for this flight""","Hi there. Sorry to hear this. DM your full name, booking ref, email and home address with post code. We'll look at your booking. ^N",Thu Oct 05 18:19:36 +0000 2017,True,False
502083,502082,3 weeks today I will be mid air along as take off on time! Don’t let me down - #Barbados,We'll do our best Carl. Have a great holiday. ^Kit,Fri Dec 01 12:22:26 +0000 2017,False,False
1492858,1492856,"Enquired about changing a return flight to a few hours later for 4 people, £150 each admin fee!! How can you justify that?",the disappointment this has caused. ^Kev 2/2,Fri Nov 03 08:49:13 +0000 2017,False,False
1999336,1999338,"I just bought my ticket and receive an email, but unfortunately it's delete could you send it back to me ?","If you don't have it, please DM your flight number, full name, the route and your email. We'll forward you a copy. 2/2 ^Kimbers",Thu Nov 02 19:57:50 +0000 2017,True,False
1153955,1153957,"Hi, I have two separate accounts under two different email addresses, that I'd like to merge.","Hi Dave, we'll pass your details to our Executive Club team to action this for you. Please DM us both your Executive Club numbers, 1/2",Sun Oct 15 13:06:03 +0000 2017,True,False
2322901,2322903,I️ was checking in online. I️ tried to not select a seat but was impossible to check in. I️ took a screenshot as well. I️ was unable to send a DM,"We're following you, John so you should be able to DM us. ^Natalie",Sun Nov 26 17:06:17 +0000 2017,True,False
1014677,1014678,"Hello, yes we managed to book a flight from Rome to Bristol today. What is the process for reclaiming out of pocket expenses ? Thank you",your claim and send your receipts to us. A photo sent via DM is fine. ^Davina 2/2,Sun Oct 15 07:10:59 +0000 2017,True,False
600593,600595,You mean you park the aircraft most convenient for the next flight and actually do not care about the inconvenience it causes to your passengers. To also clarify there were a number of domestic arrival stands available.,We're sorry you remain unhappy with our response Andrew. ^Kit,Sun Dec 03 21:09:17 +0000 2017,False,False
141713,141712,Hilarious Comic Relief safety video onboard 😂 Thankyou! Great start to a flight!,"We're so pleased you enjoyed it, Jacinta! ^Charlotte",Fri Nov 24 11:12:04 +0000 2017,False,False
1327448,1327450,Can I go there without a passport? I don't see why I can't we're both English.,"I'm afraid not, Gaylon. ^BS",Fri Oct 27 17:11:15 +0000 2017,False,False
386932,386931,awful set will never use BA ever again!!!,"We're really disappointed to hear this, Rav. ^Rach",Mon Oct 09 12:23:21 +0000 2017,False,False
963529,963528,"was just put on hold for 1.5 hours after 3 weeks of no information about my claim, is there anyone who can help?",along with your full name and contact details. ^SR,Wed Oct 11 13:20:40 +0000 2017,False,False
1696108,1696109,Airmiles I didn't get... wanna talk to you about them and get them added. Why is it so difficuuuult?!?,"2/2 Alternatively, you can DM us your query and we can forward it to the Executive Club. Kind regards ^Jools",Tue Oct 17 10:42:01 +0000 2017,True,False
859912,859911,This is of no value. I have checked against the BCN I have. All it says is 'item being prepared for delivery' but it has been a month.,"Can you DM us your WorldTracer, full name, full address and phone number? 2/2 ^DaniH",Fri Oct 20 14:52:52 +0000 2017,True,False
1535236,2529819,Can you follow me to send you a DM? Thanks!,"Hi Miguel, we're following you now. Feel free to drop us a DM. ^Ems",Sun Oct 29 21:15:46 +0000 2017,True,False
1259269,1259270,How do I contact them as I can’t seem to find them on Twitter,Hi Stephen. We'd suggest trying here: ^Lolly,Tue Oct 17 18:37:06 +0000 2017,False,False
1632040,1632039,. It took 6 hours into the flight to San Fran before anyone in economy upper deck was offered any water by staff. Very poor,to our Customer Experience team. ^Jane 2/2,Tue Oct 17 05:08:04 +0000 2017,False,False
349486,349484,please locate my bag.. DTW-ORD-LHR-SNN. I know the bag made it to ORD. 48hrs missing and no update on file ref Help! Please,your baggage file. 2/2 ^Linda,Sun Oct 08 07:50:20 +0000 2017,False,False
1846487,1846486,"Hey, do your 777's from LGW-JFK still have old seats/IFE? Ta.","Hi Gavin, can you DM your reference, email and postal address, so we can check on this for you? ^Marie",Tue Oct 17 20:08:48 +0000 2017,True,False
1110503,1110501,"I know it is... But I'm managing, I think!😉 already purchased extra baggage, just because the suitcase is so heavy already ..","We're sending a bigger plane, Elana. See you soon! ^SR",Mon Oct 23 13:54:35 +0000 2017,False,False
343355,1101004,Hi Dani - everything worked out! Thanks for your v quick answer,"You're welcome, Tim. Feel free to DM us if we can help you with anything else. ^DaniH",Fri Oct 13 19:15:40 +0000 2017,True,False
1779355,1779359,"I haven't been able to upgrade online with money, tells me to contact local reservations office. Spoke to them on the phone, said this would","We're sorry you're still unable to upgrade online, Ami. If you can DM us your full name, booking 1/2",Sun Oct 29 05:04:46 +0000 2017,True,False
238338,238337,"Thanks, will share. Booking it today for my two sons. Was little concerned about food availability","We're following your, Bharat. DM when you've booked your flights. We're available 24/7. ^Linda",Wed Oct 04 07:27:39 +0000 2017,True,False
2174646,2174645,Chaps in Vienna 🇦🇹 . #Movember #thelondonessentials,"Great photo, Chaps and a fantastic cause too! ^Kev",Thu Nov 09 12:51:09 +0000 2017,False,False
690418,690417,Hello! App not letting us reserve seats for flight next week. Me silver and partner gold. Can you remedy for us? Thanks!,"Hi Alex. Please DM us your booking ref, full name, email and address and we should be able to help. Please also DM what seats you'd like. ^B",Wed Oct 18 10:09:01 +0000 2017,True,False
121769,121768,"Great job . Twice tonight your so called Customer Service staff have hung up on me.The second person told me his shift was up when I rang, &amp; when I questioned the lack of service in the centres the past 4 wks he said you've probably been talking to me then hung up","Hi Judith, this is disappointing to hear. Please DM us your query along with your booking reference, email address and contact number and we can see if we can help. ^Natalie",Thu Nov 23 20:28:39 +0000 2017,True,False
1586443,1586442,hi I want some information right now. How can contact you from Italy this time.thanks,Hi. We're happy to help. You can DM us your query and we'll do our best assist you. Thanks. ^Kev,Sat Nov 04 13:13:12 +0000 2017,True,False
2008391,2008393,Hello We arrived in Cape Town 4 days ago after a lovely flight with you. Will still don’t have our pram though Please help?,"please can you follow us and DM your full name, email address, booking reference and WorldTracer reference provided by the airport too. ^K 2",Sat Nov 04 10:48:14 +0000 2017,True,False
1998952,1998951,Trying to upgrade a flight via the app. Keep getting an error message. Don't have time to spend ages on hold on the phone.,"Please DM your booking reference, full name, email and contact number with which flights you're upgrading to which cabin. We'll work 1/2",Thu Nov 02 18:20:43 +0000 2017,True,False
2523197,2523195,which lounges will be available ? 🤔,"We don't have any lounge access at Nuremberg, I'm sorry. ^Hel",Thu Nov 16 02:17:50 +0000 2017,False,False
442009,442012,"Hiya, trying to call you and you're closed. A little bit ridiculous to tell me to call you and then you're on available during the evening!","Hi, we can certainly look into this for you. Please DM your full name, booking reference, email address, postal address, and",Wed Oct 11 19:22:08 +0000 2017,True,False
2651425,2651427,Thank u Lisa but the bad service came from the crew so wasn’t in a position to even voice my disappointment.,"That's disappointing to hear! If you DM some more details about your experience with your full name, booking ref, email and contact number via the link below, we'll be happy to feed this back for you. ^Beth S.",Sun Nov 19 21:14:36 +0000 2017,True,False
455249,455248,Our flight to Dubai tomorrow on flight BA0105 delayed by 16hrs. Will now miss our connection to Brisbane for a family event. Is there anything you can do?,"Hi Nick, please DM your booking reference, email and contact number. We'll do everything we can. ^Kimbers",Thu Nov 30 23:30:07 +0000 2017,True,False
2888653,2888655,"OVERBOOKED flight ! I am a diabetic &amp; was not given good or drink .Made to stand at check in , in the heat for hours .Ground staff were awful !","Hi Maggie, could you DM us your booking reference, full name and phone number? ^Chris",Tue Nov 28 13:27:44 +0000 2017,True,False
2210218,2210219,help! Returning home tomorrow from Orlando - we all have luggage allowance but boarding pass says hand luggage only?!,"Don't worry, Laura, your baggage allowance will be in the booking. DM your booking ref full name and email and I'll check for you. 1/2",Fri Nov 10 00:52:45 +0000 2017,True,False
1827142,1827143,"Hi, I'm trying to upgrade my flight for tomorrow from Frankfurt but the website says there is a problem.","Hi Zoe, please accept our apologies for the delay in our reply. Please DM your full name, booking reference, email address, and postal",Mon Oct 16 20:33:56 +0000 2017,True,False
1176610,1176608,trying to book a holiday online and keeps saying systems down ??? Frustrating,...can be found here: 2/2 ^Lolly,Tue Oct 24 19:14:04 +0000 2017,False,False
584061,584060,Time to fly to #dubai with see you soon #GGGDubai17,"Hi Nick, that's fantastic, enjoy your flight. Thanks ^Raj",Sun Dec 03 13:30:40 +0000 2017,False,False
1119503,1119504,"Hiya, please would you private message me so I can ask a question regarding my flight tomorrow?","Sorry for our late response, we've been really busy, Vicky. Feel free to DM us your query, please include your booking ref, email and 1/2",Sat Oct 14 06:31:50 +0000 2017,True,False
2589274,2589277,This isn’t working. I’m trying to call but your phone lines don’t open until 0600 and flight is 0710. How can I change this now? Thanks.,and contact telephone number. 2/2 ^David,Tue Oct 31 00:15:31 +0000 2017,False,False
234462,234464,I got a ref regarding the complaint but nothing regarding the seat refunds.,"Let us check your booking for you, Michael. Please DM us your booking ref, full name, email and contact number. Many thanks. ^Lisa",Thu Oct 05 13:00:15 +0000 2017,True,False
1816324,1816323,Absolutely appalled with your customer service and hygiene standards on board my flight home from Barbados this morning...,"Hi there, we're concerned to hear this. If you DM us with your full name, booking reference &amp; email address, we'll investigate it. ^Kelly",Sun Oct 15 19:25:40 +0000 2017,True,False
777921,777919,6 hrs international #flight to London with no #inflight food offered only in #britishairways #fail,"That's disappointing to hear, Ellie. Which flight was this? ^SR",Wed Oct 11 22:57:25 +0000 2017,False,False
2117592,2117594,Tried the Exec club helpline again and was on hold for 20 minutes before giving up as I only have 30 minutes for lunch,"We're sorry you're still having problems getting through. If you prefer, please DM your telephone number and your full name. 1/2",Thu Nov 09 12:05:20 +0000 2017,True,False
136643,918739,Hi Monica. I’m having to rearrange a flight rather than get a refund :( My sister is having a baby and I want to be there,"Hi Marc, if you can DM us your booking reference, email address and postcode. We'll can take a look at the rules on your ticket. If you can also let us know what changes you're looking to make. ^Karen",Sat Nov 25 16:13:24 +0000 2017,True,False
705359,705358,"You may know I took mum on surprise first-ever holiday abroad✈️But you missed her face so here's 🎥 of her first-ever takeoff at 58yo! ""Everything looks so tiny"" 😂😂 (🎥starts as going down runway) #family #OnlyOneMother #holiday #surprise",That's great! Thanks for sharing. ^Stephen,Thu Nov 23 16:56:05 +0000 2017,False,False
2135993,2135992,In shock of how one of your 'Customer Services' representatives just spoke to me!,"We're concerned to hear this, Shaun. Please DM your full name, booking reference, email and contact number with the details. ^Kimbers",Wed Nov 08 18:09:01 +0000 2017,True,False
531407,531409,Thanks. Eventually got it working and booked our tickets to mexico. Hurrah.,"Great, Cassie. Glad your all booked up for Mexico. ^Pip",Sat Dec 02 12:33:37 +0000 2017,False,False
1094548,1094547,Hello ba. I'm In jamaica. need to reserve 2 seats together on 2 booking reference. Can u help or have a local number to cal,"Hi Fiona, can you please DM us your reference, email and phone no. as well as your full name we can check this ^Al.",Mon Oct 23 12:39:47 +0000 2017,True,False
171959,171960,"I'm disappointed on a number of fronts. 1. It's not £5, it's £30. We've bought tickets for £3,000, so you withholding £30 feels like nickel and dime-ing us, which is I guess the Cruz way.","Hi there, we're sorry you remain unhappy with our response. ^Linda",Sat Nov 25 13:49:41 +0000 2017,False,False
2233916,2233915,"hi hi, how do you specify vegan inflight meal (rather then vegetarian) on the website? could only pick vegan/vegetarian. or do you just do it when you get on the plane? Thanks",We're happy to look into this for you. ^Amy 2/2,Fri Nov 10 11:43:04 +0000 2017,False,False
544128,544127,"Is it possible to change the date and the starting airport from LHR to LCY for a reward flight? I can find flights on the new date from LCY when searching for reward flights, but these don't show up when I'm trying to change my existing booking from LHR.","Hi, Kathrin. Yes, you can change to London City instead. will not allow you to do this on a reward flight saver. Dm us your booking ref, full name, email, exec number and contact number. We can call you and assist in changing the ticket. ^Pip",Sat Dec 02 12:22:01 +0000 2017,True,False
1864680,1864682,Let's hope so... or I won't be very happy with no where to stay after an 8 hour flight. So disappointed in your service :(,"We can certainly check for an update for you. Can you DM us your case reference, full name, full address and phone number? ^DaniH",Sun Oct 22 08:14:06 +0000 2017,True,False
740510,740511,Who knows? Travelling on a student budget is difficult. Would love to get to 24...trying to prove anyone can travel no matter their budget,"Good luck, Sean, let us know how you get on! ^Davina",Sun Oct 15 08:43:58 +0000 2017,False,False
2325066,2325065,customer relations only open 1-5pm... Monday to Friday ...great relations,"Hi Emma, do you already have a case reference with our Customer Relations. Please DM the details and we can check for an update for you. ^Bm",Mon Nov 13 10:54:29 +0000 2017,True,False
838694,838693,Hello there. I've been charged twice for a seat reservation. Any way to chat to you without phoning on a 0300 number? TY.,"Hi Nic, can you DM your reference, email, postal code and contact details, to see if we can help? ^Marie",Mon Oct 09 01:05:51 +0000 2017,True,False
2968076,2968074,"we’re flying with you Tuesday 5th December &amp; my sister will be 7 months pregnant and suffering very severely with SPD, are you able to help regarding seating please??","Hi Laura. Yes, we'd be happy to help. Are you on the same booking? If so, can you DM your booking ref, email, home address with post code and telephone number. We can give you a call and we can discuss the options for seating. I hope your sister is feeling better soon. ^Neil",Wed Nov 29 20:58:27 +0000 2017,True,False
474122,474121,"booked a one way flight BKK-MAN via connection at LHR. But now need to be in London the next day, can I just skip the second leg of flight? What about my luggage?","Hi Eric, please DM your ref, full name, email and home address. We'll have a look at your ticket to see if you need to change it. ^Ems",Fri Dec 01 07:34:15 +0000 2017,True,False
2436551,2436549,"Hey we flew with you and paid for baggage twice, you said we would get a refund, but we haven't received it, please help","Hi Maya, if you can DM us your full name, booking reference, email address and home address, we can look into this for you. ^Cody",Sun Oct 29 10:39:45 +0000 2017,True,False
20106,20110,We paid more money on holiday (sooner to enable booking of extra leg room) - told extra leg room visible on system - then ‘though luck’,"Seats are subject to availability and can change at any time, Mark. We’d be happy to check for you if you DM your booking 1/2",Wed Nov 01 06:49:54 +0000 2017,True,False
1851679,1851677,Have my first BA trip this weekend. But now quite disappointed in poor communication from BA around an itinerary change. :(,"Hi Andrew. Is there anything we can help with? If so please DM us your full name, booking reference, email and full postal address. ^Lolly",Wed Oct 18 20:06:35 +0000 2017,True,False
1059635,1059634,"Booked BA006 08/11 specifically to try great new 787 #FirstClass cabin, but booking now shows 777. Typo or plane switch? :(","Hi there, sounds like an aircraft swap. If you DM your booking reference, full name and email we can check for you. ^Anthony",Sat Oct 14 14:40:50 +0000 2017,True,False
2428820,2428823,Are they definitely available though on Hong Kong to Heathrow? Can we not reserve them? Thanks.,"It sounds like you already have one booked but let us take a look. If you could DM your booking reference, full name and 1/2",Sun Oct 29 13:19:22 +0000 2017,True,False
822392,822391,due to leave 3 hours 45 after schedule. Rome to Heathrow. Been terrible experience. How do I persue compensation?,to send our Customer Relations team your claim. ^Julie 2/2,Sun Oct 08 18:45:18 +0000 2017,False,False
1324194,1324195,Many thanks for all your help,"If you need anything else, please let us know, Tony! ^Cec",Mon Oct 30 09:40:53 +0000 2017,False,False
2563730,2563729,I've left a complaint via your website twice now - the first one a month ago. You've managed to email me a survey about your response but not actually respond - pretty poor,"We're sorry you've been waiting so long, James. Can you DM us your ref, email and home address? We'll check the status of your complaint. ^Ems",Thu Nov 16 17:12:43 +0000 2017,True,False
391317,391316,"Hi, needing to hand boarding passes in to get reimbursement but can't access anymore as flights have passed. Please advise","Hi there, Leo. Hopefully this link helps, ^SR",Mon Oct 09 14:19:48 +0000 2017,False,False
1478666,1478667,unimpressed. Flew into LHR by #ClubWorld &amp; had trouble getting into lounge 4 nxt flight. Not happened be4 &amp; record on comp?,"Hi Elaine, we're very sorry to hear this. Please can you DM us your booking reference, email address and date of travel? We can then 1/2",Sat Oct 21 06:07:00 +0000 2017,True,False
1986292,1986289,As a bronze exec club member I should be able to select my seat 7 days before travel but it’s still trying to charge me,"Hi Tony, could you DM us your booking ref, the seat you are trying to change to, Exec Club number, full name and contact number. ^Sophie",Thu Nov 02 05:44:28 +0000 2017,True,False
2486728,2486727,"hi, i am having trouble Logging into ""Manage my Bookings"". It keeps saying i m not putting the correct reference number . can you please help.","We're sorry you're having issues. Please DM us your booking reference, full name, address, email and mobile number. We'd like to give you a call today so let us know when it would be convenient? ^Julie",Wed Nov 15 15:16:17 +0000 2017,True,False
2447221,2447220,Home time again - home to 🛫,"Hi Fiona, we hope you had a great flight. ^David",Tue Nov 14 21:14:45 +0000 2017,False,False
788765,788763,The safety video is amazing! I legit lolD,We're pleased to hear you like our new safety video! ^JR,Thu Oct 12 09:29:35 +0000 2017,False,False
380856,380855,#t5 Off to #Ischia with ! LHR-&gt;FCO #walton,"We hope you have a great flight, Tetsuumi! ^DS",Mon Oct 09 08:23:28 +0000 2017,False,False
1920916,1920915,Don't want to go home help me out,"Hi there, how can we help you? ^Linda",Wed Oct 18 11:36:31 +0000 2017,False,False
1933720,1933719,disappointed my flight from NCL to LHR was delayed by today (BA1327) meaning I have missed my connection to San Francisco,Feel free to DM us if we can assist you with anything else. 2/2 ^DaniH,Wed Oct 18 13:39:28 +0000 2017,True,False
2038739,2038738,"unresponsive customer service support, you are becoming the new Ryanair. Disgraceful","We're concerned to hear that, Laura. Is there anything we can do to help? We're following you if you'd like to DM us your details. ^Linda",Thu Oct 05 00:51:55 +0000 2017,True,False
1986549,1986548,hi I’m flying international with you in January. I need to request a bulk head seat due to disability. I also need (1/2),"Hi Michelle, so we can assist you, could you DM us your full name, booking reference number and contact number? Thanks. ^Sophie",Thu Nov 02 07:33:52 +0000 2017,True,False
493816,493815,"Hi, I just saw I was charged twice on PayPal for my flight. Where can I report this?","We're sorry about this, Dunja. We'll be able to look into this for you. Can you DM us your booking reference, full name, full address and phone number? ^DaniH",Fri Dec 01 11:28:41 +0000 2017,True,False
58310,58309,Still waiting for a response from your contact centre after sending in a contact form/email on Sunday.,touch as soon as possible. Many thanks. ^Lisa 2/2,Wed Nov 01 16:37:55 +0000 2017,False,False
2854094,2854095,Thanks. Finally have processed the refund despite telling me that you would need to do this.,"We're glad to hear they've processed your refund, Douglas. ^Steph",Tue Nov 28 08:46:39 +0000 2017,False,False
2551513,2551515,Hi - is there a reason why if I want to upgrade through mmb it costs £4500 but I could buy the same seat for £2200?,"Hi Lozza. We can check the details for you. Please DM your booking reference, your full name, 1/3",Mon Oct 30 10:42:29 +0000 2017,True,False
913065,913067,"Hi Sarah! Yes, it is!",I'm sorry for any disappointment. 2/2 ^Ashleigh,Wed Oct 25 00:44:49 +0000 2017,False,False
979327,979328,Hello . It's me. There's been adele-ay #callme,"Hi Imogen, we'll do all we can to help. Please DM your full name, booking reference, email address, postal address, and the details",Wed Oct 11 18:21:52 +0000 2017,True,False
832800,832802,We fly back Monday but will be making the most of our time and will be back for longer after New Year x Thank you,Hi Kaz. We hope you all have an amazing trip! ^Liz,Fri Oct 13 07:48:48 +0000 2017,False,False
2022257,2022256,I am concerned about the lack of time between transfering flights on my booking coming up soon (1/2),"Hi Lee, we can take a look for you but any changes will depend on your ticket rules. Please DM your booking reference, email &amp; contact. ^AC",Sun Nov 05 18:16:13 +0000 2017,True,False
980868,980867,is there a problem with the app? I can’t add a booking. I have refreshed several times. How long will it take to fix?,"Hi Samantha, have you tried deleting and reinstalling the app? ^Sophie",Sat Oct 21 17:25:42 +0000 2017,False,False
738141,738140,Boeing 747 takeoff moments ago from Heathrow (Thanks for live stream) #avgeek #london #photography,"Great photo, Hassan! Thanks for sharing it with us. ^JR",Wed Oct 11 09:44:42 +0000 2017,False,False
2797086,2797087,Charged my AMEX Card said my flights did not go through - have no confirmation # but AMEX is charged - phone numbers for help not answering what do I do? HELP!,"Hi, is the transaction on your Amex showing as confirmed or pending? If it's pending, it will time out and drop off, as we haven't taken the funds. If it's confirmed, please DM your name, flight details (date/route/number), email, contact number and full address 1/2",Sun Nov 26 19:30:37 +0000 2017,True,False
2075502,2075501,A 777-36NER leaving . (Photo by Andrew Hunt) #aviation #avgeek,Excellent pic! Thanks for sharing. ^Monica,Tue Oct 10 05:35:58 +0000 2017,False,False
2239190,2239191,"Hi, I’m flying back to London on Monday from Las Vegas how can I see about upgrading from economy while in Vegas Thanks","We can look at that for you, Dylan. Please DM us with your booking reference, email and home address. If your booking is a British 1/2",Fri Nov 10 12:05:15 +0000 2017,True,False
1520552,1520550,Time to get to Amsterdam with for the event! #philipstv #LooksBetter,We hope you've had a lovely journey with us today! ^Kimbers,Fri Nov 03 12:10:14 +0000 2017,False,False
1129529,1129528,You certainly do :-),"We hope you had a great flight, ^T",Mon Oct 23 23:24:10 +0000 2017,False,False
2600755,2600757,"It’s a British Airways flight from LAX-&gt;LHR. Only the beginning hop to LAX is AA. All under a BA ticket, purchased through BA. I can’t seem to check in with BA or reserve my PE seat :-(","Hi James, if you can DM us your full name, booking reference, email address and home address we can look into this for you. ^Cody",Fri Nov 17 07:56:47 +0000 2017,True,False
2576255,2576256,I’d like to DM you with an issue I’m experiencing with my booking please?,"Hi Josh. We're now following you please feel free to DM us. Please DM us with your booking ref, full name, email and address. 1/2",Mon Oct 30 15:22:59 +0000 2017,True,False
1977366,1977365,do my bags automatically get transferred on a connecting flight when both flights are BA?,"If they're both on the same booking yes, Katie. ^Alex C",Wed Oct 18 16:38:48 +0000 2017,False,False
1946834,1946833,Why has our booking been locked out and we can't check in online when confirming our passport numbers correctly?,"Hi, Rebekah, this usually happens when the surname is spelled different or incorrect. Please DM your booking ref, full name and email. ^Cec",Mon Oct 30 03:13:29 +0000 2017,True,False
1003066,1003067,"Could you inform me how to send you a private message, it doesn’t seem to be possible? Thank you!","Whoops sorry, our fault! We're following you now, Kimberley. Feel free to DM us anytime. Many thanks. ^Lisa",Fri Nov 03 17:54:31 +0000 2017,True,False
2966764,2966762,"Minor name change on a domestic flight (replacing I and EA), does this need corrected and can this be done at airport?","Hi Andrew, yes this would need to be changed as soon as possible. Please DM us your booking reference, email address and a telephone number and we'll give you a call. Would it be ok to call this evening or is it too late? ^Rach",Wed Nov 29 23:03:52 +0000 2017,True,False
839540,839541,Have contacted Security at Heathrow T5 also BA via Twitter regarding their assistance in matter. not interested,Let us know if you need any other help. 2/2 ^Liz,Fri Oct 13 07:45:22 +0000 2017,False,False
2688996,2688998,This was not meant to be feedback. You should be acting and making this right. Would be a shame for you to ruin our otherwise perfect honeymoon. Action please!,"Hi Aimee, if you can DM us your full name, booking reference, email address and home address we can look into this for you. ^Cody",Sun Nov 19 15:15:57 +0000 2017,True,False
2053041,2053039,"Bought them flight tickets, here I come London! Next week .",Wow how fantastic! Is this your 1st visit to London? ^Lisa,Wed Oct 18 19:28:11 +0000 2017,False,False
27525,27523,One hour in a queue to drop off a luggage in JFK Wow service #chaos,"Oh the staff explain why there was a queue, Luis? ^Alex",Wed Nov 01 00:37:15 +0000 2017,False,False
291511,291512,"Called, but passport info isn't on their system so I can't be helped. Dunno how to add it. Why must I resort to Twitter? 😭","Sorry you've been unable to select your seat, Murtagh. Please DM us your details, we'll then certainly help if we can. We'll need your 1/2",Fri Oct 06 11:32:04 +0000 2017,True,False
853292,853295,Shambles of a company. Cancel my flight without any notice then make no attempt to compensate me. 👊💩,"I'm sorry to hear your flight was cancelled. Can you DM us the booking ref, email address and telephone number so that we can look 1/2",Sat Oct 21 15:45:40 +0000 2017,True,False
308728,308727,ur new award search tool is TERRIBLE. It mixes up the date format between American and European and changes dates randomly,our Web Support team. 2/2 ^JR,Fri Oct 06 20:11:06 +0000 2017,False,False
532322,532321,"hi. I’m trying to change my booking on the website, iPad and app but it won’t let me! Help?!?","Hi Emily, sorry about the late response. Please DM us with your booking reference, email and home address. Let us know the details of the change and we'll look into it for you. ^Paul",Fri Dec 01 22:13:15 +0000 2017,True,False
1650859,1650861,I am disappointed because milan airport told me it is BA responsibility and BA totally push away ur responsibility,I understand your frustration and I’m sorry you remain disappointed. ^Davina,Sun Oct 29 00:33:24 +0000 2017,False,False
2035872,2035871,I keep trying to add my booking on the app but getting this back?,"Hi Andrew, could you DM your Executive Club number, address and email with the booking reference you're adding? We'll link them. ^Kimbers",Tue Nov 07 18:23:37 +0000 2017,True,False
744400,744399,Just tried booking flights back to LHR for Xmas but got the following error what do I do as they're $5000 flights,"Hi Simon, if you DM all your flight details and passenger details we can check if your booking has been confirmed. ^Anthony",Wed Oct 11 13:10:33 +0000 2017,True,False
2245564,2245565,husband and I (exec club 20+years) downgraded on #flight. After 2.5 months still don’t have compensation50 emails 20 Calls,"This is disappointing to hear. Can you please DM us your case reference number, full name, email address and contact number. 1/2",Fri Nov 10 19:49:06 +0000 2017,True,False
1376237,1376239,Thanks. It was certainly breathtaking,"Yes, fabulous Christian. Thanks for sharing this with us.^Jo",Sat Oct 28 12:02:07 +0000 2017,False,False
1879087,1879088,Hi - what's the best way to make a complaint about some appalling customer service please?,"Hi Lucie, we can set up a Customer Relations case reference for you once we know more about your complaint. Please DM your full",Fri Oct 20 20:39:52 +0000 2017,True,False
998666,998665,Can you give me a number to call for somebody who is aware of and ready to deal with the issue?,under “Enquire about changes to an existing booking”. ^Monica 2/2,Sat Oct 14 07:10:44 +0000 2017,False,False
1315906,1315905,"Thanks for the ride home from NBO BA64. Fab service by a great crew flying the flag. Please say ""thanks"" from Nichol family","You're very welcome, John. Thanks for the great pics! ^Linda",Fri Oct 27 07:26:34 +0000 2017,False,False
1735459,1735458,Why is it an airlines luggage allowance ends up being a target? Challenge accepted...,hints and tips for the rest of us! ^Steph 2/2,Tue Nov 07 12:29:19 +0000 2017,False,False
1794557,1794555,What happens if you miss a British Airways flight?,"It depends on the circumstances, Jack. Care to elaborate? ^Lolly",Tue Oct 17 17:45:08 +0000 2017,False,False
740514,740515,"It's still only 18 countries, but will be my 41st and 42nd flights of the year (13th and 14th with British Airways)","Very impressive, Sean. Keep us posted. ^Gill",Wed Oct 25 08:01:49 +0000 2017,False,False
744407,744409,I emailed you weeks ago with a complaint about a flight and have been ignored this is so poor for such an expensive flight,"Hi Adelle, sorry to hear your still waiting for a response from our Customer Relations team. Please DM us your CR case reference, full 1/2",Wed Oct 11 14:27:14 +0000 2017,True,False
243115,243117,Specifically your prices are too high trying to figure out why it's that expensive to be fair Dalaman from LGW - 14/10 :-/ bit confused,something suitable. Many thanks. ^Lisa 2/2,Wed Oct 04 16:54:29 +0000 2017,False,False
2474608,2474610,Thank you for your reply Karen. Have a great day ❤️,"You're welcome, Alison. Have a great day, too. ^Lindy",Wed Nov 15 13:09:26 +0000 2017,False,False
1679461,1679459,: 1. I am so unhappy and disappointed with your service! We went to Disney Aug 2016 with 2 kids. You lost our buggy and...,"Please DM your booking ref, full name, email and home add, so we can follow this up. ^Lindy 2/2",Mon Nov 06 13:11:54 +0000 2017,True,False
697358,697356,can you help with change inquiries while traveling? #Travel,"If you've booked directly with us, Tim. We'll certainly do our best to help. Please DM us your full name, booking reference, email address, contact number and what changes you need to make. ^Linda",Sat Nov 25 07:22:21 +0000 2017,True,False
1886238,1886239,hi I'm traveling from Gatwick to Glasgow on the 28th I was wondering how much it would be to check luggage?,"If you need any help we'll need your full name, email and home address, as well as your booking reference, on DM, so we can check it.2/2^LW",Mon Oct 23 00:03:23 +0000 2017,True,False
74302,74301,Thanks! after how long?,"Hi Colin, it is within ten days after travel. ^Kieran",Wed Nov 22 12:45:36 +0000 2017,False,False
78366,78364,"Hi, fraid I still haven't heard back from them...please could someone call me","Hi Davina. I'm sorry to hear your still waiting to hear about your refund. So we can look into this and check for an update, please can you follow us and DM your full name, email address, booking reference and Customer Relations reference number too? ^Kev",Thu Nov 30 11:02:55 +0000 2017,True,False
2006940,2006939,"hello, i neddo your help to make the check inn for my flight tomorrow please","Hi Felipe. Sorry we couldn't respond sooner. What trouble are you having? Please DM us your booking reference, email address and contact 1/2",Fri Nov 03 22:07:59 +0000 2017,True,False
1017388,1017387,wouldn't let me use points to upgrade at Dublin to Toronto. Looks like I'll have to keep them all for 😔,"You’ll earn Avios, though. ^Monica 2/2",Sat Oct 14 08:21:07 +0000 2017,False,False
2981702,2981701,I made several requests for comp. due to a delayed flight but all ignored - CEDR is next step unless u can help?,"We can look into this for you, Oliver. Follow and DM us your case reference, email and contact number. ^Helen",Tue Oct 31 14:21:14 +0000 2017,True,False
2347264,2347266,Informed them on the flight and then had to chase them to only be told there was no solution! I’ll DM the details requested now.,"We look forward to hearing from you soon, Rebecca. ^Jane",Tue Nov 14 05:58:11 +0000 2017,False,False
1334728,1334727,robbing people on long haul by charging for hold luggage.,and contact number. 2/2 ^Linda,Fri Oct 27 06:46:58 +0000 2017,False,False
2417044,2417045,"Hi, I'm interested in changing my flight. How can I do that?","Hi Keanu. You can change your flight through Manage My Booking on Or if you DM us your full name, 1/2",Sat Oct 28 23:41:35 +0000 2017,True,False
1652616,1652615,refusing to refund money for changing dates online within 5 mins of initial booking even thou they confirmed refund,"Can you please DM us your booking reference, email address and home address? ^Kieran 2/2",Sun Nov 05 18:51:13 +0000 2017,True,False
2849678,2849680,"Yes, I did. Looking forward to hearing from them!",When did you submit the claim? ^Stephen,Mon Nov 27 19:27:13 +0000 2017,False,False
2845932,2845931,my first flight with you already ends up being a catastrophe. Even though I never even got to fly (you were over 4 hours late). What can I do?,"We're really sorry about this. Did you abandon your journey? We can certainly look into this. Can you DM us your booking reference, full name, full address and phone number? ^DaniH",Mon Nov 27 17:02:53 +0000 2017,True,False
365750,365751,I was trying to change my flight date but I cant because of sellinghelper system error. Can you fix it please,"Hi Samanta, we can certainly help you change your flight. Please DM your full name, booking reference, email address, postal address, and",Sun Oct 08 19:06:02 +0000 2017,True,False
1039739,1039738,1/3 how do I claim back costs for a missed connection? I cannot take the one you are giving as an alternative. LHR staff,"Hi Holly. I'm sorry to hear the issues you've had today. So we can take a look at this for you, please can you follow us and DM your 1/2",Fri Nov 03 10:15:13 +0000 2017,True,False
32092,32094,Yes your staff said it was part of the hand baggage allowance. We are permitted two bags plus duty free.,Has your duty free been taken from you? ^Jane,Wed Nov 01 13:16:30 +0000 2017,False,False
1793033,1793032,hey-I booked an Iberia ticket for LHR to LPA. No tier points/avios awarded. Can't claim as boarding pass shows BA flight no,"James please DM us your Exec number, booking reference, email and postal addresses, telephone number and date of birth. ^Jools",Wed Oct 11 21:52:04 +0000 2017,True,False
1684728,1684730,I was 1 of the many passengers stranded at Madeira airport due to fly home on the 2/10. Unfortunately no BA staff are based in the airport so we were handed a letter at the boarding gate which basically said fend for your self. I didnt manage to leave the country till 5/10.,your flight details. You can also send your receipts to us by direct message for any expenses you incurred during the delay. 2/2 ^Natalie,Wed Nov 08 14:22:04 +0000 2017,True,False
1316590,1711729,Hi there no link?,"Sorry about that, Lynsey. Here's the link ^JR",Tue Oct 17 16:35:26 +0000 2017,False,False
438967,438966,"to confirm, does the euro traveller fare include 1 x hold baggage &amp; 1 x hand luggage? Website did not seem very clear",It does Martin. Have a great flight. ^Gill,Wed Oct 11 07:27:33 +0000 2017,False,False
2724371,2724375,But if that’s done then the bags presumably can’t get to INV without them?,"We’re sorry for the inconvenience Ross, if you DM us your booking reference, email address and home address we can look into this for you? ^Kieran",Mon Nov 20 12:18:05 +0000 2017,True,False
2469873,2469870,"Hi BA, I called your CS team over the w/end. They're chasing down a change of booking fee, to send me a manual invoice for the charge, as it was not included on my email. Can you pls email me",request it online on the following link ^Monica 2/2,Wed Nov 15 08:36:56 +0000 2017,False,False
2582874,2582873,"Hi, i've a problem booking seat reservation for my flight. can u help? thx in advance!","Could you DM us a bit more info please? We'll then certainly help if we can. Please include your seating preference, booking ref, full name, email and contact number. Many thanks. ^Lisa",Thu Nov 16 19:04:37 +0000 2017,True,False
290110,290111,Fortunately they did manage to get me on the flight - just a minor Panic!,2/2 service more than made up for this. ^Linds,Mon Oct 16 13:49:19 +0000 2017,False,False
1879188,1879189,hi I need assistance with a problem,"Hi Felipe, we'll certainly do all we can to help and we're following you now so you can DM. Please confirm your full name, booking",Fri Oct 20 21:56:40 +0000 2017,True,False
1770996,1770994,Can u tell me when transatlantic flights will b released pleased for oct Nov 2018 from the UK,Hi Robert. Availability is released 355 days in advance. ^N,Fri Oct 27 10:42:59 +0000 2017,False,False
1984779,1984778,"first, great flight last week! We're looking to change our first class seats from LHR to BOS 10/21 to an earlier flt.","Hi Ilevin, if you're looking to change your flight please DM us your booking reference, full name and email address. ^Alex C",Wed Oct 18 17:37:32 +0000 2017,True,False
2270492,2270490,what terminal do you depart from at MIAMI? This information is not even on your flight status page,"Hi James, we departed from Miami International airport, Concourse E. ^Linda",Sun Nov 26 14:03:36 +0000 2017,False,False
232271,232273,"Linda, I think you don't have a clue like the rest of your staff - I don't be have a case ref because you refuse to respond to me!!!","Hi Richard, we'll be able to find your case ref. Please DM us your email and postal address along with your contact number. ^Linda",Thu Oct 05 11:27:46 +0000 2017,True,False
641146,641145,why was the 17.30 edi to lhr cancled??,"Hi Phil, I'm afraid this flight was cancelled due to weather. Do you need to be rebooked with us? If so, please send us a DM with full details.^Jo",Wed Nov 22 16:52:14 +0000 2017,True,False
2778431,2778430,. Just looked at same holiday on website. Two diff browsers = two diff prices £144 difference !! #CookieEffect,"Hi Gordon, can you tell us more? Feel free to send a DM with the details. ^Teresa",Tue Nov 21 15:29:37 +0000 2017,True,False
1955150,1955149,"Hi,having issues getting access to manage my booking. I'm Bronze member and I want to choose sit for my Saturday's flight","Sorry about this, Javier. We'll be happy to help you. Can you DM us your booking reference, full address and phone number? ^DaniH",Mon Oct 30 14:05:10 +0000 2017,True,False
1323165,1323163,Your team india is misserably failed to refund due as per govt order.... feel embrassed,"Hi Nipun, can you tell us what's happened? We're following you if you prefer to DM us your details. ^Linda",Fri Oct 27 04:12:27 +0000 2017,True,False
2599034,2599033,how do I send you a PM please. I need an issue resolved that I have tried to severally with your customer service but right now it's pretty hopeless. I need your attention,"We're following you now, Oluwatobi. Feel free to DM us anytime, we're here 24/7. Please include your booking ref, email and contact number. Many thanks. ^Lisa",Thu Nov 16 23:32:52 +0000 2017,True,False
238268,238267,worst representation of customers service.,"Is there anything we can help with, Gracie? ^Lolly",Tue Oct 03 18:46:52 +0000 2017,False,False
548529,548528,I need help. Flying on Monday and I'm claustrophobic. Paid extra to reserve seats at front of aircraft but you've put us in row 26. Please help.,"Hi Julie, I'm sorry to hear this. Can you please direct message your booking reference number, email address and telephone number and we can take a look into this for you. ^Tom",Sat Dec 02 16:08:51 +0000 2017,True,False
1020051,1020050,"waited ONE WEEK - still no refund still no business booking - disgusted, your system error I’ve still no money to rebook",contact number and authorisation code. 2/2 ^Linda,Sat Oct 14 10:34:04 +0000 2017,False,False
2561740,2561739,"Such fun: sunset from 400+ft up! (@ British Airways i360 - in Brighton, Brighton and Hove)",The best location to contemplate sunset. ^Monica,Thu Nov 16 17:40:05 +0000 2017,False,False
1279284,1279283,trying to select seats for free on bronze fly on Thursday so 7 days do I have to wait until flight time of 2pm to try,"Hi Lee, could you DM us your booking reference, full name and email address. We'll take a look for you. ^Alex C",Thu Oct 26 12:19:27 +0000 2017,True,False
2250659,2250660,"Hi, I would like to ask about luggage information for a flight from Belgium to South Korea. What am I allowed to take? I found the information page and it says from Europe to Japan we are allowed 2 bags each 23kg is it the same for a flight to S. Korea? thank you","Hi Rosy. Apologies for the late reply. If you DM your booking ref, email, home address and telephone number. We'll take a look (1/2)",Fri Nov 10 14:23:03 +0000 2017,True,False
1940961,1940963,After a fault which left us stuck and delayed on the runway at Frankfurt,possible. We'll certainly pass back your comments. ^SR,Sun Oct 29 13:23:20 +0000 2017,False,False
411582,411584,Next flight available in 2days so I need to take days off UNPAID at work.This is so INCONVENIENT!!! U'll take responsability for this?,"Hi Fernando. Sorry to hear that. Please DM your booking reference, full name, address and email, so we can have a look. ^Monica",Tue Oct 10 07:06:28 +0000 2017,True,False
1965612,1965611,is technically unable to change an existing booking since yesterday afternoon. Please rectify asap.,"Hi, Ajay, what error are you receiving? Can we help? If so, please DM your booking ref, full name, email address and contact number. ^Cec",Tue Oct 31 06:10:52 +0000 2017,True,False
1044580,1044581,Hi - just trying to check in for a flight 2morrow &amp; there's a mispelling on my surname...,"Sorry we haven't responded sooner, Kate. If we've caught you in time, please DM your booking ref, full name, email and contact number. 1/2",Sun Oct 22 19:42:59 +0000 2017,True,False
1576598,1576601,"You can’t just upgrade one section. On the way out, you had no seats, but when at the gate and during the flight you had 3 seats free.","We're sorry for the delay in getting back to you. We'd be happy to assist if you could DM us your full name, booking ref, 1/2",Sat Nov 04 19:58:59 +0000 2017,True,False
2143045,2143044,Case#16937252 no response from your customer service since August 29...not good enough guys!,"You're absolutely right, Laura. Please DM your case reference, email and contact number. We'll take a look. ^Kimbers",Wed Nov 08 20:43:59 +0000 2017,True,False
2829669,2829671,Stop routinely bumping me off flights? This trip is paid for by another business but when it’s my budget I might have to stop using you.,"We're disappointed to read your message, Martin. Can you DM us to let us know what happened? We'd like to share your feedback with our Operations team. ^DaniH",Mon Nov 27 12:32:36 +0000 2017,True,False
2842369,2842368,Worst flight experience from flying back from Shanghai at the weekend. No service for 10 hrs of a 13 hr flight. #horrendous,"This is really disappointing to hear, Charlotte. Please can you elaborate further? If you could DM us your flight date and number, we'll be able to feed this back to the relevant teams. ^David",Mon Nov 27 13:50:12 +0000 2017,True,False
1969569,1969568,can you give me a direct contact point for how to change my name after marriage please.,"Hi, Libby, if you DM your account number, your full name as it currently shows, your registered address and date of birth, 1/2",Tue Oct 31 10:39:19 +0000 2017,True,False
363475,363474,Do you interline with ANA in terminal 2,"We're afraid not, Andrew. ^Rach",Sun Oct 08 17:36:06 +0000 2017,False,False
1016595,1016591,"Help! I am in Bolivia, my luggage lost in Sao Paolo. I can't reach cust serv and unable to file missing bag report online.","We're sorry about your bag. If you DM your WorldTracer, full name and contact number we'll take a look. ^Anthony",Thu Oct 12 12:05:10 +0000 2017,True,False
235913,235912,Can I use my Avios to upgrade a CX ticket from premium to biz? The person flying is not me and I am not on the same flight.,"We're afraid not, Marco. You can find further info here: ^Linda",Thu Oct 05 11:36:01 +0000 2017,False,False
817158,817159,"online check is not working on website (UK), it is so annoying. I've my flight BA 257 tomorrow :( I cant check in. Plz Help","Sorry to hear you can't check in online Manas. If you can DM the booking reference, email address, full name and a contact number for 1/2",Thu Oct 12 19:03:47 +0000 2017,True,False
530591,530590,Travelling Madrid to London aboard a lovely shiny Boeing 787 this evening.,"Lovely picture, Andy. We hope you enjoyed the flight! ^Paul",Fri Dec 01 19:41:20 +0000 2017,False,False
1873500,1873499,#BAmagic - #BritishAirways - still waiting for refund b/c of #HurricaneOphelia - why no help? Other airlines did,"Hi Jono. So we can take a look at this for you, please can you follow us and DM the requested information? Please DM your full name, 1/2",Thu Oct 19 22:56:45 +0000 2017,True,False
218778,218777,you call this breakfast? Stale half baked croissant and a dry cereal bar after an 8h flight #breakfast #dissapointed,"Customer Experience team, I'm sure they'll value your insight.^Jo 2/2",Wed Oct 04 18:09:13 +0000 2017,False,False
787258,787257,"im making a claim or our delayed flight, incredibly you do not have Polish Zloty listed as a currency. Please advise.",We'll give you a call. ^Jamie 2/2,Thu Oct 12 08:00:39 +0000 2017,False,False
2758829,2758830,"Hi BA, I’m trying to enter to my booking for checking online and is giving me the same issue as last week. I’m not able to enter in My booking. Any help? Please, I called BA, but this time the agent didn’t help me with this issue.","It sounds like you've been locked out of your booking as a security measure, Rafa. We can't check you in for your flight but we can take a look at your booking to make sure there is no issue with it. Please DM your booking ref, full name, home and email address. ^Steph",Tue Nov 28 05:08:01 +0000 2017,True,False
385992,385993,How can I retrieve a ticket number if it was bought by an agency?Need this to reclaim some Avios please.Inbox me please,"Hi Monica, you could ask your agency for it or DM your booking ref, date of birth, passport number and routing. We'll try and find it 1/2",Mon Oct 09 11:19:15 +0000 2017,True,False
2536524,2536523,Hi I need some help from the Exec Club please but keep being directed to the BA corporate switchboard! Please can someone help with my query!,"Hi Matt. We can contact our Executive team for you. We're now following you. Please send DM with your full name, executive membership number, full postal address, email and contact telephone number. Also advised how we can help. Thanks. ^Oliver",Thu Nov 16 17:21:35 +0000 2017,True,False
48700,48698,via #guitarist #classicalguitar #travel #guitar #handluggage,We're sorry to disappoint you. ^Jane 2/2,Wed Nov 01 13:54:13 +0000 2017,False,False
2568689,2568688,". has had its share of bad news recently. Stop-over DUS-SIN via LHR, however, was superb with customarily charming staff.","That's great to hear, Jakob! Thanks for your kind comments. ^Beth",Mon Oct 30 11:59:48 +0000 2017,False,False
544165,544164,can I get a quote for upgrading my seats please what info do you need,"Hi, Michael. We'll be happy to help you with your booking. Can you DM us your booking reference, full address and phone number? ^DaniH",Sat Dec 02 13:33:11 +0000 2017,True,False
426474,426473,Hey you have the worst airport and easily the worst staff. Your supervisors don't understand logic.,"This is concerning to hear, Seb. If you could DM us a bit more information, we'll certainly feed this back. ^DS",Tue Oct 10 12:17:22 +0000 2017,True,False
431768,431770,Apologies don’t resolve the disparity of information. Is BA2794 at VLC now &amp; will that aircraft serve as BA2795 for LGW return? Thanks!,"It likely would be, yes. ^SR",Tue Oct 10 15:28:36 +0000 2017,False,False
1171722,1171723,My 7mth old daughter was injured on BA103 on Oct19. I've yet to hear from anyone regarding this. #BritishAirways #heathrow,"This is concerning to hear, Alan. Could you drop us a DM including your full name, email and the booking reference of the flight this...1/2",Tue Oct 24 15:11:57 +0000 2017,True,False
445167,445166,That’s the best I could get on my iPhone! 😂😂👍🏻,Not bad! We hope to see you on board soon. ^Cec,Wed Nov 22 02:26:07 +0000 2017,False,False
538942,538941,I see you #Taar at . #T3 for us today in the 289. Off we go!!!,"We hope you enjoy your flight, Scott. ^Pip",Sat Dec 02 14:08:21 +0000 2017,False,False
124595,124593,Shocking example tonight of chaotic response to BA503 Lisbon-HRW breaking down.,your flight will be updated. ^Natalie 2/2,Fri Nov 24 00:43:12 +0000 2017,False,False
729632,729633,Manged to finally get in- thanks for getting back to me though!,No problem. We're just pleased you're sorted. Enjoy the flight. ^Gill,Wed Oct 11 09:33:22 +0000 2017,False,False
227277,227279,will other flights to Amsterdam still go going ahead tomorrow? There are two cancelled in the middle of the day,status of your flight. 3/3 ^Cody,Wed Oct 04 20:06:54 +0000 2017,False,False
1749909,1749913,^Kimbers send me your email address so I can send my details ...,"Hi Craig, please send this information in a direct message. ^Charlotte",Wed Nov 08 11:35:03 +0000 2017,True,False
1279288,1279286,So fed up to get to airport and discover that has overbooked my flight and may not be able to get on it 😫😫😫😫,wait too long. 2/2 ^JR,Thu Oct 26 16:20:00 +0000 2017,False,False
2132715,2132714,"Hi I am unable to add an extra bag to my booking, the site and app keep directing me back and forth between bag info page and manage booking page with no option to actually add a bag, what would be the reasons the site won’t let me add an addl bag? pls help (:","Lets find out, Lisi! Please DM your full name, booking reference, email and contact number. We'll give you a call to add it when we can. ^K",Wed Nov 08 16:36:45 +0000 2017,True,False
1050124,1050125,Yes. Clean your planes. This is CLUB WORLD. Disgusting!!,Hi Nic. I’m sorry your seat wasn’t as clean as it should be. Can you DM us your flight details so we can feedback your comments? ^Davina,Sat Oct 28 21:06:33 +0000 2017,True,False
2651547,2651548,Both flights are on same paper (bought through travel agency) with same GDS PNR code; does that class them as being on the same ticket?,"Hi, Rhianan. Send us the PNR via DM and we'll double check your booking for you. Many thanks. ^Lisa",Sun Nov 19 00:29:12 +0000 2017,True,False
433352,433350,"would really appreciate some response from your team, ive had a case open with yourselves for too long now with no update??","Hi Kate, we're sorry about this. Could you please DM us your full name, case reference and email address. Thanks. ^Alex C",Tue Oct 10 13:42:38 +0000 2017,True,False
1126950,1126949,Inguess your customer service is considered good because it’s so rare? Available 1-5p GMT only?,"Hi Rod, is there anything we can help you with? ^Linda",Sat Oct 14 09:30:18 +0000 2017,False,False
8708,8709,Can you possibly follow me back so I can send you a DM?,"We're now following you back Sean. We apologise for the delay in responding. Please send DM including your full name, booking reference, 1/2",Tue Oct 31 13:11:19 +0000 2017,True,False
2664501,2664499,Bucket list airlines I’d love to fly: and ✈️,"Do you have any plans to fly with us, Clara? ^Davina",Tue Oct 31 00:36:01 +0000 2017,False,False
2868646,2868645,"appalling service, been trying to log in and book a flight with my executive number and system won’t let me!still waiting for a reply re a bru flight on a strike day, cancel my tweet again. I know you will","Thanks for getting in touch, Sabrina. Can you DM more details so we can understand what's happened? ^Stephen",Mon Nov 27 21:27:18 +0000 2017,True,False
504038,504037,we need to talk about the cleanliness of your planes. This is getting ridiculous.,"Sorry to here this Abdul, we're following you now if you want to DM us the details. ^Kit",Fri Dec 01 12:07:48 +0000 2017,True,False
653923,653921,"hi, I’m having the most difficult time getting anyone to assign me seats and I’m AT THE AIRPORT. help?","Hi there, sorry to hear you're having problems at the airport. Please DM us your booking reference, full name, address and telephone number. We'll then contact you.^Jo",Wed Nov 22 20:14:53 +0000 2017,True,False
2613015,2613017,Can’t wait! Going to see our son .. its been a while!!! #Emotional 😪 lol ..,"How exciting, Debby! We hope you have a fantastic flight. ^Charlotte",Fri Nov 17 13:01:43 +0000 2017,False,False
27532,27533,I’ve done all that Jane but what can you do. It doesn’t help that I was with unhappy Chelsea fans which I’d have missed in my orig seat!!,feel that letting us know helps. 2/2 ^Kimbers,Thu Nov 02 20:52:51 +0000 2017,False,False
1312680,1312679,"Come on , it's just not good enough, get those tails in a line please! ;-)","Hi Michael, there's always one! ^Danny",Thu Oct 26 20:29:57 +0000 2017,False,False
515074,515073,Excited. Next stop London. Flying on A380 back from Miami.,"I hope you have a great flight, Jon! ^Beth S.",Sat Dec 02 00:24:55 +0000 2017,False,False
1321374,1321375,As I have mentioned before.....this link does not recognize the 10digit REF number I was given. So....I cannot access it to update address.,you’ve been given. We can take a look. ^Davina 2/2,Sat Oct 28 19:49:17 +0000 2017,False,False
2233919,2233918,Yes it is....I love specially that pink Jaguar featured on the last photo...!!! 😍 apart from the aircraft of course..😁,We agree it is pretty cool! Thanks for sharing! ^David,Fri Nov 10 15:44:43 +0000 2017,False,False
1238814,1238815,my BA2134 to Heathrow is cancelled but I cant get through to anyone to reschedule a flight. Who can I call?,"Hi Emma, if you DM your booking ref, email and contact number, we'll be happy to try and help. If you didn't book through BA, we'll also 1/2",Sun Oct 15 21:38:57 +0000 2017,True,False
2568661,2570525,Thanks. Can you follow so I can DM?,"Apologies, Siobhán! We're following you now! ^Gareth",Mon Oct 30 16:22:04 +0000 2017,False,False
848834,848835,displayed wrong information on board resulted in a 1 hour flight home turned into a 10 hour bus jounery - no compensation!.,Hi Natalie. I'm sorry to hear this. Could you please DM us some more information about what happened? Please also include your full 1/2,Fri Oct 20 11:41:33 +0000 2017,True,False
2404719,2404718,Guess what response oh dear I will send the problem on then nothing,"Hi Ron. If you DM us your booking reference, email and home address, we can look into it fully for you. We'd also need your full name, and a contact number would be helpful. ^Paul",Tue Nov 14 10:50:36 +0000 2017,True,False
1111933,1111932,Brilliant new safety video! 👍🏼,"Glad you like the new safety video, Umair! ^Davina",Sun Oct 15 07:17:36 +0000 2017,False,False
2754524,2754523,"I won a pair of i360 tickets in london bridge station, i still have the card but i forgot to redeem, just found the card. how can i redeem still?",Hi Michael. Please visit for more information. ^N,Mon Nov 20 15:22:46 +0000 2017,False,False
1811415,1811414,The saga continues and confidence in BA's customer service is ebbing away. Expected much better. Need to escalate soon.,"Hi Kevin, sorry to hear you're unhappy with our Customer Service. Can we help you any further? If so, please DM us full details.^Jo",Sat Oct 14 16:05:49 +0000 2017,True,False
975955,975954,Hey guess what been on flight for 6 hours and again get s breakfast bar for a snack! It's 4pm in the afternoon to us. Appalling 😬,2/2 back to our Customer Experience team. ^Linds,Sat Oct 21 16:17:13 +0000 2017,False,False
2022187,2022186,Regarding executive club membership and using points to purchase flights,"Sorry about that, Katherine. We're following you if you'd like to DM your questions along with your Executive Club number, email &amp; contact?",Sun Nov 05 17:19:50 +0000 2017,True,False
1895199,1895198,"hi ~~i wanna check my booking on the web, but i forget the booking reference, how can i do?","We can check that for you. Please DM us your full name, email and home address. We'll also need your flight details and telephone number.^LW",Tue Oct 24 01:57:36 +0000 2017,True,False
280038,280037,where can I file a live complaint about your service at Heathrow Airport?,"Alternatively, you can provide more details to us via DM and we can look into your complaint. ^DR 2/2",Fri Oct 06 07:55:24 +0000 2017,True,False
1861367,1861368,"hello, is rerouting of ticket allowed?","through us DM the reference, full name, address and telephone nunder. ^Julie 2/2",Thu Oct 19 12:13:55 +0000 2017,True,False
182214,182215,hi. Im trying to fill out API details but child passport number is apparently incorrect. Phone line of no use. Help please,"If you DM us your booking ref, full name, email and address we should be able to call you and do this for you. Please also include 1/2",Wed Oct 04 12:17:42 +0000 2017,True,False
1602230,1602228,It's not been found in lost property and hasn't been used or sync'd. I think it's gone inside my seat. Was sat in upper.,"Hi Lu. Please could you DM us your full name, booking ref, email, contact number and seat number? ^David",Sat Nov 04 19:40:22 +0000 2017,True,False
361315,361314,I logged an IT issue with your support under case 16891780 and am still waiting a resolution.,they review your case. 2/2 ^Lynn,Sat Sep 16 07:13:27 +0000 2017,False,False
612419,612420,"hey 2 was ago I upgraded my outbound sector with Avios and was told it wasn’t possible to upgrade inbound as no availability at the moment, how can can I check if this has changed without phoning? thanks","Hi, we can certainly look into this for you , and we're sorry for the delay in our reply. Please confirm in a DM your full name, booking reference, email address, postal address, and",Wed Nov 22 09:36:22 +0000 2017,True,False
1745192,1745193,I can’t choose my seat because my flight keeps redirecting me to Finnair since it’s my first flight. How can I change?,"Hi Karoline. Has the check-in opened yet? If so, you’ll need to request your seats at the airport. Otherwise, please DM 1/2",Tue Nov 07 13:33:43 +0000 2017,True,False
1664564,1664563,please follow so i can dm a question about a booking,"can you DM your booking ref, full name, email address and your query? ^Sarah 2/2",Mon Nov 06 00:02:39 +0000 2017,True,False
239166,239169,"Still waiting for this to be resolved by the way, three months later nearly","Customer Relations reference? If so, please DM this, as well as your full name, home and email address. We'll check for any updates. ^SH 2/2",Wed Oct 04 15:27:06 +0000 2017,True,False
2190059,2190058,I’m still waiting for my missold seat refund.,"We're sorry to hear this, Kaz. Please can you DM us your booking reference, full name and email address? We can then look into this for you.",Thu Nov 09 17:52:55 +0000 2017,True,False
2677194,2677192,"Hi,, for the past few days I'm trying to call the gold executive club phone number but it says ""due to heavy calls please call us again later""","We're sorry for the inconvenience caused, Ahmad. Is there anything we can help you with? We're following you if you prefer to DM us your details. ^Linda",Sun Nov 19 11:40:46 +0000 2017,True,False
321865,321867,Can you tell me what my BA luggage allowance is considering I am a oneworld QantasClub member? Thank you,"Let us check your booking for you, Catherine. Could you DM us your booking ref, email and contact number please? Many thanks. ^Lisa",Sat Oct 07 15:09:17 +0000 2017,True,False
1958299,1958297,Thank you!! I've requested a vegan vegetarian but there is nowhere I can specified only vegan as it says if I don't I will get ovo meal...,"Hi Cindy, if you can DM us your booking reference, email address, full name and a contact number, we can look at this for you. ^Kit",Mon Oct 30 17:46:43 +0000 2017,True,False
3006,2672101,Waiting for her landing slot at Heathrow I guess,"While she's waiting, it's a great view! ^Linda",Tue Oct 31 07:38:20 +0000 2017,False,False
1933401,1933403,Ah thanks for confirming. Up and at em 😴,"No problem, Mike. Thanks for getting in touch. ^Chris",Sun Oct 29 03:25:56 +0000 2017,False,False
448562,448560,"left without a bag in Vegas. your customer care and ""agents"" are beyond useless. the us phone number won't take calls either. never again BA. #ryanairindisguise","I'm so sorry to hear that. Have you been given a World Tracer reference to track your bag? We're following you now, so if you DM your World Tracer, full name and address, we'll be able to discuss this in more depth. ^Kimbers",Thu Nov 30 18:33:06 +0000 2017,True,False
189550,189549,Happy place - window seat - a photo series! Where is your happy place? ✈️,"We love your photo series, Irfan. Thanks for sharing. ^Steph",Wed Oct 04 01:10:15 +0000 2017,False,False
2546792,2546791,Fun fact: does not respond to customer service requests sent via email. #fact #travel #flights #customerservice #fail,"Hi there, we're sorry you've still not had a response. Please feel free to DM us your Customer Relations case reference, full name, email address and postal address. We'll certainly check why it's taken so long. ^Jamie",Thu Nov 16 12:59:19 +0000 2017,True,False
1548495,1548494,"Hello, how's tomorrow's flight BA1483 from Glasgow to London looking with Ophelia looming?",2/2 departure. ^Linds,Mon Oct 16 15:16:48 +0000 2017,False,False
8714,8713,can you follow me back so I can private message you,"Hi Teresa, we're now following you so please feel free to send us a DM now.^Jo",Tue Oct 31 20:23:37 +0000 2017,True,False
702181,702180,"Had one of your attendants tell me ""stop talking and listen"" followed up with ""no one at BA will be able to understand you""","We're concerned to hear that, Mike. Did you get the staff members name? If so, please DM the details to us including where they were stationed and which role were they doing at the time. We'll report it to the staff member's line manager to ensure it doesn't happen again. ^Julie",Thu Nov 23 15:21:06 +0000 2017,True,False
1661180,1661178,feeling my photography 💭📸,"Thanks for sharing, LP. That's a great shot! ^Alex",Sun Nov 05 21:53:35 +0000 2017,False,False
1045671,1045670,can’t sit next to my wife and 9 month old on our flight home on Thursday as all seats booked. What can be done about this?,"seats available. Can you DM us your booking ref, full name, email address and contact number? ^Sarah 2/2",Sun Oct 22 20:00:43 +0000 2017,True,False
2335763,2335760,How do I DM you? What email address ?? Just started to use Twitter !!!!,"You would need to send us a private message, Angela. Alternatively, you can contact our Customer Relations team using the following link: ^AlexL",Mon Nov 13 08:12:30 +0000 2017,True,False
529779,529778,I'm trying to contact you and for more than 20min no one picks up the phone! Your online booking is not working and I can't manage my booking and do check in! I'm disappointed with your service/support.,"Hi, Jose. Sorry you've been unable to get through. Can you not get logged in at all? If you can DM your full name, booking ref, contact number and email and we can take a look for you. ^Pip",Fri Dec 01 18:10:12 +0000 2017,True,False
1740145,1740144,LHR to NICE club out and economy back with Avios. What is my baggage allowance be as it’s two classes? Thanks :-),This link will help your further 2/2^Corry,Tue Nov 07 15:42:37 +0000 2017,False,False
2801240,2801239,wow Helen this evening has been nothing but outstanding with her help on a small booking. Justifies why I don’t even consider other airlines,"You're too kind, John. Thank you for your lovely comments. ^Helen",Wed Nov 22 00:05:30 +0000 2017,False,False
2338708,2338707,Hello - When I am trying to use the British Airways Avios Store to do shopping it always gives me an error.,"Hi Faiza, please can you send us the link for the offer you were registering for? You can DM this if you'd prefer. ^Gareth",Thu Oct 19 20:41:52 +0000 2017,True,False
1532394,1532392,When do the checkin counters open for delayed BA138 BOM-LHR today please? Thanks in advance.,will open 3 hours before departure. 2/2 ^JulieR,Fri Nov 03 13:52:57 +0000 2017,False,False
2182978,2182977,"hi, I need to make changes to a flight but can't reach any of the contact numbers. What's the best Swiss number to contact?","Hi Amar, could you DM us your booking reference, full name and phone number? ^Chris",Thu Oct 19 10:54:50 +0000 2017,True,False
2143065,2143064,Looking forward to my #dublin #flight after a busy few days,"We're looking forward to having you with us, Khristina! ^Kimbers",Wed Nov 08 20:25:57 +0000 2017,False,False
1900176,1900175,"my luggage will be delivered with delay, where should I send my request for essential items shopping refund?","Hi Lycia. If you've a world tracer baggage reference already, Please follow us back and send DM with name, reference and receipts. ^Oliver",Mon Oct 23 12:59:04 +0000 2017,True,False
655451,655450,Enjoying the 1st class lounge at T5....is it too early for ? 😎😁,"It's 7pm somewhere in the world, Marco! Enjoy. ^Lisa",Thu Oct 05 09:35:47 +0000 2017,False,False
1840141,1840143,"Trying again now, if I don't have any luck this time I'll take you up on that - thanks.","No problem, Mandie. Just let us know. ^Alex C",Wed Oct 18 09:28:24 +0000 2017,False,False
2892378,2892375,A little surprised that the IFE system was better in World Traveler than it was in Club World :/,This sounds unusual. Which flight were you on and when? ^Cecilia,Tue Nov 28 11:31:21 +0000 2017,False,False
1535227,1954925,BA Customer Service standards have been rolling back since long before this weekend. 3wks and counting waiting for reply to complaint,we can advise you further. Thanks. 2/2 ^JulieR,Sun Oct 29 12:02:52 +0000 2017,False,False
1708842,1708840,Hi - how long do I normally have to register the fact that you damaged my case on a flight? Only just noticed this evening,"We'd need to check you details, Mark. If you DM your booking reference, full name and contact details. Thanks. ^SR",Mon Nov 06 19:53:53 +0000 2017,True,False
438976,438975,Been hunting for my missing 84k Avios for 1.5 months now via Gold line. Could you help? Details:,"Please DM your full name, Executive Club account number, email and full address including postcode and booking. 1/2",Wed Oct 11 07:26:34 +0000 2017,True,False
2436904,2436903,BOAC loved their fleet of VC10 aircraft so much they featured them in tons of advertising. Lucky the aircraft is a bit sexy! BOAC is today so the glamour lives on! #avgeek,Great collection Trent. Thanks for sharing. ^Kit,Tue Nov 14 21:45:01 +0000 2017,False,False
2030858,2030857,"Hi, sorry my English I don't find my booking number of my booking flight (I was checked in my email) options to find it?","Hi Javi. If you made the reservation directly with us, please DM your itinerary, email and address, so we can have a look. ^Monica",Tue Nov 07 09:40:54 +0000 2017,True,False
1915110,1915108,Nice sunset at the other evening. #pilotview,"Thanks for sharing your pic with us, Mark. It's amazing! ^Linda",Tue Oct 31 15:51:45 +0000 2017,False,False
650016,650015,"hi folks, I upgraded my flight earlier on but it’s still not showing in my booking - can anyone help perhaps please?",and contact number. 2/2 ^Linda,Wed Oct 04 20:13:17 +0000 2017,False,False
99119,99121,I am not sure as it is in my work email and I'm not back until next week. it was for a refund of items we had to buy because my credit card Ba gave us didn't work,"I'm sorry to hear that, Joanna. Please DM us any other details you may have to help us locate it, any Executive Club numbers, email and postal address would be exceptionally helpful. ^Kimbers",Thu Nov 30 17:53:38 +0000 2017,True,False
1550418,1550420,Yes flight was busy but issue I have is selection process to hand bags in ? If you refused they wouldn’t take but we’re rude and insisted me,"I hope this experience hasn’t caused you much inconvenience, David. ^Monica",Sat Nov 04 12:45:01 +0000 2017,False,False
983575,983574,. We are flying with you on Monday and it is my daughter’s 7th bday. Any chance of a special treat for her?,"Hi Jennefer. Please DM us the details of the booking, including your booking reference, email and home address. ^P",Sat Oct 21 20:02:37 +0000 2017,True,False
330550,330549,our flight ba441 is delayed and our connecting flight is BA59. Can you make sure we take the flight to capetown tomorrow?,"Can you DM us your booking reference, full address and phone number? We'll make our team aware of your connection. 2/2 ^DaniH",Sat Oct 07 17:39:42 +0000 2017,True,False
2094982,2094984,Debit card unfortunately. I’ve spoken to 2 CS agents and 2 CA agents. It’s an extra 385£ for me 😢 no one seems to know how to track progress,"Hi Laura, please DM your booking reference, address and email. We'll look into this further for you. ^ Bm",Thu Oct 19 07:45:20 +0000 2017,True,False
1780594,1780593,absolutely appalling customer service - no reply for a complaint sent out on 14th Sep. No reply to calls.,"Hi, Irene. Let us look into this for you, Irene. Could you DM us your case ref, email and contact number please? Many thanks. ^Lisa",Tue Oct 24 14:15:54 +0000 2017,True,False
567866,567867,Citybags told us a few minutes ago they are still waiting for BA to pass the luggage over to them.,"Hi. If you could DM us your full name, WorldTracer reference, email and permanent address, we'll look into this for you. ^David",Sun Dec 03 10:33:41 +0000 2017,True,False
457474,457472,flying to CPT via JNB next Friday. Would my luggage be checked in all the way or would I need to collect before connecting for the domestic flight? Thanks,"If both flights are on the same booking, with the same ticket numbers, your bags will be checked through, Annelize. If you'd like us to double check this for you, please DM us your booking ref, email and contact number. Many thanks. ^Lisa",Thu Nov 30 22:15:04 +0000 2017,True,False
1925755,1925754,"paid Rory over fone 4 flights. he said i'd get conf email in 1/2 hour, that was hours ago. No bkg code given. V worried now",telephone number for security purposes. Thanks. 2/2 ^JR,Tue Nov 07 21:18:20 +0000 2017,False,False
1090193,1090192,Another flight booked. Off to Croatia for the first time,"We're looking forward to welcoming you on board again, Mark. ^Linda",Sat Oct 14 18:45:50 +0000 2017,False,False
1273372,1273374,"Still waiting. In meantime, I’ve had zero problems flying with your budget competitors (, , , ).",for security purposes. Thanks. 2/2 ^JR,Thu Oct 26 14:49:47 +0000 2017,False,False
1033959,1033955,"Ticket desk at Heathrow ""We're here to help"" not really helpful getting us to contract destination.",Can you provide us with more information about what's happened? ^Leanne,Mon Oct 23 05:58:14 +0000 2017,False,False
891595,891598,"I’ve tried that form, it says it’s for food and drink only!","Also, please confirm details of your complaint. Thanks. 3/3 ^Liz",Sat Oct 14 23:55:10 +0000 2017,False,False
1115278,1115277,"Hello, can you please confirm me how many checked luggage I have included on my reservation JPDWAP ? Thank you!",number. Please send this info via DM. Many thanks. ^Lisa 2/2,Fri Oct 13 21:39:40 +0000 2017,True,False
287323,287321,Hi Natalie - thanks for replying. I would like to speak about the project Im helping mentor on &amp; BA being part of it,information you need 2/2,Sun Oct 01 17:52:42 +0000 2017,False,False
161538,161537,Excellent service last night/ today on the BA 251 LHR-SCL great plane #B787-9 great to fly direct from UK to the amazing Chile capital (just need free wifi and I would have sent this from the air 🤔🛫🇨🇱),"That's great to hear, Ade. We hope you enjoy Santiago! ^Paul",Fri Nov 24 16:14:41 +0000 2017,False,False
370481,370482,i alrady did online checkin and now want to change my seat. how do i do that?,"Hi, you would have to speak to the airport to change your seat number. Alternatively, you can DM us your reference, full name and (1/2)",Mon Oct 09 02:00:59 +0000 2017,True,False
2469221,2469223,About to ask a stupid question: How does one DM you? There's no button at the top of your account to do so. Do you have to initiate the conversation?,"Hi Hannah, we're following you, so you should be able to DM us. ^Karen",Wed Nov 15 13:27:47 +0000 2017,True,False
439344,439346,I need to change a flight for an emergency and can't access 'manage my booking' - could you please help me?,"Can you DM us your booking reference, full name, full address and phone number? 2/2 ^DaniH",Wed Oct 11 07:28:02 +0000 2017,True,False
1429001,1429000,Thanks for the amazing service. It was first time for me on BA. I travel a lot and BA delivered exceptional service.,you can do so here: 2/2 ^Liz,Wed Nov 01 19:42:16 +0000 2017,False,False
232260,232262,"Hi trying to book flights with evouchers. Codes not working, called &amp; couldn't fix. Told to call C.S but no answer - help!","Apologies for our late reply, Lucy. We'll take a look into this for you. DM us your case ref, eVoucher number, email address 1/2",Thu Oct 05 08:04:18 +0000 2017,True,False
1664597,1664595,"I have an expiry date of 5 March 2017, does both the Outbound and inbound legs of the 241 voucher need to be used by then?","What voucher do you hold, Adam? ^Alex",Mon Nov 06 08:16:29 +0000 2017,False,False
2009727,2009726,"Still waiting on my luggage to arrive in Vancouver, The wedding I came for is tomorrow. nothing to wear plus dinner tonite",We're sorry to hear you are still without your baggage. If you want to purchase a replacement outfit and DM us the receipts we can look 1/2,Sat Nov 04 17:35:04 +0000 2017,True,False
2369134,2369133,looking at changing flight time to go an hour earlier is this possible and how much? Manchester to Heathrow,"Hi Liz. Sorry for the late reply. DM your booking ref, email, home address with post code and telephone number. We'll take a look for you and let you know. ^N",Mon Nov 13 19:11:09 +0000 2017,True,False
1910447,1910446,Looking forward to my flight tonight to London. On my way to keynote conference in Stockholm.,"Have fun in Stockholm, Bryan! We'll see you soon! ^Lolly",Tue Nov 07 22:46:50 +0000 2017,False,False
1015086,1015087,"Yes, but you have been saying ""soon"" since I submitted my complaint. Care to give any indication of when I can expect a response? Thanks","Hi Jessica, can you DM us your case ref, email address and telephone number and we'll look at the status of your complaint? ^Linds",Tue Nov 21 20:19:12 +0000 2017,True,False
1738488,1738487,soon be Saturday and on BA55 to JNB for our Silver wedding anniversary #clubworld can’t wait 😊,and we'll see you on Saturday! 2/2^Corry,Tue Nov 07 07:25:55 +0000 2017,False,False
364948,364949,in transit for 30 hrs. Farce of missed connections &amp; cancellations. Now stranded in Zurich. Who can help us right now BA?,been able to re book you? 2/2 ^Rach,Sun Oct 08 17:25:06 +0000 2017,False,False
232972,232971,I am trying to book a flight using Avios but the option is not available. When is it going to work?,company's access charge Daily 07:30-21:45. 3/3^Cody,Thu Oct 05 10:04:31 +0000 2017,False,False
1982245,1982243,why is your system down?! I was in the middle of a booking &amp; your system says I've got no Avios &amp; charging more. Ugh!! 😢😠,"We're sorry about the issues we're having. Please DM us any reference you have, your full name, address, date of birth and telephone no. ^J",Thu Nov 02 15:48:00 +0000 2017,True,False
435329,435330,Hey I’m having trouble at the moment logging into ‘manage my booking’ at the moment. Any ideas? 1/2,"We can take a look for you. We're now following you. Please follow us back and send DM with your full name, booking reference and 1/2",Tue Oct 10 16:23:25 +0000 2017,True,False
1538943,1538942,very handy for the 1745 flight 🙄,feedback. Sincere apologies once again. ^Lisa 2/2,Fri Nov 03 16:13:53 +0000 2017,False,False
321281,321280,"hi, how can I confirm that husband and I have baggage allowance each for flight next week please?","Hi there, can you please direct message, your full name, booking reference number and email and we can take a look. ^Tom",Sat Oct 07 05:17:54 +0000 2017,True,False
1948067,1948066,been waiting 2 receive compensation since 30th August. So disappointed by whole experience W/BA!Can some1 pls get bk 2 me?!,"We're sorry to hear that, Amma. Please feel free to DM us some more information. So we can help please send us your booking ref 1/2",Mon Oct 30 09:34:00 +0000 2017,True,False
1549985,1549984,worst trip to London I've ever had! Ruining my GF's 30th birthday! Lost our luggage and we've been without our clothes for about 40 hours now. This is ridiculous! She's lost her dress and we're scrambling for a special dinner tomorrow,"Hi there, this is concerning to hear. If you can DM us your full name, booking reference, World Tracer reference, bag tag number, email address and home address we can look into this for you. ^Cody",Sun Nov 19 17:49:39 +0000 2017,True,False
2536533,2536532,"I filed a complaint 1 month ago (16.10) and as of yet have not received a response, apart from the generic ""we've received your message"" email. When can I expect a reply? Is this really your 'To Fly. To Serve' promise? #customerservice #slowprocess #pleasehurryup","Hi Amy. Please DM your case reference, email and address so we can have a look. Thanks. ^Monica",Thu Nov 16 17:25:06 +0000 2017,True,False
660077,660076,#AbuDhabiGP Are we there yet? NO! 😡Thanks to for cancelling our flight from ABZ to LHR! Gutted beyond words! No pit lane walk or the chance of a wee selfie for my amazing Dad with tomorrow,"Sorry to hear your flight has been cancelled, Fiona. Have you managed to get re-booked? If not and you need assistance, please DM us your details. We'll need your booking ref, email and contact number. Many thanks. ^Lisa",Wed Nov 22 19:32:28 +0000 2017,True,False
2644841,2644842,"i have been and i was promised by the airport that it was in london and i would have it by sunday, now its tuesday and i still have nothing",and contact number. 2/2 ^Linda,Tue Oct 31 10:28:39 +0000 2017,False,False
1568354,1568355,can I get some assistance with an enquiry please?,"number for Data Protection. We can assist you. If you don't have a booking, please just DM your question. ^Kit 2/2",Sat Nov 04 11:53:43 +0000 2017,True,False
433349,433348,Afternoon we are flying with yourselves in December. How would we go about ordering a vegetarian meal if possible please,"We could take a look, Dawn. Just DM your booking reference, full name and contact number. ^SR",Tue Oct 10 13:11:34 +0000 2017,True,False
382081,382082,I was originally told if I went to a BA flying airport I could pick up compensation sadly I live 130miles from one.... how does that work? 😡,their investigations. Thanks for your patience. 2/2 ^Liz,Mon Oct 09 14:48:49 +0000 2017,False,False
1150126,1150127,"OK, thanks for the info. That's a shame - we'll have to book a non-BA from JNB as we might not make the connection for the BA option.","I’m sorry we can’t help you on this occasion, Kash. ^Davina",Sun Oct 29 10:29:17 +0000 2017,False,False
2039250,2039249,been on hold now for 67 mins trying to add an infant to a flight been transferred 3 times now. #badcustomerservice,"HI Richard, if you can DM us your full name, booking reference, email address and home address. We can look into this for you. ^Cody",Thu Oct 05 10:14:18 +0000 2017,True,False
232982,232981,How do I get from Heathrow T5 to the Waterside HQ? I couldn't find a timetable online.,"Are you a staff member, Ali? ^Leanne",Thu Oct 05 11:09:08 +0000 2017,False,False
171965,171967,Brilliant guy at Swissport went to the plane and got it. Thanks a lot,"That was a stroke of luck, Pat! Enjoy. ^Lisa",Fri Nov 24 22:31:52 +0000 2017,False,False
2771557,2771556,. is the flight LCA- LHR considered short haul flight?,It's short haul. ^Gill,Tue Nov 21 12:24:50 +0000 2017,False,False
2506524,2506522,"Please help me, I need to change my 0710 flight for tomorrow &amp; the number on ur website is not in use!","That should be no problem. Please DM us your booking reference, email, address and full name. Please head your reply 'imminent travel' and we'll ring you if you give your mobile number. ^Julie",Wed Nov 15 19:42:54 +0000 2017,True,False
313559,313558,not impressed that you cancelled my flight and still haven’t actually told me. Luckily I tried to check in online..,"I'm sorry to hear that, Allie. Can you DM your reference, email and postal address, to see if we can help? ^Marie",Sat Oct 07 04:52:05 +0000 2017,True,False
1842445,1842446,still waiting... now 14 weeks since the date of travel. Surely there is a KPI that has been missed several times over...,they'll be in contact. ^Marie (2/2),Tue Oct 17 20:09:29 +0000 2017,False,False
77061,77060,"Trying to fill out my API for flight on sat but keep getting an error message saying ""we found some problems..."", no errors shown","Hi Christina. I'm sorry to hear you're having issues online. So we can take a look at this for you, please can you follow us and DM your full name, email address, booking reference and the details you're trying to add too? Thanks. ^Kev",Thu Nov 30 10:30:24 +0000 2017,True,False
2169442,2169443,Sincere apologies doesn’t really help when you’ve split us up all over the cabin without telling us and have started off our holiday to New York on a bad note. No offer of any sort of upgrade or kind gesture offered. Won’t be flying with you again.,"Please DM your booking ref, email and full name. We'll take a look at what happened and may be able to refund seat charges. ^Hel",Thu Nov 09 22:12:53 +0000 2017,True,False
2885131,2885130,"I just made an app booking but got an error message. Was told to contact BA to check its confirmed, pls DM me for help, thx","We'll need to check our system to see if your booking was successful, Eve. Please DM your flight numbers, route, dates of travel, home and email address. We'll take a look for you. ^Steph",Tue Nov 28 10:30:48 +0000 2017,True,False
1521395,1521394,"trying to change flight online, yr page to confirm booking not working. Change by phone works but £30 added. Disappointed","Hi Denise, could you DM your booking reference, email and contact number so we can take a look? ^Kimbers",Fri Nov 03 12:37:15 +0000 2017,True,False
846086,846085,Always forget how vast Frankfurt airport is. 15 minute taxi to the Southerly runway last night. Flying into EGLC. #avgeek,We hope you have another great flight today! ^Liz,Fri Oct 13 09:06:36 +0000 2017,False,False
2324966,2324969,Thanks Alex. I was calling as I was getting this error message when logging in to my booking. I called at 11:01 this morning from (00353)14003400 . I've listened back to the recording and the agents name is inaudible. It sounds like Raul,"Hi Stephen, please can you DM us your ref, email and home address? We'll see if we can help you. ^Ems",Mon Nov 13 13:36:02 +0000 2017,True,False
943333,943332,can you direct message me please,Hi Marcus. Sorry for the late reply. We're following you now so you can DM us your query. ^N,Tue Oct 10 21:18:07 +0000 2017,True,False
130664,130663,"I'm at BA Galleries Club Lounge South - in Hounslow, London","Exciting times, Luca. Where are you off to? ^Chris",Fri Nov 24 06:19:17 +0000 2017,False,False
2614992,2614993,"Trying to finalise RWT costs, use of #avios Despite multiple calls emails, promises to respond - silence - not #bamagic","Hi there, we're sorry to hear you feel this way. If you've already got an existing booking please DM us your full name, booking reference, email address and home address. Alternatively, if you're looking to create or 1/2",Fri Nov 17 12:27:47 +0000 2017,True,False
652739,652742,calling regarding a cancelled flight for tomorrow - 20 minutes waiting on your phone line so far!!!,number. We'll arranged to call you back. 2/2 ^Linda,Sun Oct 15 16:22:46 +0000 2017,False,False
2692562,2692564,It's not feedback I wan't/ I want back the money your website said it would not charge!,"Hi Mike, if you can DM us your full name, booking reference, email address and home address we can look into this for you. ^Cody",Sun Nov 19 17:04:00 +0000 2017,True,False
456397,456396,hi I am trying to book holiday to Turkey. I wanted to ask if I'm able to pay in installements if so what has to be the amount of trip,Many thanks. ^Lisa 2/2,Thu Nov 30 21:44:38 +0000 2017,False,False
1910440,1910441,Still no reply from Holidays to my ruined 25th Wedding Anniversary. Guess it is true that they don’t care #goldmeansnothing,"Hi Karen. As already advised, we'll be happy to see if we can help. Please DM us your full name, booking reference, email...1/2",Tue Nov 07 22:52:26 +0000 2017,True,False
764745,764747,booking ref LYHXYJ unable to check my bag in online. Please can u help,"Hi Anita, we're unable to view your booking ref. DM us your flight details, email address and contact number. We'll take a look into 1/2",Sat Oct 07 12:26:12 +0000 2017,True,False
1891867,1891868,Hey thank you for your calls and for solving my issue! Your social media team is great! 🔝💪🏻 #greatservice,"That's great to hear, Fabrizio. ^David",Tue Nov 21 21:13:01 +0000 2017,False,False
189441,189440,"Shout out to the amazing baggage service at GLA! Bag got delayed, but delivered same evening even outside normal biz hrs","That's great to hear, Thiemo! Apologies for the delay though. ^Lisa",Wed Oct 04 16:10:38 +0000 2017,False,False
908262,908263,Hi Are there problems with yr phone lines? Been calling no. on website to change booking for 24 hrs and line is going dead.,"Hi Francesca, we can certainly help you change your flight. Please DM your full name, booking reference, email address, postal address, and",Tue Oct 10 12:09:56 +0000 2017,True,False
1941046,1941047,Is there any way that you could check directly with them 4 me? You might get further information than me. Much appreciated.,reunited with your iPad soon. 2/2 ^JulieR,Sun Oct 29 13:11:20 +0000 2017,False,False
321290,321292,"BTW I’ve achieved Silver status again, but my account isn’t showing it. How long does this take to activate? Ta!","please DM your Executive Club number, your date of birth, full home and email address. We'll look at it for you. Thanks. 2/2 ^Liz",Wed Oct 11 08:27:33 +0000 2017,True,False
348702,348700,"why did i get two calls at 3am this morning from a guy in Arizona, saying he was from british airways?","Hi Kath, have you booked a flight with us? ^Linda",Sun Oct 08 06:53:47 +0000 2017,False,False
1807136,1807135,well done for booking my 1 year old son on separate seats to us. Then leaving it to us to beg customers to change seats.,"This isn't good to hear, Aki. Could we take a look at your booking? Please DM us your booking ref, email and contact number. Many thanks. ^L",Sat Oct 14 03:13:45 +0000 2017,True,False
2190024,2190023,"have received refund for cancelled reward flight, want to provide death certificate to reimburse fees. Where to send?!",Executive Club number too? Thanks. ^Kev 2/2,Thu Nov 09 18:08:52 +0000 2017,False,False
607125,607124,I am disappointed this was apparently signed for publicity and not with integrity:,"Hi Henry. I've tried to send you a DM. However, it shows that you’ve stopped following us. Please can you follow us again and I'll send further information. Thanks. ^Liz",Tue Nov 21 20:30:26 +0000 2017,True,False
328646,328645,"I booked a flight but arrival/departure airports are different,If I can't make the transfer on time, do I have insurance?",the passenger. ^Kit 2/2,Sat Oct 07 14:21:37 +0000 2017,False,False
1560659,1560658,we are travelling with you and using one of your packages for our honeymoon and we’re wondering if we can have an upgrade?,We hope you have a super time. 2/2 ^Teresa,Fri Nov 03 20:49:52 +0000 2017,False,False
1920766,1920765,Do u have any bug bounty program? I discovered a security bug and would love to report it :),"We don't have a programme, Andy. If you have noticed anything that concerns you, you can DM and we can feed it back to our Web Support team.",Thu Oct 26 13:05:08 +0000 2017,True,False
2167094,2167093,My ride to - Must be a bit warm on the flight deck today.,"Great photo, Steven! Thanks for sharing! ^Karen",Thu Oct 19 11:21:59 +0000 2017,False,False
1972637,1972636,transferred Chase UR to Avios over 30 mins ago. Chase sent me conf &amp; said it's instant but they're not showing on BA. HELP?,"If you DM us your Executive Club membership number, full name, full address and email address, we can follow this up, Kate. ^Alex",Wed Nov 01 00:28:54 +0000 2017,True,False
1617591,1617586,". Yesterday booked flights, paid via paypal but I haven't received e-ticket. Transaction on pending. 0-1Ej29077nb747515s","Hi Amro, please can you DM us the date and route you've booked? We'll also need your email address to clear data protection. Thanks. ^JP",Sun Nov 05 08:51:17 +0000 2017,True,False
2383078,2383080,You lost my reservation!! That is a new issue - nothing to do with the previous fiasco #BAdisgraceful,"Hi Sue, we're sincerely sorry for any difficulties this caused. ^Paul",Tue Nov 14 09:38:22 +0000 2017,False,False
167454,167453,"Textbook greaser landing on a crisp, beautiful morning! Happy #wingfriday avgeeks 🤓👨🏻‍✈️✈️","Great pic, James. Thanks for sharing, have a great weekend. ^Lisa",Fri Nov 24 18:05:17 +0000 2017,False,False
2478704,2478703,hello. My flight is cancelled tomorrow will BA pay expenses for hotel?,"We're sorry to hear that. Please DM us your booking reference, full name, address, email and your mobile number. We'll look into the issue for you and give you a call. Let us know if this afternoon or evening is convenient to call. ^Julie",Wed Nov 15 13:48:34 +0000 2017,True,False
2882918,2882917,how to I ensure my On Business number is attached to my booking? I only see a Business Extra link and it doesn’t take the full number,"Hi, Ainslie, you'll need to contact our On Business team: ^Cecilia",Tue Nov 28 08:23:05 +0000 2017,False,False
1969753,1969754,71 days of incompetence!My claim for compensation was approved over 2 months ago.Still waiting for payment .😡Case# 16917320,"without any issues. However, if you do experience any issues, please DM us and we’ll look into it for you. ^Kieran 2/2",Mon Oct 30 18:48:47 +0000 2017,True,False
2162547,2162549,Can I place a drone in my hold luggage ?,further information too. Hope you find this useful. ^Kev 2/2,Thu Nov 09 11:43:04 +0000 2017,False,False
1521389,1521386,about to check in Pisa to LHR. Connecting flight to LBA cancelled. Offered flight 2moro. Can I cancel 1 leg and catch 🚂,changed. We hope this helps. 3/3 ^JulieR,Fri Nov 03 12:25:52 +0000 2017,False,False
1623058,1623060,That's nice. And are there any plans to honour the points for all the travelers who were misled by the wrong information on your site??,"Can you DM more details of any flights that haven't credited to your account? We'll also need your Exec number, 1/2",Mon Nov 06 19:40:07 +0000 2017,True,False
235906,235905,"Hi this is the 1st time I'm doing a checkin on BA and I d'like to be sure I didn't do any mistake w luggages, can u help?","We certainly can, Matt. DM us your full name, booking ref, email address and contact number. ^Linda",Thu Oct 05 11:38:58 +0000 2017,True,False
981695,981694,"Thanks, will keep you posted. I'm on the EWR - LHR late on the 28th of October! Looking forward to reviewing #ClubWorld!","We're looking forward to welcoming you on board again, Colin! ^Anthony",Sat Oct 14 00:39:44 +0000 2017,False,False
2796464,2796463,Hi just made a booking but unsure if it's gone through. It leaves tomorrow morning so I need to speak to someone urgently. What is the best number? Website numbers all close at 8,"Hi Tom, we're sorry for the delay in getting back to you. We can take a look at this for you if you can send us a DM? Please DM your full name, flight number, email address and contact number for security purposes. Many thanks. ^JulieR",Tue Nov 21 21:18:33 +0000 2017,True,False
441732,441733,is there an issue with 'manage my booking' i can't log in!,"Sadly there was, Francesca. This issue has been fixed. 1/2",Wed Oct 11 07:36:03 +0000 2017,False,False
2675805,2675804,"directed to your site from kayak and the flights being advertised have an error, already booked the first leg.. Any ideas?",You can find the contact number here: 2/2 ^Sophie,Tue Oct 31 09:13:34 +0000 2017,False,False
432476,432479,"No I booked directly with yourselves! I called up asking for details, he said I can only pay at the airport.",number. Many thanks. ^Lisa 2/2,Thu Oct 12 09:30:55 +0000 2017,False,False
2174590,2174591,I sent complaint 18.10.17 &amp; I’ve chased by email twice. No response. Paid for upg but had no entertainment. Please refund.,"We're sorry you haven't heard from our Customer Relations team yet, Kati. Please DM your case reference, full name, booking reference 1/2",Thu Nov 09 13:18:50 +0000 2017,True,False
12670,12669,tried to check in online flying to Heathrow from Manchester onto JFK But unable Informed to get boarding pass with carrier,...airport. We're sorry for any inconvenience this may cause. 2/2 ^Lolly,Tue Oct 31 19:20:00 +0000 2017,False,False
2820582,2820581,I emailed u on the 15/11 with a question autoresponse says it will take a few days to reply still waiting 😡😡😡😡,"Hi Robert, please DM your case reference, address and email. We'll check for an update for you. ^ Barbara",Sun Nov 26 21:04:33 +0000 2017,True,False
2132746,2132748,thanks - I have reported it at the airport. Should I do this as well please?,"If you can DM us more details we can give you a call to discuss this. The reference the airport gave you, 1/2",Thu Nov 09 05:08:27 +0000 2017,True,False
1336253,1336252,"Hi, can you please dm me regarding compensation for a cancelled flight? I haven't heard back from my online claim.",been fully reviewed. 2/2 ^Linda,Mon Oct 16 08:14:57 +0000 2017,False,False
2471517,2471516,Hi Ho Hi Ho its of to #London i go 👌,Enjoy your flight Daniel! ^Karen,Wed Nov 15 10:39:46 +0000 2017,False,False
2860885,2860884,"Rarely angry about poor customer service. Usually 'meh'. Received this fr Cust Serv ""...sorry we asked you to check part of your hand baggage into the hold"". My complaint was about agent who shouted at my wife &amp; kids. Congrats. U ducked the apology &amp; I'm LIVID","We're sorry to hear this, Christopher. We can certainly have a look at it to see why our response went wrong. Can you send a DM with your reference, full name and email address? ^Stephen",Mon Nov 27 20:05:31 +0000 2017,True,False
285888,285890,Yes got booked with Flybe!,"That's good to hear, sincere apologies for any disappointment. ^Lisa",Fri Oct 06 14:25:18 +0000 2017,False,False
2837350,2837349,why can I not change seat from a baby cot one to a different baby cot one on my BA0195 LHR-IAH flight? Why am I even in a baby cot seat?,"Hi there. If you DM us your full name, booking reference, email address and contact number we can take a look for you. ^Davina",Mon Nov 27 09:17:46 +0000 2017,True,False
